Date,US,EU,EM,Tech,EU HY,Me A Ee
2023-02-01,0.010019799604008117,0.0017241379310346527,0.019531889355665966,0.001170275014628519,0.0014177693761814325,-0.0023000000000000798
2023-02-02,0.014197457526434532,0.016637980493402038,0.010060469845347031,0.04734073641145553,0.00976875884851336,0.005111757041194709
2023-02-03,0.0031043167574533737,0.003950338600451575,-0.011708609271523174,0.0016741071428569843,0.0019628919942047407,0.0
2023-02-06,0.0029195375452528705,-0.01236649803260248,-0.017958614774311155,-0.014206128133704699,-0.0010261672652642773,-0.003091344236138882
2023-02-07,0.0033185840707965486,0.0011383039271484208,0.011681860363557117,0.001977959875671065,0.00018676752112822825,0.002200660198059312
2023-02-08,0.011025358324145307,0.0,-0.00048562024496845435,0.0014100394811054073,0.00028009896830205605,-0.0031939315300927307
2023-02-09,-0.004591631751133418,0.009664582148948275,0.0033470092852516675,0.0030977189524077353,0.0014934428524757681,-0.0037048162611394986
2023-02-10,-0.007207518883699526,-0.011261261261261368,-0.0021521575379318536,-0.015160022459292488,-0.002935831119809884,0.0
2023-02-13,0.009408758276222562,0.010250569476081939,0.0005931198102016033,0.0051311288483466555,-0.001121704991587258,0.006432160804020093
2023-02-14,-0.0008630609896432828,-0.0005636978579480756,0.0031255052001941674,-0.003403289846851898,-0.00023395096387801573,-0.0038945476333133167
2023-02-15,0.0011517420097897357,0.00958826847151717,-0.011496105291431746,0.01252134319863396,-0.0009360228389572178,0.0005012531328321135
2023-02-16,-0.0035087719298244613,0.004469273743016755,-0.0008151730884189412,0.002529510961214232,0.00042160490935505557,-0.00010020040080149784
2023-02-17,-0.0062341260678827615,-0.00556173526140169,-0.00614598063744165,-0.02354920100925162,-0.002107136167821655,0.0
2023-02-20,0.0,-0.0005592841163309936,0.0009850599244787261,0.003445305770887197,-0.00014077237107601448,-0.005110732538330498
2023-02-21,-0.007086431226765777,-0.005036373810856198,-0.005412497949811468,-0.01602288984263245,-0.0042237657217946145,-0.0069500402900886105
2023-02-22,-0.006903006903006936,-0.0016872890888639525,-0.011543535620052725,-0.002617039837162105,-0.0031576962955981447,-0.002434323967948182
2023-02-23,0.009248350612629741,0.005070422535211172,0.01473695918140372,0.0020408163265306367,0.0034040943690605285,0.0019318759532283014
2023-02-24,-0.010039105819179328,-0.020179372197309364,-0.013152847043349625,-0.0034914169333720713,-0.000659661687791524,0.0
2023-02-27,0.008902776958905623,0.01659038901601817,-0.007386016549119745,0.005255474452554809,0.0004714979489839344,-0.009843718286990155
2023-02-28,-0.011979897148200136,-0.0022509848058525073,-0.0034687255231061753,-0.001452221899506112,-0.0016965926763748973,0.00102490519626941
2023-03-01,-0.004376885313775225,-0.005640157924421962,0.002414102852009936,-0.0043630017452008785,9.441533304999083e-05,0.010750486331524423
2023-03-02,-5.940711697272061e-05,0.00623936471922848,-0.0005040604872584842,0.005550686532281857,-0.0019825348123672093,0.002127228525121705
2023-03-03,0.015506178707224372,0.012401352874859217,0.0006724195898240026,0.021789657176060517,0.0018445821312016442,0.0
2023-03-06,0.009243549991224453,0.00445434298440972,0.0012319408668384213,0.00796133067955651,0.00415447077707487,0.00808652582634184
2023-03-07,-0.0019129325836182431,-0.0077605321507761005,-0.0026286353467561696,-0.009590973201692665,0.0012693935119887367,-0.0023062268123934526
2023-03-08,-0.0031943315135324335,0.0022346368715084886,-0.000672909774014463,0.0045571062375393545,-0.0008921444334882844,0.0004020100502513113
2023-03-09,0.0031463030938647663,-0.0005574136008918984,-0.013355030581897687,-0.0025517436915226677,-0.0013159131497321175,-0.0017078561382358748
2023-03-10,-0.03781146541209268,-0.013385387618516376,-0.026161633395893835,-0.030130756111427015,-0.0040000000000000036,0.0
2023-03-13,-0.010322346975733532,-0.03165630299604305,0.003036851019097231,-0.017291910902696217,-0.005764233404205066,-0.026265472476602603
2023-03-14,0.01415065568770979,0.020431990659661503,-0.014905385735080046,0.01640322099612268,-0.00023760870598299455,-0.006924348904505995
2023-03-15,0.002105009923618173,-0.03489702517162463,0.007388143507299549,-0.004694835680751019,-0.008080616028139476,-0.0024976584452076622
2023-03-16,0.011163125675188956,0.020746887966804906,-0.006981929124618591,0.023584905660377187,-0.0007188039102933308,-0.00845070422535199
2023-03-17,-0.0023148148148147696,-0.012775842044134622,0.007208271787296994,-0.00691244239631339,-0.0019661439601016406,0.0
2023-03-20,-0.004818847046225261,0.013529411764706012,-0.009209831641931121,-0.004640371229698292,-0.00884105323851625,-0.001473063973064015
2023-03-21,0.0040052606408416125,0.015089959373186135,0.010420367081112936,0.00786713286713292,0.011004459957339563,0.006322444678608985
2023-03-22,0.005239654659124904,0.004002287021154904,0.006855736552209057,0.0,0.0031647087029489374,0.010890052356020918
2023-03-23,-0.005745424391399578,0.0028473804100228595,0.0016877146016411881,-0.0002891008962129238,-0.0005735863486449055,0.002589600165734396
2023-03-24,-0.0041105683307519625,-0.017603634298693827,0.004183128050197604,-0.002024291497975672,-0.00401740877134249,0.0
2023-03-27,0.011844230424119306,0.008092485549132888,-0.006769266373524707,-0.003477252970153555,-0.004945978391356576,0.004029341874160597
2023-03-28,-0.011291752882057304,0.0011467889908256534,0.012873536436185828,-0.0055248618784530246,0.006563073062445746,0.005556698909240598
2023-03-29,0.008430997369050397,0.014891179839633395,0.006498734759604385,0.016959064327485285,0.0020615591140089595,0.0
2023-03-30,0.003379780610732297,0.012979683972911937,0.00257128164104925,0.011213341000575028,0.004497392469259731,0.005730659025787954
2023-03-31,0.006854981680652461,0.008913649025069637,-0.00039895132793810184,0.011941996019334766,0.001762324362943657,0.0
2023-04-03,0.009860312243221037,-0.002208724461623346,0.0026797422886140065,-0.006181511660579009,0.0021395968048687486,0.011803011803011687
2023-04-04,0.002208531907474054,0.0005534034311012181,-0.0022745365631753334,-0.0073508623126943284,0.0009489016463442024,0.006536604987932515
2023-04-05,-0.01270006958942238,-0.0016592920353980523,0.003248603670352068,-0.011107946454001705,-0.0023226051097312572,-0.004895593965431155
2023-04-06,-0.0008810572687224516,0.001108033240997175,0.004715105379764939,0.0011520737327188613,0.005606233371341807,0.001506024096385561
2023-04-07,0.0,0.0016602102933038765,0.0,0.004315304948216303,0.0,0.0
2023-04-10,0.0,-0.0016574585635359407,0.0,-0.001432254368375796,0.0,0.0
2023-04-11,0.004291593180482112,0.005534034311012848,0.01373968110369761,-0.002008032128514081,-0.005055277331569519,-0.00020050125313275657
2023-04-12,-0.0016975940993971816,0.0005503577325260967,0.0028445535166490288,-0.009198045415349299,0.0008072558051188672,0.000802165847789027
2023-04-13,-0.009675149525038118,0.0066006600660066805,-0.011179087875417215,0.0008703220191470518,0.0014708673372556547,-0.0015028554253081472
2023-04-14,0.01651962816034125,0.008196721311475308,0.006918274368637345,0.003768115942029082,0.001516084711233212,0.0
2023-04-17,0.00378611369990689,-0.004878048780487809,0.006423863255502038,0.006641640196361376,0.0001419177822981066,0.015452538631346657
2023-04-18,0.0022050716648289725,0.0038126361655772545,-0.003996225786756957,-0.0034423407917383297,0.0016081733043231683,0.0005928853754941787
2023-04-19,-0.00399513635574078,0.0,-0.014934522151016871,-0.004029936672423684,-0.0009444654325651003,-0.005727829350187563
2023-04-20,-0.0014533193814673107,-0.0021703743895821193,0.0021496860326979395,-0.003757225433526079,-4.7267914539572686e-05,0.0
2023-04-21,-0.00023286953484324968,0.0054377379010330795,-0.004064352243861147,-0.003481288076588318,-0.009312219333490912,0.0
2023-04-24,-0.0027368543644092913,0.0,-0.011959417332653266,-0.012227074235807933,0.009399751884721752,0.0
2023-04-25,-0.005371949083265104,-0.004326663061114067,-0.013308857273978902,-0.0047155909224874115,-0.00023635074450489846,0.0
2023-04-26,-0.014265586474110692,-0.005975013579576305,-0.006744186046511613,-0.005922416345869208,-0.0022695035460992274,-0.00715137067938032
2023-04-27,0.009231135727473028,0.003278688524590123,0.020135799578552938,0.008042895442359255,0.0053549426594634575,0.010604241696678729
2023-04-28,0.013749557417679581,0.002723311546841023,0.0067707137938948225,0.007978723404255206,-0.0008955927409851627,0.0
2023-04-30,0.0,0.0,0.0,0.0,0.0,0.0
2023-05-01,0.008906222713778389,-0.0010863661053774898,0.0,0.005570214013485675,0.0,0.0
2023-05-02,0.004211862450957948,-0.014138118542686318,0.003305596717200432,-0.014285714285714124,0.0011794678241177081,-0.0004949514947535372
2023-05-03,-0.01396150531456486,0.0038610038610038533,-0.008236764371733596,0.0014788524105293632,4.7123132745907625e-05,-0.009804892542339294
2023-05-04,-0.01031348327700743,-0.004395604395604269,0.012429119651755416,-0.006202008269344361,-0.00037696729808700535,0.0028005601120224544
2023-05-05,0.011716220194289084,0.013796909492273635,0.010975333785924413,0.012481426448736954,0.0004242481380221097,0.0
2023-05-08,-0.0004073556797019595,0.003810560696788201,0.006883044208170208,0.006457293806868103,0.0005183056118363005,0.007580291242768711
2023-05-09,0.009547650928567242,-0.0048806941431670525,0.0,0.0002916302128899151,0.0,0.002969708968521001
2023-05-10,0.00034600080733526717,-0.003814713896457822,-0.009614850219529902,0.0037900874635570236,-0.00018837713101627074,-0.0068101065929727644
2023-05-11,0.003285870755750153,0.001094091903719896,0.002693602693602859,0.0011617775196048896,0.0005652378709373185,-0.0037762098777700537
2023-05-12,0.0065502183406114245,0.003278688524590123,-0.002686366689053199,0.0029010733971570613,0.00042368891818100884,0.0
2023-05-15,-0.0013129352665830485,0.0,0.0081930415263749,0.004917558576800651,0.0004235094819067253,-0.003990024937655878
2023-05-16,0.002743641040297229,0.0,0.009128353556718372,0.004605641911341385,-9.407337723410514e-05,-0.00020030045067598312
2023-05-17,0.005130251382317708,0.0016339869281045694,-0.0012134583563154777,0.008022922636103269,0.0007526578229373193,0.005008514474606818
2023-05-18,0.013554131458061613,0.010331702011962873,0.0,0.02075042637862423,0.0,0.0003986843416725616
2023-05-19,0.011190689346463722,0.006458557588805203,0.005964214711729587,-0.0016708437761068229,0.0029143555513773123,0.0
2023-05-22,-0.0042054006197431715,0.0,-0.0010430390865173722,0.006694560669456173,0.001452943382077132,0.007970509116269842
2023-05-23,-0.004667703934207568,-0.008021390374331472,-0.004066604385338346,-0.0022166805209200557,-0.0008892216970094458,-0.0037560541662547964
2023-05-24,-0.014738722644037638,-0.01994609164420491,-0.008276775368316502,-0.01805054151624541,-0.002529510961214121,-0.00496080960412737
2023-05-25,0.01524252039891194,0.0011001100110010764,0.00556390140766716,0.009615384615384803,-0.0008453085376162184,-0.005184963605543991
2023-05-26,0.011218395936819947,0.015934065934065877,0.007027056935760667,0.025490196078431282,0.00018800526414741725,0.0
2023-05-29,0.0,-0.0037858301784746695,0.0,0.0016388964763727198,0.0,-0.0022050716648290836
2023-05-30,0.007561541008941353,-0.005428881650380135,-0.0059890109890110566,0.001636214889555454,0.002396616541353369,-0.0015067805123052391
2023-05-31,-0.004765817584223564,-0.016921397379912606,-0.0033165662484108127,-0.004628369180506242,0.0032347287984624273,-0.002313883299798869
2023-06-01,-0.005669308674592699,0.00943920044419766,-0.0015528811491321015,0.006838074398249461,-0.002710280373831808,-0.001512554199858851
2023-06-02,0.014447827290340332,0.015401540154015514,0.02649558406932173,0.014398261342026597,0.0020616624496299085,0.0
2023-06-05,0.010804321728691502,-0.007042253521126862,0.006277056277056214,-0.002142474558114782,0.0011689890582624596,0.026964249646536098
2023-06-06,0.0002699201036491239,0.0027277686852156258,0.007851150785114891,0.006977992485238893,0.001447853906870078,0.0061952994394729455
2023-06-07,-0.00280641157105066,-0.002720348204570233,0.009390673353964374,-0.0071961620469084275,0.005456580542859912,0.010066458170445713
2023-06-08,-0.013422092331006219,0.0010911074740864724,-0.0057088487155091405,-0.006442953020134312,0.0003710747251726154,-0.0016448959845185573
2023-06-09,0.011410390037851936,-0.0016348773841962094,0.009356725146199008,0.004323155903809939,-0.002040153938888123,0.0
2023-06-12,0.0003254325541031111,0.006004366812226936,-0.0014747708838090956,0.009954264191552209,0.0018584769781164745,0.0072688505524325375
2023-06-13,0.008241609282654494,0.007053716766142193,0.005644055280092708,0.011987213638785299,0.0006492603070074043,0.0027903396516886225
2023-06-14,-0.0025275611723581948,0.0070043103448276245,-0.005350118017309224,-0.0010529086601737125,0.000787875979051611,0.005757052389176787
2023-06-15,-0.0022643950830277815,-0.002675227394328572,-0.001001951168064119,-0.004479578392621919,-0.002269148837640178,-0.004960885327227604
2023-06-16,0.004917324111099131,0.006974248927038573,-0.0013724662162161172,0.002117522498676472,0.0012996054769087717,0.0
2023-06-19,0.0,-0.0074587107085775095,-0.0019558092821652107,-0.004754358161648153,-9.270847819020656e-05,-9.587727708526561e-05
2023-06-20,-0.005538527719524677,-0.004294149221685362,-0.0022244584502940645,-0.010350318471337605,-0.001576190255435539,-0.0065202799884936935
2023-06-21,-0.004379798853682337,-0.004312668463612002,-0.008280694304368508,-0.01394475730758904,-0.0024608812740865016,-0.000868642022970767
2023-06-22,-0.0019008309346656427,-0.0043313481321060054,-0.004496065942300453,0.002719608376393623,-0.002094582014522506,-0.011785162287480722
2023-06-23,0.004897159647404559,-0.0076128330614464446,0.0,-0.007051803634391063,0.0,0.0
2023-06-26,0.0009746588693957392,0.0021917808219178436,0.004086241195763174,0.0035509423654740413,0.005224124259527008,-0.0021505376344086446
2023-06-27,-0.011035378123985806,0.005467468562055933,-0.0023025435073628087,-0.0008165487207403288,-0.006125005800194816,0.0
2023-06-28,0.007548408270429796,0.009244154431756302,-0.0012344353799913499,0.016071915009534088,0.0006069377655353314,0.0
2023-06-29,0.007763300760043501,0.0021551724137931494,0.004513944865387698,0.0008042895442359477,9.33184023890199e-05,0.0
2023-06-30,0.00840381403867907,0.010215053763440674,0.004119189001230206,0.007232788641843069,0.0009330969487728602,0.0
2023-07-03,0.00016026497141941043,0.0,0.011507725093234056,0.004255319148936065,0.0017712314719866562,0.01586990595611293
2023-07-04,0.0,-0.0015965939329429801,0.0017907932160539097,0.0045021186440679095,0.00037223152801058035,0.008775313404050022
2023-07-05,0.0034718512979383664,-0.009061833688699505,-0.012197686645636141,-0.004218296862641635,0.005581395348837059,-0.005353216709683584
2023-07-06,-0.008143929312822706,-0.02743410435718141,-0.010911219927613236,-0.018797987821022044,-0.008649398704902778,-0.008553580009610817
2023-07-07,-0.0016636256305677666,0.0016592920353983853,-0.0058117634397030216,0.005936319481921082,-0.0011664256053749433,0.0
2023-07-10,-0.008385744234800874,0.00662617338487026,0.0006495263870094359,-0.0032188841201717944,-0.000420403587443996,-0.004943776657619137
2023-07-11,0.0005420935653492887,0.004936917169500843,0.007843349380645792,0.0072658772874059085,0.006448899481284132,0.012372138334145077
2023-07-12,0.005038738689927991,0.017467248908296984,0.007138256762559081,0.0026716537536735085,-0.0025537447183916484,0.008083140877598094
2023-07-13,-0.00452830188679243,0.009120171673819621,0.0030375699440448045,0.009858779642952342,0.0026999348291594227,0.002672775868652222
2023-07-14,0.006335968807538173,0.0,-0.002815853788120326,-0.005013192612137174,0.0003714020427112441,0.0
2023-07-17,-0.0038206963353603074,-0.010101010101009944,-0.012254249027652042,-0.0005303632988598039,-0.0025060330425097366,-0.004474485910129555
2023-07-18,0.004375540190146854,0.0032223415682062218,-0.004746750094395624,0.0018572565667285268,0.0009304922303898788,0.0073634885722484444
2023-07-19,0.014091324692088403,-0.0016059957173447659,-0.00048777844019298744,0.01191737288135597,0.0009761085804593783,0.0017087526105941109
2023-07-20,-0.0006894722885177895,0.002144772117962601,-0.007699815638217089,-0.012300444909709496,0.00046436034362673517,0.0033169067475360414
2023-07-21,0.0007960938329265588,0.004280363830925449,0.005737704918032938,-0.002119766825649294,0.00032490136922724844,0.0
2023-07-24,0.0015378904385641157,-0.0015982951518380695,-0.0026623200217332776,0.003983005841742049,0.0012991833704527611,0.009540001889109195
2023-07-25,0.007942391189240672,0.002134471718249875,0.015253867945086208,0.008463369478973748,0.00023169601482853075,0.013940868263473183
2023-07-26,-0.0033620508510191494,-0.010649627263045969,-0.005526937110968078,-0.001311303435615141,-0.0008339124391939512,-0.0011995939835748315
2023-07-27,0.012702930634619358,0.023681377825619077,0.019478767603733793,0.019170168067226934,0.002040153938888345,0.008222468588322318
2023-07-28,-0.00744287721854997,0.004206098843323014,0.0,0.0002576655501158598,0.0004164545833138522,0.0
2023-07-31,0.0014158363922391892,0.0010471204188482464,0.007727320842595642,0.0012879958784131063,0.0009713228492136405,-0.007330706496838646
2023-08-01,0.005026967586531983,-0.014644351464435212,0.008035714285714368,0.00025726781579638036,0.0013400489811006278,-0.002307763315794298
2023-08-02,-0.0041160839889544665,-0.015392781316348136,-0.00958682853123538,-0.021090534979423925,-0.0007844946931240271,-0.017487046632124303
2023-08-03,-0.00554567332845024,-0.007547169811320753,-0.0038402861802303567,-0.005517603783499747,-0.0016164041934142448,-0.006780299463226336
2023-08-04,-0.0017361111111111605,0.006518196632265161,-0.011142796789184728,0.0063408190224572,0.00037006198538258595,0.0
2023-08-07,-0.0004743083003952986,0.0016189962223420729,0.009292389853137628,-0.003150433184562984,0.0013409784518636503,-0.005878448848013695
2023-08-08,0.0011599704734788219,-0.011314655172413701,-0.007249060796867601,-0.011324730050039533,0.0007388593858230763,-0.000762994754410995
2023-08-09,-0.0010006319780914152,0.006539509536784616,0.018228333866325386,0.0005327650506128379,0.0005998800239952473,-0.0022907320797938002
2023-08-10,0.0018978333069745723,0.015159718462371519,-0.0028789782244554862,0.0037273695420660946,0.0004611695259177928,0.007270640007653428
2023-08-11,-0.008681925808997626,-0.013866666666666805,-0.004409680298178453,-0.008222811671087626,4.609569466218488e-05,0.0
2023-08-14,0.010350318471337605,0.0021633315305571443,-0.0032164513577643827,0.006151377373629252,0.00023046784973490553,-0.0003799031247032625
2023-08-15,-0.0030470186498554597,-0.010253642741500313,0.0,-0.006379585326953596,0.0,-0.006745843230403725
2023-08-16,-0.0007904305211572371,-0.0005452562704472141,-0.01840880236986875,-0.006153023006955749,-0.0010599078341013701,-9.565716472170749e-05
2023-08-17,-0.005853812888935828,-0.013093289689034338,-0.003880146583315369,-0.006729475100942128,-0.0021681967061862872,0.0002869989476705914
2023-08-18,-0.01511856134953049,-0.003869541182974001,-0.0002705042198658525,-0.00596205962059615,-0.0005547850208044158,0.0
2023-08-21,0.00910266077776578,0.002774694783573839,-0.014232371881595318,-0.004362050163576825,-0.00013877324451849748,-0.0019127773527162217
2023-08-22,0.005978115825994168,0.008854454897620379,0.007850241545893866,0.013691128148959564,0.000693962526023606,0.005078574166347272
2023-08-23,0.002440706743778831,0.0010970927043334466,0.007680156871289201,0.009454349000540097,0.001386962552011095,0.0076270378491754
2023-08-24,0.010109564388927073,-0.007671232876712342,0.008270270270270386,-0.006689858175006669,0.0011542012927054923,0.0011353959693443105
2023-08-25,-0.00985118423810516,0.000552181115405892,-0.011311853321181675,-0.0005387931034481763,0.0,0.0
2023-08-28,0.007991109229466442,0.013245033112582627,0.008784296714022366,0.01293800539083545,-9.222965183297571e-05,0.007938758151403436
2023-08-29,0.0014175460702472442,0.008169934640523069,0.0052139324876370186,0.010643959552953719,0.002536549370474539,-0.002812939521800395
2023-08-30,0.00560973052322522,-0.0027012425715829957,-0.00946473450617602,-0.001316482359136284,0.0005060263133682685,-0.00028208744710866984
2023-08-31,0.011417548615817674,-0.004333694474539684,-0.004048801554739745,0.011600316372264663,0.0008736033840637258,-0.0004702784048156161
2023-09-01,0.0008762886597937225,-0.0032644178454841466,0.01631524743888546,0.01094605160281481,0.00018375597206898853,0.0
2023-09-04,0.0,-0.0005458515283843779,0.017920000000000158,0.001288992008249723,0.0010104721660848526,-0.004610896772372253
2023-09-05,0.005974146366586108,-0.002730748225013513,0.002881693387823514,0.004119464469618972,0.0003670735064698061,-0.0027415390432974363
2023-09-06,-0.0009727128449292799,-0.007119386637459035,0.008463507653727609,-0.004615384615384577,-0.000412806164572066,-0.0030334628874774117
2023-09-07,-0.007738034231833502,-0.004412575841147182,-0.017199399057141296,-0.011591962905718733,0.002064883219382363,-0.0029476086336407414
2023-09-08,0.002685534266384293,0.0038781163434902233,0.00021084813662963775,0.00390930414386248,-0.0001373752175107823,0.0
2023-09-11,-0.0003605459696111035,0.004415011037527394,0.011383399209486056,-0.00233644859813098,0.001007556675062915,0.006198741178714551
2023-09-12,0.00396743610882111,-0.0027472527472527375,0.0026574957011098466,0.0005204267499350212,0.0002745115981150903,-0.0024642214008151475
2023-09-13,-0.0031819348216577392,-0.004407713498622456,0.00488514707410892,-0.002600780234070288,0.00013721813108902303,-0.005320665083135445
2023-09-14,0.009730731606858,0.013281682346430568,0.013963591228795869,0.013820078226857824,0.0014634592518063538,0.0047760053491259225
2023-09-15,-0.004334081174790949,0.003276897870016615,0.0007140671223093698,-0.007201646090534974,0.001689652023015853,0.0
2023-09-18,-0.006145337225380354,-0.011431682090364825,-0.008358817533129392,-0.005181347150259086,-0.000501481650330482,-0.009886871375605955
2023-09-19,-0.00504972432627393,-0.0005506607929516294,0.004625822368421018,-0.005989583333333215,0.0,-0.000960153624580018
2023-09-20,0.0033145165466879067,0.00826446280991755,-0.011971758927657894,0.003143830233167444,0.00045612114577631147,0.004997597308985968
2023-09-21,-0.017756671656429024,-0.014754098360655665,-0.008543910521955245,-0.017498041264037645,-0.0017324701376857377,-0.004398967199005344
2023-09-22,-0.003415838982605557,-0.0011092623405435376,0.0020891001201233106,0.0037214247740564588,-0.0006393861892584063,0.0
2023-09-25,0.0025838430710820592,-0.00943920044419777,-0.0008860165737218928,0.001853813559322015,-4.569966182244034e-05,0.006531553164921711
2023-09-26,-0.005469941618892249,-0.009529147982062725,-0.007824726134585291,-0.011366640232619574,-0.0019651752662127597,-0.002672010688042792
2023-09-27,0.004495213919297747,0.0005659309564232107,0.011829652996845352,0.002406417112299497,-0.00032054217419175135,0.005166969667974364
2023-09-28,-0.0022112245972412126,0.007352941176470562,-0.02156404260846967,0.003200853560949568,-0.0023819339471394807,-0.004474059971442124
2023-09-29,0.006912199240185712,0.005053340819764163,0.015188528943175683,0.0058495081095453205,0.002525368474218359,0.0
2023-09-30,0.0,0.0,0.0,0.0,0.0,0.0
2023-10-02,-0.004454226274694828,-0.010614525139664654,-0.00010462439840974724,0.002643404705260366,0.0006412017953649762,0.002581755593803692
2023-10-03,0.005895357406042745,-0.010163749294184066,-0.010934393638170836,-0.010282098602689138,-0.002608934456243106,-0.001621363853123392
2023-10-04,-0.014285714285714235,0.0011409013120364797,-0.0201005025125629,-0.002397442727756993,-0.003671240420356936,-0.012705387848681804
2023-10-05,0.000955566172957445,0.0,0.008367071524966407,-0.0064085447263018125,-0.005619271337110376,-0.006095791001451301
2023-10-06,-0.003023070803500505,0.010826210826210714,0.01054603854389713,0.012093523246438975,0.004261429431654973,0.0
2023-10-09,0.011277795510160615,-0.00732807215332576,-0.001377337500662268,0.0,-0.00032286333656195154,-0.012558411214953158
2023-10-10,0.006628090478695503,0.022146507666098936,0.006259614874542407,0.01248008497079156,0.002537602657562088,0.012225179927043195
2023-10-11,0.001881270903010046,-0.0011111111111110628,0.015446254415098393,-0.0020980854969840923,0.002715265313636195,0.006136164410246447
2023-10-12,0.009180054245774949,-0.0005561735261402356,0.011577198629425745,0.009724047306176153,0.0005048650633376894,0.0030009680542111283
2023-10-13,0.00377299979326029,-0.014468558708959245,-0.007544264819091651,-0.013794898490369634,-0.001330336253956732,0.0
2023-10-16,-0.004531177591267199,0.0028232636928289256,-0.0058951287620229165,0.004222750065980385,-0.0012402388608175885,-0.00299198919023258
2023-10-17,-0.0073449542233487985,0.0011261261261261701,0.0075426550145649696,-0.003153745072273284,0.0034953778227475585,0.00542110358180059
2023-10-18,0.002136418112656857,-0.011248593925759387,-0.008776911559708722,-0.006591088847877624,-0.007562216416884371,-0.007028692470633535
2023-10-19,-0.007747504159733687,-0.003981797497155659,-0.010000520860461548,-0.0037154989384289294,0.002031957144176477,-0.012411519441481667
2023-10-20,-0.013834302782581465,-0.015990862364363312,0.0011048561056452577,-0.01758124667021832,-0.006774817955571888,-0.006480117820323983
2023-10-23,-0.012540517562038334,0.004062681369704002,-0.007830565482446983,-0.006778741865509752,0.0002784093545542543,-0.01314359126395892
2023-10-24,0.0058655760641446175,0.005780346820809079,-0.0004237512580114178,0.006279006279006127,0.009463283388226662,0.0033046264770679734
2023-10-25,-0.004921891718382088,0.0022988505747127963,0.008849557522123908,-0.01899077590884435,-0.004319654427645925,0.007186345942708838
2023-10-26,-0.00951612903225807,-0.006307339449541427,-0.00499001996007975,-0.008019911504424715,-0.0017538191720126717,-0.0021801605390942003
2023-10-27,-0.005590837540031535,-0.008655510675129707,0.0011613788734625707,-0.0016727069974907804,0.0002774053354293038,-0.0038732744065944624
2023-10-30,0.00027292576419224446,0.0034924330616996624,-0.002320063274452888,-0.0013962580284837545,0.0018488560203373527,0.0063808574277168795
2023-10-31,0.0065484311050476585,0.008700696055684576,-0.00026425664605467247,0.013702460850111953,0.0023529411764704466,0.007430156528630771
2023-11-01,0.02195716996476027,0.008050603795284772,0.0,0.007448275862069087,0.0,0.012685613137968454
2023-11-02,0.010557029177718835,0.01882487164860236,0.004070628039754665,0.01916757940854308,0.006858142317960114,0.009322198485142597
2023-11-03,0.00010499238805183886,0.0011198208286673506,0.018743747696519764,0.010478237506716725,0.006537142857142797,0.005291514335193259
2023-11-06,0.0024145714135741514,-0.0039149888143177325,0.009251124089100227,-0.0023929805902684897,-0.004087564719774783,0.004115226337448652
2023-11-07,0.007749908362570057,-0.001122964626614209,0.0028164686603850964,0.011993603411513787,-0.0005016417365925063,-0.003049942813572293
2023-11-08,0.004104962327877493,0.006183249016301184,0.00454475820865019,-0.0018435607058203685,0.0007300269197427767,0.0006692160611856401
2023-11-09,-0.0023804595321880173,0.012290502793296243,-0.009912566083773888,0.013984168865435409,0.0012310217480508978,-0.009840450941052792
2023-11-10,0.003786699865131249,-0.007726269315673329,-0.001180880012322305,-0.0007806401249024209,0.004189435336976466,-0.0007719027402547374
2023-11-13,0.006511291406128938,0.008342602892102313,0.0034440217950035823,0.007291666666666696,-0.004126609831307748,-0.004055619930475096
2023-11-14,0.004210093956974914,0.014340871483728757,-0.0026125710773015065,0.008531540847983354,0.003961568234597479,0.003490401396160525
2023-11-15,0.00035789150774578893,0.0054377379010330795,0.015870570107858306,0.011022814662906999,0.002358490566037874,0.013623188405797126
2023-11-16,-0.0015332720024531232,-0.0010816657652784611,-0.006168158147530245,-0.008113590263691739,-0.0009954751131221462,-0.006481746258697907
2023-11-17,0.0023546273546273255,0.0070384407146726335,0.0004069797018875221,0.00332310838445804,0.00040764562007433724,0.000671591672263272
2023-11-20,-0.0016852211214379853,0.0005376344086021057,0.020137299771167072,0.0040764331210190186,0.0005433060171140536,-0.003547459252157159
2023-11-21,-0.00046038160519723537,-0.0021493820526597984,-0.0003489357459748321,-0.0022836843440749988,0.0007240146612967902,0.0
2023-11-22,0.013357215967246594,0.00646203554119551,0.015308666600179599,0.008646998982705822,0.007054035722360297,0.0021168093909362806
2023-11-23,0.0,0.0005350454788655146,0.00834929522125627,-0.0047907211296015495,0.0012572403574153679,-0.000960153624580018
2023-11-24,-0.005858289985354204,0.004278074866310266,-0.013832740733524918,-0.0007600709399544492,0.0004036055428495722,-0.0017299375300335873
2023-11-27,-0.0010160020320040264,-0.0037273695420660946,-0.0008396305625524292,0.0012677484787020354,0.0013448090371166455,9.627418888991102e-05
2023-11-28,-0.00711924739384695,-0.003206841261357729,-0.009194265941670832,-0.0010129146619397567,-0.004745277106276258,0.0010589141316903472
2023-11-29,0.004865556978232988,0.004825737265415464,0.0012971462781878884,0.012927756653992262,0.004228139618567717,0.003365708241177101
2023-11-30,0.00025484199796133034,0.0026680896478121774,0.004783258594917905,0.0017517517517517955,0.0021947505150945457,0.006900517538815487
2023-12-01,0.007694267515923503,0.007982969664715345,0.005504314192204873,0.013989507869098139,0.002324022346368748,0.0
2023-12-04,-0.003337378640776656,0.0,0.00024658480051287235,0.0014781966001478075,0.0023632229009675765,0.006186940795735785
2023-12-05,-0.002435312024353098,0.008447729672650395,-0.016812937580120257,0.0044280442804427445,0.0015124555160141995,-0.005770504209630101
2023-12-06,0.009866748041908346,0.006806282722513046,0.010079735218895713,0.005633112907176274,0.0018210891001155805,0.005423406279733589
2023-12-07,-0.0013094278807412874,-0.002080083203328087,-0.007546420415053046,-0.00146127618119829,0.0008423852804255727,-0.001230245102678107
2023-12-08,0.006454866364094869,0.010943199583115959,-0.0009004502251125368,0.01073170731707318,-0.0001771950031009828,-0.0012317604699640938
2023-12-11,0.0041587333400139315,0.004123711340206171,-0.010214300020027989,0.005791505791505891,0.0007532122286222354,0.002751162128830309
2023-12-12,0.0011975450326831005,-0.0010266940451745254,0.0,-0.002159309021113165,0.0009297383450657115,-0.00435193945127732
2023-12-13,0.0087714926488911,-0.0015416238437822027,-0.010319708619991985,-0.0014426544842510713,0.0022558386411888343,-0.003325731660965392
2023-12-14,-0.009041055283829813,0.0020586721564590515,0.01088734410141079,0.007705273296412241,0.008694117127852063,0.011821908666221681
2023-12-15,0.0033901685113171265,0.002568053415511029,0.013803913637053133,0.009080047789725043,0.0021876093804689134,0.0
2023-12-18,0.004273079598529295,-0.006659836065573743,-0.006234413965087282,-0.004972768174283493,0.0005238802060596459,-0.004711203241307804
2023-12-19,-0.0006431822679595633,0.003094378545642096,-0.007979924717691378,0.002141837220371201,0.005977834016929862,0.002934772318470058
2023-12-20,0.0028219218773206656,0.0,0.010168977031265847,0.005224412253621358,-0.003947083062242562,0.006229941476307399
2023-12-21,-0.009083728278041048,0.0005141388174807471,0.0010517353633494597,-0.007559650366170567,0.0008709284096848346,-0.00572232645403381
2023-12-22,0.004135113591072104,-0.0005138746145940676,-0.0017510506303781703,0.004760771244941786,0.00039157674904277684,-0.00981224643834322
2023-12-26,0.0,-0.0005141388174806361,0.0,0.0011845534233594357,0.0,0.0
2023-12-27,-0.003026544281816035,0.0015432098765431057,0.008219315391169157,-0.001656412683388564,0.0006088809637714299,0.01486422105764662
2023-12-28,0.0030854981586543317,-0.0030816640986132127,0.010339513844012549,0.007347712728134725,0.000521580388577414,-0.0009388789784997575
2023-12-29,0.0032248461996429167,0.0015455950540959051,0.0037884378843788813,-0.0040000000000000036,-4.344237369124926e-05,0.005450615543652004
2023-12-31,0.0,0.0,0.0,0.0,0.0,0.0
2024-01-02,-0.002126502151229004,-0.0010288065843621075,0.007548279580433359,-0.0037798251830851726,0.0007819966982360871,0.011870268249369209
2024-01-03,-0.001734562394687278,-0.010813594232749746,-0.011237594862813838,-0.011856770215793233,-0.0036898767147075517,-0.011453907260299379
2024-01-04,-0.0048155686839100875,0.005726184279021274,-0.002312423124231189,-0.005759539236861122,-0.0010457060694522013,0.004765464399177688
2024-01-05,-0.004539559014267169,-0.0020703933747411307,0.0014301213137390967,-0.0026550808592806785,-0.002093601430627756,-9.299730307821275e-05
2024-01-08,0.004510147832623268,0.004668049792531104,-0.0037425518294184057,0.007502420135527599,0.0014860789370165772,0.006510416666666741
2024-01-09,0.007034173110501474,-0.0036138358286009753,-0.004102614799070814,0.005765073264472509,0.0009165102780082091,0.002125300314174794
2024-01-10,0.010452789061725865,0.0005181347150258198,-0.0066507841969426496,-0.002866013852400262,0.004011511293276371,-0.0022130013831259676
2024-01-11,0.0042163063195568284,-0.006214396685654933,-0.0004496852203456081,-0.0016766467065868484,0.0029531833579432565,0.0068385546622309334
2024-01-12,-0.001171703363765153,0.008858780614903417,0.0015496125968508245,0.011516314779270509,0.0006928206460552477,0.0005507113354750182
2024-01-15,0.0,-0.005681818181818121,-0.001746855659812474,-0.000948766603415585,0.00017308524448278462,-0.0006421429226677322
2024-01-16,0.00684295420108505,-0.002077922077922012,-0.007499625018749012,-0.0026115859449192813,-0.001600761443281029,-0.0029373967321461025
2024-01-17,-0.00689353852128749,-0.00937011972930768,-0.02740416099944587,-0.012378005236848288,-0.0023833253889153916,-0.0044190756766709915
2024-01-18,0.008701178080852578,0.011035207566999272,0.004920495157197058,0.01566642564473364,0.001389974806706551,-9.247272054746514e-05
2024-01-19,0.00755997092318883,-0.0010395010395010118,-0.002267807442531633,0.006407214048409937,0.0009976576732888542,-0.0005548876352539089
2024-01-22,0.0133711702178827,0.007804370447450637,-0.010279987602025087,0.012261259136996161,0.0023833253889153916,0.005181826593874339
2024-01-23,0.0015188191181356725,-0.0030975735673723914,0.01879012474555042,0.009084556254367548,0.0004755317309355078,0.002393445641167391
2024-01-24,0.0023221648263116457,0.02175038839979293,0.017572621548235023,0.0060018467220683824,0.006308603033314597,0.008081550188263398
2024-01-25,0.004018912529550889,0.0040547389761782515,0.018729231698721094,0.004589261128958411,-0.004422688823049414,0.0002732987154960842
2024-01-26,0.0047092064987048765,0.011610297829379057,-0.008154591282000578,-0.003654636820466073,0.0016389200379538504,0.0022768670309654127
2024-01-29,0.008999296929927514,0.0009980039920158834,0.000996561861577483,0.0020632737276480295,0.0008611780916292222,0.0012721490231712984
2024-01-30,0.0024620244344311093,0.004985044865403854,-0.018567375180446932,-0.0029741477922672344,-4.302185510229872e-05,-0.005808149559851206
2024-01-31,-0.011584800741427204,-0.00347222222222221,-0.009738283627510613,-0.01170261587884347,0.004603536548638321,-0.0026471930625284745
2024-02-01,0.003609939052976907,-0.0019910403185664505,0.008297480024585191,-0.004179243092639839,-0.0065096359743040955,0.010708401976935678
2024-02-02,0.017424207035082073,0.003491271820448949,0.004266991770801365,0.013989274889251613,0.0007759289593931573,9.055510277988787e-05
2024-02-05,0.01505968778696043,0.0004970178926440028,-0.00672736469398072,0.002299379167624682,-0.0012922122674017267,0.006338283230713504
2024-02-06,-0.0034376696218564318,0.007451564828614199,0.02719356317156385,0.005505849965588228,-0.000776330544294046,0.0026093215763902666
2024-02-07,0.005809731299927456,-0.002465483234714072,-0.002776262951762476,0.003878621948437244,4.316298342543767e-05,-0.002243560979987458
2024-02-08,0.004512635379061436,0.006920415224913601,-0.011881680338056255,0.007727272727272805,-0.00017264448185072556,-0.0004497211728728967
2024-02-09,-0.0006738544474393926,0.0019636720667648433,-0.013081102837593006,0.0058637798827243515,0.00099287718540908,-0.0025195716728155793
2024-02-12,0.004315576534052568,0.00832925036746679,0.0014783849918433845,0.008520179372197179,0.0016387786786269398,0.006134415877311783
2024-02-13,-0.010160691106038233,-0.014091350826044624,0.0073301094426061475,-0.014895509115162131,-0.0005166623611470023,-0.0005379718461400174
2024-02-14,0.007461336709776667,0.005914243469689495,0.0010106624892618488,0.0020311442112388445,0.0006030843456534818,0.0050237732125235635
2024-02-15,-0.0023340365366487648,0.007349338559529572,-0.002120248371952238,0.006756756756756799,0.0010332357499569511,0.0010711416584843203
2024-02-16,0.0010347775228325418,0.004863813229571967,0.016745080184145333,0.0022371364653241965,0.0055479098572166485,0.004725813642443066
2024-02-19,0.0,-0.0009680542110358514,-0.007413673002288679,-0.004464285714285587,-0.004661904965570396,0.00630102946396871
2024-02-20,-0.01582022471910116,-0.0019379844961240345,0.0029575417314151586,-0.010986547085201859,0.0003867308353386889,-0.00396860393332743
2024-02-21,-0.0002739976253539611,0.002912621359223211,0.007946821271491267,-0.0009068238494672753,0.0,0.0019479369576766992
2024-02-22,0.02516901151105433,0.0169409486931269,0.009322159964298304,0.017472203312911327,0.0012456509600102805,8.837044892184842e-05
2024-02-23,0.009624381767143309,0.0033317467872440165,0.0002456398919183922,0.001561106155218317,0.001544401544401497,-0.002209066006892302
2024-02-26,-0.006575753563705433,-0.0014231499051232666,-0.002062868369351656,-0.001558672901358138,0.000685342242782383,-0.006464753808005708
2024-02-27,-0.0021768103065303857,0.004275534441805284,-0.007185746628605272,0.000446030330062408,-0.0009417001969009853,0.0012478830555306963
2024-02-28,-0.001914429455500688,-0.00047303689687805406,-0.014128494943486003,-0.004681230494873012,-0.0005998286203942049,-0.003738983352621794
2024-02-29,0.004549915246676806,-0.0018930430667297715,-0.0007542615779152495,0.004703247480403183,4.287061647945123e-05,0.0022339379858815622
2024-03-01,0.00896980461811725,0.004267425320056972,0.003874798711755334,0.008247882300490339,0.0008145067947014084,0.005082025677603408
2024-03-04,0.004401021036880559,0.005193578847969782,0.01528898691663727,0.0004421843908910539,0.0012850167052171901,-0.0017741506253881045
2024-03-05,-0.006704057488388426,-0.003757632691404389,-0.0062209933840228215,-0.013701657458563443,0.0003850102669404887,-0.003910068426197455
2024-03-06,0.0018527504521594906,0.005186232909005106,0.010234499205087344,0.006497871386959453,0.00025657472738926934,0.003479346953341178
2024-03-07,0.002729954647527455,0.011726078799249473,-0.008999704927707297,0.0013357079252003246,0.0020948227950920995,-0.002400426742532047
2024-03-08,0.007201510560751911,-0.004636068613815603,0.0072452980000992095,0.0006669630947087057,0.0018344709897610834,-0.0005347117012742819
2024-03-11,-0.01669791167109913,-0.006054960409874188,0.010494161698773263,-0.00199955565429899,0.0009368479325468915,-0.004458314757021853
2024-03-12,0.012192959120333358,0.010777881911902654,0.013505607020965371,0.00979519145146912,0.0007657945118058063,-0.0005373936408419322
2024-03-13,-0.0021463927460685372,0.003245248029670744,0.0004329629095107812,-0.0037477954144621295,0.0015304170386429838,0.005914508468500834
2024-03-14,0.003599648814749834,-0.0013863216266174483,0.0041354106558952886,-0.00044257579110418277,-0.0002971263635977994,0.00044543429844101645
2024-03-15,-0.004199107689615955,-0.0013882461823230274,-0.009338185997509796,-0.00996236440115128,0.0048828125,-0.00418521816562778
2024-03-18,0.007686901519810219,-0.0004633920296569505,0.0013051674964952298,0.006708407871198752,-0.004690074787679022,-0.005275865152463588
2024-03-19,-0.004925678915478793,0.004636068613815603,-0.009607029062469685,-0.0008884940026656629,-0.00029716420444891867,-8.989572096362863e-05
2024-03-20,0.007885053443140055,-0.0009229349330873715,0.003022178893492544,0.00444642063139189,-0.004543717355301791,0.0045850939494740395
2024-03-21,0.010778859527120987,0.010623556581986104,0.007678475968314169,0.02014165559982306,-0.001962289907004422,0.009128333631645003
2024-03-22,0.0034399724802200993,-0.0031992687385740126,-0.008680974198215452,-0.0010848340203949425,-0.0024790562489315215,0.0010642071656614682
2024-03-25,-0.0015855330819335434,0.0027510316368639653,-0.010508392118706023,-0.007167680278019062,0.0017139429257007066,-0.007087172218284921
2024-03-26,0.0006008841581182089,0.00548696844993124,-0.005899995083337384,0.0026252461168234653,-0.0010266062109676177,-0.0022305496074233044
2024-03-27,-0.0025307768198000735,0.0036380172805821065,-0.005440427320836827,-0.0006545930613135464,-8.563843452935593e-05,0.0017884288652418867
2024-03-28,0.008342650726756773,-0.001359311282283726,0.010194440300362873,0.006986899563318882,0.00012846865364846138,0.0059805409265376586
2024-03-29,0.0,0.0,0.0,0.002168256721595929,0.0,0.0
2024-03-31,0.0,0.0,0.0,0.0,0.0,0.0
2024-04-01,0.0,0.0,0.0,0.0030289917784509512,0.0,0.0
2024-04-02,-0.007420675537359145,-0.008166969147005432,0.022792163040267877,-0.00798101811906815,-0.00012845215157353262,-0.0009760425909494108
2024-04-03,-8.593280055002595e-05,0.005032021957914079,-0.0022139866198200853,0.0021743857360296825,-0.00017129153819805953,-0.0028421707078781777
2024-04-04,0.0018477139910622054,0.000455166135639562,0.004100139887125431,0.0032545020611847164,0.000985095083090748,0.003206555624833074
2024-04-05,-0.004932446922582101,-0.011373976342129222,4.8039969254398684e-05,-0.010813148788927363,-0.00038509263617303446,0.0071916896031252175
2024-04-08,0.00181034482758613,0.007363092498849477,-0.002065619445645317,0.003498032356799241,0.00029963188083215186,0.0
2024-04-09,-0.0037862490319249265,-0.010963910461397997,0.009771830172330853,0.0015250544662308574,0.0008986263853822951,0.0
2024-04-10,0.0031528029714089634,0.002309468822170979,0.0073413738856842325,0.0017402653904721177,0.00017101325352708585,0.0
2024-04-11,0.004176174279932887,-0.006451612903225823,-0.0027447825469689713,0.003691639522258372,-0.002051808155937418,0.0
2024-04-12,0.010847196021265715,-0.002319109461966451,-0.004128505670763394,-0.002379922111639954,-0.0002141694508696057,0.0
2024-04-15,0.0006362132586841263,0.005578800557879848,-0.01663013437529781,-0.0039037085230969604,-0.001156762777944409,0.011547954866008459
2024-04-16,-0.019201424211597207,-0.012944983818770073,-0.029025536657459994,-0.016546919224907475,-0.004117697520802821,-0.02361655773420479
2024-04-17,0.0015990319374217243,-0.0009367681498830827,0.00389260405230063,-0.007748505645339909,0.0010767507967957002,0.000714030703320212
2024-04-18,-0.009665170866413497,0.0042194092827005925,0.009942334460131264,-0.000223114680945935,0.00038721335455838,-0.0001783803068142742
2024-04-19,-0.005097594980829623,-0.0037348272642391267,-0.013979129749950747,-0.01606784199955369,0.00047307758472392436,-0.0015165031222121872
2024-04-22,-0.0027151302824611756,0.006091846298031722,0.0064396964856230365,0.0027217056021773267,0.001762455401280949,0.004199052979540818
2024-04-23,0.006235454266016793,0.015370284117373068,0.0046624671395267825,0.01289301063107895,0.0017593546172329777,0.000177935943060481
2024-04-24,0.01051712851843778,-0.0009174311926605228,0.004640829424833459,0.0069227333631085575,0.00025701434996783235,-0.0018679950186800687
2024-04-25,-0.02241319744342718,-0.011937557392102893,-0.0013759889920880175,-0.015746285207363098,0.00256948310564864,-0.0032082702076463576
2024-04-26,0.02204355700843763,0.014869888475836479,0.013631218936075884,0.023208652546191866,-0.0037162017854854845,0.011712114438980903
2024-04-29,0.003112033195020736,-0.004120879120879106,0.026507427905621883,-0.0019819423034572736,0.0010289830217800056,0.008660303994344254
2024-04-30,0.0021544295070665687,-0.011034482758620623,-0.007094211123722993,-0.0030891438658429138,-0.0002141511050196554,0.001927457508323016
2024-05-01,-0.014532633932410444,-0.007438400743840057,0.0,-0.01150951748561313,0.0,0.0
2024-05-02,0.0044502617801047695,0.00140515222482418,0.012384490806897075,0.009628302731751193,0.00047123334618515145,-0.0007869884575026909
2024-05-03,0.011250108591781771,0.00654817586529477,0.009174743577679667,0.01175426923929912,0.0013702149524708052,0.0
2024-05-06,0.005540999097976895,0.007899628252788116,0.004429110914261791,0.0048224462954846725,-4.2760626015603265e-05,0.0021878008226130508
2024-05-07,0.004186245194361504,0.011987090825265057,-0.005337913108057979,0.00741710296684106,0.0023946974556339207,0.001484456863430017
2024-05-08,0.0053598774885144085,0.004100227790432731,0.0014466377339119596,0.00043308791684726344,0.005673819376306621,0.0027901299154242665
2024-05-09,-0.0015232292460015673,0.005444646098003769,0.0,0.0010822510822510178,0.0,-0.0009564385705590484
2024-05-10,0.008009153318077944,0.00631768953068601,0.02381174277726017,0.0019459459459461037,0.0006362942224482637,0.003046127067014792
2024-05-13,-0.00542313028124608,0.0017937219730941312,0.0013199217149879594,0.004747518342684387,-0.0049175463139599085,-0.0029501084598698712
2024-05-14,-0.003761940992476176,-0.0013428827215756778,-0.0072727272727272085,0.0019329896907216426,-0.00046862352490084636,-0.0046123052823949795
2024-05-15,0.01039501039501034,0.004034065441506085,-0.0005952380952380931,0.009646302250803984,0.0012786633705565986,-0.0002622836160167674
2024-05-16,0.006256823717141202,-0.0022321428571426827,0.011636963393961475,0.004883227176220695,0.0016601396219990683,0.0013117621337996876
2024-05-17,-0.0035888661686765966,-0.0035794183445191363,0.01340518998233775,-0.0038030847242763732,-8.499426288732792e-05,0.004541484716157118
2024-05-20,0.004271893453951403,0.0031432420296362285,0.0,0.004453870625662715,0.0,0.004173187271778955
2024-05-21,-0.005171191459193425,-0.004028648164726922,-0.0031282120033964134,-0.003589527027027084,0.0010625185940753568,0.00034632034632031683
2024-05-22,0.0056591909452945455,-0.004494382022471988,-0.003451831263728833,0.004238186056367832,-8.491126772514068e-05,-0.0030292539380302186
2024-05-23,-0.002626094205919083,0.0022573363431150906,-0.01223571749887542,-0.001477104874446078,0.00021229619565210633,-0.009375813872732008
2024-05-24,-0.005809336732561565,-0.0009009009009008917,-0.015757354950359792,-0.005494505494505475,-0.0002547013626522654,-0.0021908684602576223
2024-05-27,0.0,0.004959422903516586,0.0012493059411438079,0.0016999575010623325,4.2461041994013016e-05,-0.004391357807834173
2024-05-28,0.0022280141247688068,-0.004934948407357531,0.0031424742363326263,-0.0014849384811200794,0.0014860733695651884,-0.006792519407198272
2024-05-29,-0.0014680592257035885,-0.013074842200180292,-0.011609158336020609,-0.009135330359039684,-0.000932717174714881,-0.0030198063771205153
2024-05-30,-0.003318491136688251,0.004568296025582397,-0.004288044744814812,-0.00836192109777012,-0.00021217907914283796,-0.011314031180400863
2024-05-31,-0.007164833312260366,0.0004547521600728466,-0.012966343678322279,-0.011459459459459476,0.0,-0.002072445485673091
2024-06-03,0.009593751326569588,0.004090909090909145,0.014132599829270509,0.012685914260717412,0.0029711375212224667,0.015169300225733595
2024-06-04,-0.004162637177816175,-0.010411951109099205,-0.006500187055742734,-0.005399568034557212,0.0008887008040625588,-0.010762252067953448
2024-06-05,0.009077858469852984,0.017383348581884617,0.001976935749588238,0.015200868621064068,0.0,-0.002157885272432991
2024-06-06,0.007699066906565077,0.006744604316546887,0.003241414948090382,0.004919786096256651,0.00038053359265988185,-0.0005406379527842509
2024-06-07,0.0066436905701117155,-0.003573023671281872,0.00028095148904294653,0.005534269902086164,-0.00016906170752317706,0.00549945906959981
2024-06-10,0.005073629501299193,-0.006723442402509994,0.00037449676996526016,0.0042337002540220325,-0.000845451471085501,0.014973549717564705
2024-06-11,0.001969958138389627,-0.010379061371841192,-0.005007019185774397,-0.00274030354131527,-0.0005500084616687495,0.0030918727915194566
2024-06-12,0.009666584746456985,0.013679890560875485,-0.010581761745755536,0.013105051786091781,0.0019895864200143443,-0.0013210039630118242
2024-06-13,0.0010953346855984147,-0.019793072424651448,-0.000808061602813881,-0.004381389526392665,0.00012674271229395906,0.0016754850088183115
2024-06-14,0.008428901406167588,-0.019274896741624525,0.007659007659007511,0.0023051131601006247,-0.0020276264098338936,0.0054582269565981445
2024-06-17,-0.003897930480208922,0.007955077211043493,-0.005665187423283813,-0.0008362952122098477,-0.0007619047619047414,0.0
2024-06-18,0.006131999354526352,0.006499535747446661,0.0068369575538884675,0.006277463904582614,0.0014402507730757463,0.0
2024-06-19,0.0,-0.005535055350553542,0.008016599075733266,0.00020794343938446147,0.00042299395118639005,0.021101479730321504
2024-06-20,0.005092221331194802,0.012523191094619746,0.002666541916167775,0.006444906444906362,0.00033825208236448745,0.0010289830217800056
2024-06-21,-0.00418877408545093,-0.007787448465414459,-0.006625297438529465,-0.0008262755629001584,0.00021133606661316584,0.004111701216378272
2024-06-24,-0.0015223139171540723,0.00877192982456143,-0.0024893147339251076,0.0020673971469920005,0.000549357674104245,-0.0029858385940965126
2024-06-25,-0.0007221954742416825,-0.0022883295194507935,-0.003154722666917742,-0.00206313183412421,0.0006335262068672964,0.0019679986309573128
2024-06-26,0.005420380631173227,-0.004128440366972463,0.0011808606112133635,0.004961753152780801,0.004811750801958503,-0.000341588385994851
2024-06-27,-0.0003594105666706593,-0.002763703362505865,-0.011464427250424625,0.0028800658300760507,-0.004788708728891922,-0.0023065094823166987
2024-06-28,0.007710131032278689,-0.0018475750577366945,0.00505894144036656,0.0036923076923076614,-0.00037987506331238485,0.006935525301823731
2024-06-30,0.0,0.0,0.0,0.0,0.0,0.0
2024-07-01,-0.014549058473736332,0.007403979639055924,-0.001567025974642755,-0.005518087063151489,0.002026770257146371,-0.0054421768707483276
2024-07-02,0.0014079974253760064,-0.005052824988516336,-0.014933891372586272,0.004932182490752224,-8.427794867482685e-05,-0.006070451436388402
2024-07-03,0.0017273932430803551,0.012465373961218829,0.004972962533796865,0.006134969325153561,0.0010114206245521729,0.0034408602150537426
2024-07-04,0.0,0.005015959872320952,0.006966130194571152,0.001626016260162677,0.0006735991243211892,0.007458208315473502
2024-07-05,0.004130574270131415,-0.001814882032667886,-0.0033396946564885344,0.0032467532467532756,0.005595523581135131,-0.0028931245745403844
2024-07-08,0.004433084388354214,-0.0018181818181818299,-0.002632838678793714,0.0012135922330096527,0.0012551250941343906,0.002218808670421568
2024-07-09,0.0013121272365805847,-0.013205828779599194,0.010463162946964255,-0.0036363636363636598,-0.004721711515961902,0.0
2024-07-10,0.0005559305880951104,0.01107521919704646,-0.008359853702560205,0.0042579075425790425,0.0002099164532516351,0.00017029972752036215
2024-07-11,0.0011906179307061837,0.003651300775901367,0.015423671983522569,0.0030284675953966556,0.001007387508394908,0.0022986548612293767
2024-07-12,-0.006263130772585002,0.013187812642110108,0.0068399452804377425,0.005636070853462183,0.00020966118752108187,0.0021235029304340625
2024-07-15,0.0013163668275559814,-0.012118491921005337,-0.00880809595202392,0.0012009607686149781,0.0007126986123338064,-8.476012883540385e-05
2024-07-16,0.0041032587044858015,-0.007269422989550245,0.010162601626016343,0.005397840863654357,0.00029325513196498676,0.006866152411630022
2024-07-17,-0.012378496330093247,-0.01235697940503444,-0.011276964110242815,-0.015112348379399454,-4.1881308372127e-05,-0.0033675702980300315
2024-07-18,-0.0030530671273049093,-0.004633920296570837,-0.0006625650733554922,-0.009892994144962697,0.00037694756240580496,0.00489947626288223
2024-07-19,-0.006003948905991763,-0.008845437616387342,-0.011744648607690755,-0.00856443719412725,-4.186728072008705e-05,-0.000840618695359785
2024-07-22,0.002391762607426573,0.015030530765617778,-0.007235959363618982,0.0037021801727683545,0.000669904538603161,0.004206629648325855
2024-07-23,0.009099365066526532,0.004164738546968971,0.00024134768547567909,0.008606557377049295,0.0007112970711296018,-0.0015080428954422631
2024-07-24,-0.014628085924975998,-0.011520737327188946,0.005115336357494504,-0.02234863876472981,0.0006689802232722197,-0.0011746937405604507
2024-07-25,-0.014031805425631538,-0.010722610722610715,-0.0019685039370078705,-0.008104738154613433,0.003551581498349554,-0.008400537634408622
2024-07-26,0.004785083738965579,0.01036757775683328,0.0035118102660316453,0.006494866959983359,-0.003455741527187972,0.005337173839376375
2024-07-29,0.0106741111749733,-0.009794776119403048,0.008197507190795816,0.005412156536219737,0.0007938165865886138,0.0027808207634616444
2024-07-30,0.00012186205215702905,0.005181347150259086,-0.0045171413627501655,-0.003519668737059889,0.0010019203473323746,0.0005042016806722227
2024-07-31,0.0006904674871044403,0.007497656982193179,0.00544516622086344,0.015790567213795903,0.001042622403870208,0.002267764152528162
2024-08-01,0.017493303027843243,-0.022325581395348904,0.0019477434679335826,-0.013908774800572732,0.000791567720701547,0.0020112293639487078
2024-08-02,-0.04890502213889658,-0.026641294005708804,-0.035892086672040135,-0.04667081518357186,-0.001914911331279745,-0.024337208329848647
2024-08-05,-0.03795663297403851,-0.014173998044965774,-0.043375627028621966,-0.027850304612706767,-0.004587921254587846,-0.048774215669466825
2024-08-06,0.017787078210829144,0.0014873574615765772,0.016347933374460055,0.010071620411817417,0.0013408195759658792,0.016310714607551624
2024-08-07,0.020346097832605103,0.020297029702970315,0.019069296914516976,0.015510746731663971,0.002426981337350531,0.015605603830466386
2024-08-08,-0.009865244951933194,0.0,0.007494912393904762,0.0,0.004257805977625706,-0.002008032128514081
2024-08-09,0.005596540320529142,0.0014556040756914523,0.005172923440733168,0.0008727907484180619,-0.003159032338515333,0.0
2024-08-12,0.004258369171093568,-0.00048449612403111963,0.0024506200068616923,0.008284281665576598,0.0012509382036527406,0.005686291663021592
2024-08-13,0.009950039884126127,0.004847309743092554,-0.00356915855864659,0.007351351351351454,0.0009995002498750516,0.0023486430062631403
2024-08-14,-0.0012055204522779528,0.006753497346840387,-0.002404317958783153,-0.0010731916720326806,0.0012065235480112069,0.0059880239520957446
2024-08-15,0.021226120614308952,0.018207954000958315,0.0,0.02213149978513118,0.0,0.014924085576259571
2024-08-16,0.0001222643354934494,0.0056470588235295605,0.013968816093650194,0.003573680891318043,0.0020361520880947115,0.002719932001699954
2024-08-19,-4.074979625112718e-05,0.0065512400561535955,0.0037836526800874015,0.0,0.0005805755992369654,0.004916504195981997
2024-08-20,0.005623701047312579,-0.002789400278940146,-0.00589571352631324,-0.002723083368244672,0.0006216843501325453,-0.0027836355967946202
2024-08-21,-0.0010941362402236976,0.005594405594405716,-0.0033542365465947244,0.0014702793530771974,0.0005798782255725943,0.0004229402808322291
2024-08-22,0.0012170385395537942,0.0,-0.0030240952102233987,0.00020973154362402546,0.0001241876060769087,-0.0005918660691637267
2024-08-23,-0.006523500810372784,0.005099675475197074,0.0023483365949119595,0.003984063745019917,0.0007864238410595359,-0.0015228426395940131
2024-08-26,0.0008972633467922986,-0.0027675276752766598,0.010445138617727556,-0.0010442773600669586,-0.00024814922039784193,0.0018640908320624039
2024-08-27,-0.007538405117965885,0.0009250693802034249,0.0009177857211863927,0.0016725904244196954,0.0014478964133537442,-0.003636671177266515
2024-08-28,0.005583839710954219,0.0027726432532346745,-0.005598185415761736,-0.003965769150490406,0.0007435558493058547,0.00127323656735423
2024-08-29,0.005307855626327074,0.010599078341013923,-0.0013588934724581003,0.0159262363788768,0.0009081152480805432,0.003984401492031386
2024-08-30,0.0011371943790106087,-0.001367989056087593,0.0017495261699955744,-0.0063943894389437705,0.0014021774991752611,0.00016887612935900798
2024-08-31,0.0,0.0,0.0,0.0,0.0,0.0
2024-09-02,0.0,0.00273972602739736,-0.004366176684616585,0.0016607847207805726,0.00045301046042345305,0.005740818910932921
2024-09-03,-0.005598377281947231,-0.012295081967213073,-0.0025337426302196597,-0.015129533678756357,0.0,-0.004952572819608703
2024-09-04,-0.013829960835509247,-0.012909174734900941,-0.011870450881735217,-0.011153198653198637,-0.0006174618202774429,-0.005567740846971536
2024-09-05,-0.0018615811028833695,-0.006539000467071454,0.005586315997627045,-0.005533092147265495,0.0005354642062773696,8.4832032575477e-05
2024-09-06,-0.0052221485411140245,-0.015514809590973067,-0.00044245612310112037,-0.014765675155146485,0.0006175126590095559,-0.0009330732038340672
2024-09-09,-0.00170819098408459,0.008595988538681931,-0.014459964587841823,0.010642919200695156,0.0004937052579609968,-0.007216844965189262
2024-09-10,0.006343641751178852,-0.006155303030303205,-0.005888811258608628,-0.003653556845046202,0.0002878526194587394,0.00034208500812438203
2024-09-11,-0.004188611952058996,0.0033349213911386677,-0.011746987951807064,0.0023727351164797295,-0.001274409044193181,-0.012994784987603647
2024-09-12,0.014534399466933134,0.010446343779677125,0.010972264553489763,0.01420271142672691,0.0010702231003538731,0.0047639670853183436
2024-09-13,0.007060465498132329,0.006109022556390897,0.00437141995779311,0.008487163165711742,0.0012335526315789824,0.0037068965517241814
2024-09-16,-0.002160355439611905,-0.0032695002335357826,0.0017009355145329863,-0.009467704607616256,0.0013963039014373013,-0.001975435884222332
2024-09-17,0.004411764705882337,0.007029053420805953,0.00829046596414118,0.008920985556499561,0.0009432414698162805,0.0056798623063683
2024-09-18,-0.003904343582235237,-0.0055839925546764535,-0.003962553865966556,-0.008631578947368324,0.000327774818699611,-8.557247989049444e-05
2024-09-19,0.012248897599216102,0.0219934487599438,0.008802028942264783,0.021448290507538603,0.0027442146221583474,0.010526315789473717
2024-09-20,-0.002702484672474914,-0.014194139194139144,9.859016070179472e-05,-0.006860706860706833,0.0003676170247528532,-0.0018631436314363592
2024-09-23,0.004327603640040367,0.0032512772875057383,-0.008527208201892678,0.0075361105296209985,0.0004899759095178258,0.010181571355845964
2024-09-24,-0.0031008376288659267,0.010648148148147962,0.01879194630872494,0.00581757739455635,0.005223850140799069,0.006299344868133661
2024-09-25,0.00020197939810140397,-0.004122766834631197,-0.0021470746108427363,-0.0008262755629001584,-0.004100523730258598,0.0007511893831901872
2024-09-26,0.009208400646203652,0.022999080036798514,0.03286224265245252,0.01054372544965898,0.0009783938035057282,0.013261050875729596
2024-09-27,-0.00436209380502639,0.007194244604316502,0.0297334406514842,0.00572831423895237,0.0010181640465911634,-0.008889620544900834
2024-09-30,-0.0035371196591502674,-0.012946428571428581,0.02344935399328696,-0.006305939788445847,-4.068513771915416e-05,-0.011460842122747228
2024-10-01,0.008027106611270263,-0.009497964721845387,0.0030100184195156476,-0.00020470829068575114,0.0012206037920090562,0.0010921616399226508
2024-10-02,-0.0028811524609844152,0.00136986301369868,0.04026695332795849,0.008804258804258724,-0.00016254876462951096,-0.013679086941926766
2024-10-03,0.005016453969018286,-0.008207934336525335,-0.022346609257265837,0.00040592652729842804,-0.0004470817753210454,-0.008763719901301759
2024-10-04,0.008385576807890427,0.006436781609195474,0.01479785078833773,0.012172854534388433,-0.0008132395397064673,0.005321888412017195
2024-10-07,0.0006335880885439682,0.0031978072179077444,0.013366895234788734,-0.005211465223491696,-0.000854596508362726,-0.00017076502732249477
2024-10-08,0.0021370058174046136,-0.0036429872495447047,-0.04608137044967875,-0.0022164013701390095,-0.00044802867383519906,0.004696840307429673
2024-10-09,0.005489081072542756,0.006398537477148025,-0.01589296938134155,0.007875605815831799,8.149627154563355e-05,-0.0015299617509563213
2024-10-10,0.005576938182389579,-0.002270663033605791,0.0039689781021898796,-0.0012021638950109326,0.00020372407611124466,0.005363071422490817
2024-10-11,0.006756756756756577,0.006827492034592764,-0.003589766892352353,0.005416248746238583,0.0009369398729022205,0.003979678238780648
2024-10-14,0.014586647010901066,0.00723327305605781,-0.0027362276541408326,0.005786113328012821,0.0007325709169345718,0.0016024289449272366
2024-10-15,0.00015294612472760427,-0.016606822262118515,-0.016050850557892904,-0.002777226740725891,0.0015860750742202612,0.003620747726507112
2024-10-16,-0.005275834384677158,-0.006846188954815036,0.010410373193288969,0.002387109608116056,0.0007714796166964355,0.007131470760969982
2024-10-17,0.017640954686959365,0.0078125,-0.01559265903132323,0.0069458225838461285,0.0011360408974723235,0.0019993335554815417
2024-10-18,-0.00419215952866514,0.0068399452804377425,0.02055882627791794,0.0031533307055577886,0.0008510638297871687,-0.00041569670768204503
2024-10-21,0.0040960291273182126,-0.009057971014492683,0.0005036168849006373,-0.0033398821218074692,-8.098477486240263e-05,0.00149713049987521
2024-10-22,-0.0001888574126535092,-0.0004570383912247955,0.003386262755685765,-0.00019712201852939426,-0.0009314003401635906,-0.0015779420313927206
2024-10-23,0.0019267094824328979,-0.0032007315957933713,0.0026451406941212507,-0.00019716088328070036,-0.00012160025941387875,-0.0054899351189485746
2024-10-24,-0.008106783303796883,0.002293577981651307,-0.013281783033886718,-0.006507592190889366,0.0006080752391763866,-0.00033456005352960894
2024-10-25,0.008933323196229193,0.0013729977116703207,-0.009081270455907453,0.00774116712981332,0.0,-0.0035977242302542844
2024-10-28,-0.0038807882144608064,0.00594149908592323,0.013676963155935917,0.0005909001378765488,0.0006077057083822002,0.008732891090771577
2024-10-29,0.002836825781072694,-0.004089050431621999,0.0011473152822396582,0.006496062992126017,0.00020244554214920996,0.0014983767585117214
2024-10-30,-0.002941953004186537,-0.01049270072992703,-0.01567728627091458,-0.011930373557598295,0.00012144273974823427,-0.006732607430803728
2024-10-31,-0.022659353130319637,-0.013370216689718939,-0.007311507474502821,-0.01999208234362637,-0.0015785639116004946,-0.007280334728033466
2024-11-01,0.008050781854776146,0.010280373831775824,0.0,0.008685114118359927,0.0,0.00547922110764576
2024-11-04,-0.010674243587774468,-0.005087881591119281,0.002064177143929369,-0.006808169803764419,0.0005675598978391871,-0.006623071763916855
2024-11-05,0.00520065202204445,0.0032543003254299485,0.013202247191011152,0.007661290322580561,0.00012155099064048436,0.004979323149632897
2024-11-06,0.03845559845559832,-0.013901760889712511,-0.004158580537843015,0.02541016406562635,0.0015394587587100883,0.01385623110513956
2024-11-07,0.007845032718619915,0.010808270676691656,0.014847809948032697,0.010926829268292693,0.00012134940538799377,0.008034457052928046
2024-11-08,0.008890692441066994,-0.010227801022780203,-0.011933065106071616,-0.0001930129318665763,0.0005662285136500689,0.0020542317173377622
2024-11-11,0.012176393154892384,0.01080319398778773,-0.003886909444264508,0.0034749034749035346,0.0010105501434980457,0.006150061500614923
2024-11-12,0.0037932155630215902,-0.02323420074349447,-0.02777906814697828,-0.00788764909580597,0.00012114359554193932,-0.0032599837000815146
2024-11-13,0.0010436910674438415,0.0,-0.0022456878016149373,0.004459957339538523,-0.00032301045746352397,-0.002861815208503593
2024-11-14,0.0016537839295345247,0.019505233111322573,-0.0012929795996551308,-0.0009652509652509078,0.004523607577042732,0.00041000410004099486
2024-11-15,-0.01385449194214139,-0.007932804479701239,-0.002829057779908939,-0.015072463768115996,0.0,-0.0010655737704917678
2024-11-18,-0.012265696087352174,0.0004703668861711918,0.0025485670321214737,0.0027467137531882457,-0.0002010373527401299,0.0006564371871666808
2024-11-19,0.0005527304886137063,-0.00799247766807698,0.0031176555230465475,-0.0013695949911954886,-0.00028150888763767146,-0.005412054120541132
2024-11-20,0.008986115714654241,-0.004739336492891044,0.00334704026011301,0.004310344827586077,-0.003620419164085509,0.0070904443894797
2024-11-21,0.0038690367558489314,0.005238095238095264,-0.0037647731605031654,0.009559110417479477,-0.00036335742258464254,0.0054850593532540515
2024-11-22,0.021124968185288973,0.007579346281383348,0.006218607988519365,0.012753623188405783,0.0003634894991921822,0.009933235629376425
2024-11-25,-0.006516165788349126,0.002350728725905027,0.003945804611362069,0.0017172295363481194,0.0012515644555695093,-0.005723960012899099
2024-11-26,0.0018278914734237706,-0.00797373358348974,0.0025570603276825477,-0.00038095238095248174,0.00040322580645169026,0.0022703316305845433
2024-11-27,-0.0020392100744132113,-0.006146572104018921,0.0007084829019459171,-0.0144817073170731,0.00036275695284171405,-0.006957365908907054
2024-11-28,0.0,0.0057088487155090295,-0.008070986925945212,0.004833720030935851,0.00048350054393808684,-0.00016293279022394636
2024-11-29,0.0011830077074743706,0.009460737937559083,-0.0008089074990482725,0.005964979796036163,0.0008054448068945952,-0.001385154403976241
2024-12-02,0.010920939558865639,0.009372071227741197,0.016191247202247627,0.014728385615914164,0.0006035974407467837,0.013136422976501194
2024-12-03,-0.0026564658378492867,0.0069637883008357715,-0.0027180280238060517,-0.00395852968897259,-0.002292286656478737,0.002979785777563082
2024-12-04,0.004084096881880939,0.008298755186721962,-0.0015036887364314744,0.008705526116578266,0.005320649764198437,0.008912799100690538
2024-12-05,-0.005588370530187903,0.006401463191586743,-0.006729728457809836,-0.003564727954971869,0.0012429333226413597,0.0013529645841623417
2024-12-06,0.0020985239196160688,0.005452067242162517,0.0031744527622477037,0.0032009037845981414,0.0010011212558065363,0.004371324113813468
2024-12-09,-0.005466032512245422,0.0013556258472662286,0.030746705710102518,0.011073573573573414,0.004920590470856467,0.0079924032602674
2024-12-10,0.0017130620985010836,-0.006768953068592043,-0.015120967741935498,-0.004083905698904711,-0.0029458598726114227,0.001491599937195831
2024-12-11,0.0034915205928460757,0.0013630168105405183,0.007816134735274982,0.004100652376514358,0.0005988980276292466,0.0025868150819159386
2024-12-12,-0.003585883689554925,0.0009074410163338875,0.004754870279752632,0.0012994245405606453,0.00011970791269289016,0.0009382329945271106
2024-12-13,-0.0024229467308033437,0.0004533091568450498,-0.008867447737192724,-0.005747126436781547,-0.0003191828917968875,0.0014060303077643166
2024-12-16,-0.0021430867592957537,-0.004077933846850956,-0.0024568885592434198,0.00018646280067113885,0.00023946360153259683,0.0010140405616225756
2024-12-17,-0.009127680137452132,-0.0013648771610555999,-0.014127050513499606,0.00037285607755399575,-0.00011970313622222672,-0.008259954804020975
2024-12-18,0.0028899645979336697,0.0031890660592255315,0.004902191845392423,0.005031680954155959,7.981164451886791e-05,0.0
2024-12-19,-0.018010229810532352,-0.015894641235240647,-0.0009850368216145489,-0.015019469682922337,-0.0012369817644946046,-0.0005500117859668086
2024-12-20,-0.011224414936541693,-0.0032302722658053007,0.0006573387172505996,-0.0016942771084336172,-0.0002397123451858274,-0.001179245283018937
2024-12-23,0.016026116634515475,-0.0018518518518519933,0.00023460960960952626,0.00018857250612858145,0.00011988491048597893,-0.0018103109012199692
2024-12-24,0.0,0.0037105751391466324,0.0,0.009426847662141746,0.0002397410796339816,0.0
2024-12-26,0.0,0.00600739371534198,0.0,-0.0009338812103100169,0.0,0.0
2024-12-27,0.006389659704980177,-0.00045934772622868714,-0.0017357038982970252,-0.012151804075528072,0.00011984180881241535,0.0009462229932186705
2024-12-30,-0.016943003301527426,-0.0059742647058824705,-0.007189849624060107,-0.00473126419379255,0.0003195398625976953,0.002520876004411532
2024-12-31,0.010739592559787514,0.005085529357373941,0.0033606285795426682,0.0038030043734549324,0.0,0.004243281471004279
2025-01-02,0.010588965567605024,0.005519779208831732,0.0013680535899613933,0.00644061375260474,0.0007187350263535563,0.009624413145539856
2025-01-03,-0.0003251797521406363,-0.009606587374199504,-0.000989306072454954,0.00037643515904384195,-0.00023940627244434243,0.0037975664574130263
2025-01-06,0.007517709989879995,0.024018475750577473,-0.0047156465151372284,0.010536218250235319,0.00023946360153259683,-0.0010809141445338177
2025-01-07,-0.0017936576266321946,0.00451059990978786,0.011323794181749225,-0.006888847514429308,-0.00023940627244434243,0.0022414592672745925
2025-01-08,-0.006648458276432012,-0.0031432420296363395,-0.015600843288826383,-0.0018747656542932312,-0.000997765006385709,0.0004627130407959257
2025-01-09,0.0,0.0045045045045044585,-0.002332000761469666,0.0018782870022540088,-0.0013183652271183677,0.0010020812456643657
2025-01-10,-0.0054267211750660405,-0.007623318385650335,-0.012259695654247893,-0.01274840644919395,-0.0007200576046082485,0.0012320961034959499
2025-01-13,-0.006438470772252902,-0.004518752824220429,-0.013039698638075858,-0.009115077857956622,0.0019215372297838318,-0.004153207198892672
2025-01-14,0.0008054477557297712,0.004993191103041195,0.007584654531219259,0.0015331544653123252,0.00039955250119860786,-0.0006950880444857033
2025-01-15,0.012913374304945657,0.010388437217705437,0.008644553445680048,0.016838882510524344,-0.0014378145219265948,0.00803771543395948
2025-01-16,0.004153273863267026,0.01475189986589176,0.00972603399297034,0.007903650733910528,0.0009199264058874501,0.0010733726903318086
2025-01-17,0.0044957560063301205,0.008370044052863568,0.0033856277716846073,0.008588498879761097,0.004635364635364514,0.005973807153251132
2025-01-20,0.0,0.004805591961555278,-0.002471247980229907,-0.006849315068493289,-0.0030229505588480476,-0.003273696231442802
2025-01-21,0.0013247878549178527,-0.0013043478260870156,0.019914244878513676,0.0009319664492080104,0.0008777179333732121,0.004582951420715187
2025-01-22,0.00586426374883775,0.009142359599477512,-0.01041666666666674,0.009683426443202858,0.004504324949176741,0.004029805352798066
2025-01-23,0.0004976892996799709,0.0017256255392579245,-0.0026905829596411968,-0.004057543341940195,-0.003690476190476244,-0.0022718667171526263
2025-01-24,-0.0021318931210916325,-0.0008613264427217437,-4.733055660732788e-05,-0.007037037037037064,0.00015931811845315558,-0.0036432637571156556
2025-01-27,-0.025316906423586194,-0.0060344827586207295,0.012874520755431496,-0.013614323013800722,-0.00043805503564176007,-0.008303496610040373
2025-01-28,0.008329375662148752,0.0017346053772768766,0.014767045189027606,0.012478729438457181,0.0007968127490038945,0.009678906129973797
2025-01-29,0.011448860548531004,0.006493506493506329,-0.004881418374395596,0.0029878618113912125,0.004697452229299293,0.004184418746196128
2025-01-30,-0.0010029730988287966,0.011182795698924775,0.0056920727474663035,0.006888847514429308,-0.002416990252793294,0.0009849231002347913
2025-01-31,0.01043422137760408,-0.0004253509145045742,0.003405116878336223,0.00887573964497057,0.0014298764745601655,0.0029518619436874616
2025-02-03,-0.015684882895670715,-0.013191489361702113,-0.003714573970466817,-0.009714076246334358,-0.0006742553444650801,-0.00528262017960901
2025-02-04,-0.0001442065037133844,0.009486847779215157,0.0072727272727273196,0.003331482509716821,0.0011112875059533511,0.0006828010014414687
2025-02-05,-0.004254705415735027,0.00128150363092705,-0.011972764246218515,-0.004427227448810189,0.0015461465271169317,-0.0035633055344957976
2025-02-06,0.016693221320973173,0.017064846416382284,0.019148050506452075,0.006299796183064643,0.0012270910026521697,0.01536939815871552
2025-02-07,0.001460269971863104,-0.005872483221476488,0.009575675062400757,-0.004050819370281733,0.0001976753380248386,0.006669164481079237
2025-02-10,-0.0005690305142613816,0.004641350210970341,0.002742065989391307,0.01386577925679422,0.0005138543025415832,0.006476105404198407
2025-02-11,-0.0045904206106325285,0.006299874002519967,0.0,-0.003646973012399801,0.0,0.003623992308261048
2025-02-12,-0.003932363350373613,0.002921535893155358,0.014524588694131868,-0.0032942898975110158,-0.00035556257901392385,-0.0002947678703020262
2025-02-13,-0.0012561461436314536,0.01872659176029967,0.004021033096195392,0.004957767168564109,0.005216772714697893,0.0024325519681558383
2025-02-14,-0.002443582003737066,-0.00040849673202625336,0.00594137839978881,0.00036543029417135386,-0.002319638293689863,-0.003750275755570409
2025-02-17,0.0,0.004495300367797217,0.019425121407008694,0.005844748858447435,0.0003546658259772073,-0.0025834071449659657
2025-02-18,0.0056195965417866756,0.0024410089503661414,0.005836659370842545,0.006537134556019675,0.004766594445538841,0.007770295271220418
2025-02-19,0.0006806132683765398,-0.012987012987012991,0.001152024576524191,0.0054122316435143425,-0.0037638202775818197,-0.004405933323542333
2025-02-20,-0.0018972614999106518,0.0,-0.008353221957040469,-0.00556253364435666,0.0001180637544273555,0.001696415400501472
2025-02-21,-0.005917796427802768,0.000822368421052655,0.004813477737665384,0.006495849873691784,0.00047219926809116686,-0.004417936823503332
2025-02-24,-0.016055128621423664,-0.003697617091207861,-0.005731394354148822,-0.017927572606669107,0.00043264503441498015,-0.007100066563124119
2025-02-25,-0.010376943385157045,-0.0012371134020618957,-0.007011959046717697,-0.010222709017889797,3.931435760340385e-05,-0.0016387337057728324
2025-02-26,0.008003260587646999,0.014863748967795187,0.012823289867001542,0.0031353744005901962,0.0007862562409088891,0.0038797284190108527
2025-02-27,-0.0009924646204743093,-0.010170870626525663,0.007613670387955018,-0.005699577128148614,0.003888910712181337,-0.0004459308807135409
2025-02-28,-0.008941055265287878,-0.0012330456226878894,-0.023517425818228133,-0.013868343195266308,-0.0037955861637188892,-0.006691947356680883
2025-03-03,0.0030443660664563055,0.013991769547325061,-0.003173499108811817,0.0030001875117195986,0.004556345496680825,-0.00029942360955159675
2025-03-04,-0.032201946922308156,-0.02759740259740262,-0.010248582642826132,-0.03084688726864837,-0.0008211143695014966,-0.014825907899663204
2025-03-05,-0.02004054002371214,0.02003338898163598,0.008151575236836406,-0.00462962962962965,-0.005400328715660985,-0.0006840465151630726
2025-03-06,-0.008937282909885713,0.005319148936170137,0.018400349650349535,0.0013565891472868685,-0.007160843563109864,-0.0014450867052022698
2025-03-07,-0.006536977238717823,-0.009361009361009365,0.0003433329041673261,-0.015676407973679196,-0.00031703257509718696,0.001599512529514957
2025-03-10,-0.0246551450768987,-0.015201314708299107,-0.0008151357844609075,-0.009437672040896516,0.0029731229683660487,-0.009201520912547556
2025-03-11,-0.01658132162887105,-0.014601585314977017,-0.01416917131816231,-0.02342199285430724,-0.0014228686613176889,-0.00874971218052023
2025-03-12,0.0066121167038599715,0.007620660457239525,-0.006141114982578411,0.010772357723577208,-0.001306154759548872,0.010375532326751813
2025-03-13,0.00509072994498716,-0.00588235294117645,0.003505850387834686,-0.011662980092499442,-0.0011889663918832616,0.010345620354050178
2025-03-14,0.006331182092966348,0.014370245139475823,0.013668719158041798,0.017497456765005026,-0.0011903817157369323,0.008267597087378675
2025-03-17,0.0006900190769980608,0.009166666666666545,0.011890401516456928,0.007998400319936039,0.0016287938979817618,0.004287971112615585
2025-03-18,-0.007057678267218259,0.005780346820809301,0.006130790190735702,-0.006347946835945084,0.004878435727600827,0.0020973782771536165
2025-03-19,0.00821078431372535,0.003694581280788256,0.010282667569397441,0.009582751048113236,-0.0031970318913798756,-0.011361937509343778
2025-03-20,0.017949029617924772,-0.009406952965235194,-0.004523560209424127,0.0003954913980621644,0.000752326272025261,0.0009829124451836702
2025-03-21,-0.012418404712625342,-0.002064409578860338,-0.009214457020238154,-0.0023720102787112562,-3.956635277369003e-05,0.0
2025-03-24,0.024463969047235246,-0.0033098882912702132,-0.006200101919483503,0.011690112938379293,0.00019783959165908804,-0.0006042752473750523
2025-03-25,0.0016523073291632162,0.012868410128684005,-0.006067857448081471,0.0021543282412848086,0.0,0.0042324843171339666
2025-03-26,-0.0052236754251601125,-0.012704918032786838,0.00627687016337064,-0.008794215360562907,0.0,0.00797772258598628
2025-03-27,-0.004895767530006312,-0.005396430053964285,0.004144236520550182,-0.005717665615141976,-0.0013846032122794005,0.001493317404614336
2025-03-28,-0.02697984446913182,-0.009181969949916602,-0.015061906990596952,-0.026769779892920953,-0.00075268391237171,-0.005293372101692451
2025-03-31,-0.01684064589789591,-0.015585509688289645,-0.009244459803879335,-0.014058679706601462,-0.001308277830637583,0.0
2025-04-01,0.01584339098336862,0.013692768506632369,0.00767386091127098,0.016325687125439137,0.00011909015124444977,0.0
2025-04-02,0.000326623933368575,-0.0029548332629801832,-0.0022067413785643586,-0.0032533550223667884,0.0,-0.007645030730025315
2025-04-03,-0.048079670217542114,-0.03513971210838285,-0.03209019947961844,-0.05875152998776012,-0.0031753592125109975,-0.039501510574018184
2025-04-04,-0.034386656948076966,-0.046511627906976716,-0.036379928315412036,-0.050498482878196804,-0.009636059568368216,-0.0299598962019344
2025-04-07,-0.04573509169219847,-0.04601932811780951,-0.03886925795053009,-0.027619265007989058,-0.010734963010614273,-0.03923476005188076
2025-04-08,0.0594667535247313,0.026531596719729933,-0.009336300309597534,0.0255868544600939,0.006746596220280399,0.03307458656766782
2025-04-09,-0.056216785980939044,-0.03195488721804507,-0.02758923775574984,-0.05355916685740436,-0.009325420855032074,-0.031198954590003214
2025-04-10,0.050444413420819956,0.043689320388349495,0.03781259415486593,0.03893591293833132,0.011858190709046479,0.035154274152756626
2025-04-11,-0.025871616533026165,-0.006511627906976791,-0.013209464363477919,-0.0027932960893853886,-0.0026579678627521863,-0.011971658929880391
2025-04-14,0.02610396107144486,0.025749063670412076,0.026870648229871508,0.02450980392156854,0.0024631536442558666,0.022584899439498818
2025-04-15,0.0019500952887470113,0.013692377909630293,0.0038200744914527185,0.016860332649806464,0.002940465640860479,0.011446074480090385
2025-04-16,-0.02782324058919805,-0.002251238180999593,-0.011654457235277249,-0.021958323997311346,0.0007630828547331436,-0.004064392731909505
2025-04-17,-0.005642005642005676,-0.006317689530685899,0.006497569427732497,-0.002978235967926568,0.002448029536880947,-0.003120748979755117
2025-04-18,0.0,0.0,0.0,-0.0020680147058824705,0.0,0.0
2025-04-21,0.0,0.0,0.0,-0.02763067004374864,0.0,0.0
2025-04-22,-0.025167017479637566,0.0072661217075387086,-0.001195485845447597,0.02723182571631555,0.0009207734496978759,-0.002488360892599184
2025-04-23,0.056092752534735446,0.02705139765554554,0.03605113228323842,0.03596127247579517,0.005759539236861011,0.018025267562565395
2025-04-24,-0.00751144495310907,0.004828797190517875,-0.01247689463955648,0.015576323987539054,0.0010339616638828097,0.0045055726820013575
2025-04-25,0.0107478728168382,0.007863695937090354,0.004773046326626229,0.0028483786152497803,0.0013507071349119215,0.001101668240478526
2025-04-28,0.007842268498006177,0.00346770697876031,0.013133383010432098,0.00021848372296262575,0.0011901928112354465,0.0028297437509825496
2025-04-29,-0.004703917000043911,-0.0008639308855291628,-0.007952560448653112,0.006771515945827922,0.00015850372483749986,-0.0003919109578303104
2025-04-30,-0.010203180212014162,-0.0004323389537396194,0.004355683239886998,0.0026036016489476843,-0.0019413629160063284,-0.005488904571473441
2025-05-01,0.04306305502253571,0.0,0.0,0.026401211858904983,0.0,0.0
2025-05-02,0.004620518524856676,0.025086505190311303,0.015132641291810911,0.011806873286949182,3.969671708148326e-05,0.0
2025-05-05,0.0036197938846775912,0.0025316455696202667,0.004044902967777153,0.0006251302354658428,0.0,0.01403453441614766
2025-05-06,-0.010226163703483726,-0.0033670033670034627,-0.002806445772225108,-0.006663890045814247,0.0009526833915529664,-0.004976284892310168
2025-05-07,0.005487438909371534,-0.005912162162162171,0.005855651384475635,-0.002096436058700246,0.0009517766497462166,0.002578729389700829
2025-05-08,0.009294789801313152,0.011045029736618694,0.004287197075680149,0.021428571428571352,0.001347068145800323,0.005845674201091278
2025-05-09,0.007646164244677234,0.005042016806722671,0.0,0.002056766762649209,0.0,0.011313444401394701
2025-05-12,0.03483838510879145,0.01672240802675584,0.03446571402893861,0.05233990147783252,0.007913270554720242,0.013945291548540517
2025-05-13,0.010452114730189477,0.00493421052631593,-0.0033013335650059483,0.010142383460113091,-0.0019627855853026066,0.0021914909695457396
2025-05-14,-0.0036484644374950026,-0.0016366612111293755,-0.0051427326214861235,-0.004441011778335557,0.00409062303335439,-0.003920977228170752
2025-05-15,-0.00281678805681862,0.002049180327868827,-0.009550094186708713,-0.001163692785104753,-0.004622375430899384,-0.00037850113550330633
2025-05-16,0.008191759815987965,0.0032719836400818547,-0.015170949621832075,0.0025242718446603085,0.000550964187327807,0.0028776978417266452
2025-05-19,-0.0027617675312199275,0.002853648593558855,0.0,-0.009877977919814152,0.0,-0.0033980215963151927
2025-05-20,0.0015251856311457868,0.005284552845528312,-0.012171023084523558,-0.000978090766823092,0.000786658275645058,0.005000757690559077
2025-05-21,-0.013305013425239376,-0.0004043671653862768,-0.007865423959990903,-0.001958096729978487,0.00019650998270726028,-0.003618817852834688
2025-05-22,-0.005280045489622687,-0.005258899676375384,-0.005819814865731909,-0.007651559741024161,-0.0007465912216589876,-0.004918280871670788
2025-05-23,-0.017189988158915592,-0.01789345262301756,-0.010417146808020195,-0.020363780150257083,-0.0005505308690523236,-0.005702988365903772
2025-05-26,0.0,0.012836438923395477,0.006055242442591702,0.011503531786074772,0.0,0.004970939125114704
2025-05-27,0.012962193601994132,0.004088307440719419,-0.00018519375897041446,0.009577015163607427,0.0015344664778094153,-0.0020546381553916415
2025-05-28,0.012304158805676257,-0.005293159609120468,0.007733271590645963,0.004150197628458585,0.005657041838538657,0.00976056123227087
2025-05-29,-0.0021473138319423324,-0.0032746623004501485,0.0,-0.010627829167486724,0.0,-0.00528621054221412
2025-05-30,-0.005237727881765353,-0.000410677618069899,-0.005743957356860618,-0.005370996618261459,-0.0020703933747412417,-0.009186152444579432
2025-05-31,0.0,0.0,0.0,0.0,0.0,0.0
2025-06-02,-0.010367346938775501,-0.0016433853738700988,-0.0146508295974489,-0.006399999999999961,0.005284584670789849,-0.008428472913952878
2025-06-03,0.014682834281943391,0.003292181069958877,0.00844277673545979,0.014895330112721483,-0.0036213543086328626,0.00641372382350669
2025-06-04,0.008535891390943906,0.005332239540607242,0.013906976744186172,0.00952003173343896,0.0009770204783492442,0.010058353808353848
2025-06-05,-0.008947283572464881,0.001223990208078174,-0.00165145190146343,0.014145383104125608,0.0008589388201305503,0.0
2025-06-06,0.019764131760878323,0.003667481662591676,0.01327941919772102,0.0044556373498645385,0.00019504583577112378,0.0
2025-06-09,-0.003110543946402977,-0.0012180267965894442,0.0,0.005014464802314267,0.0,0.0
2025-06-10,-0.0024001920153612355,-0.0008130081300814496,0.010792671866497239,0.006524659374400388,0.0017160686427457605,0.008285822881033633
2025-06-11,0.0015638784184779375,-0.004068348250610199,0.0024226110363392284,-0.00343183984747375,0.000545086435134845,-0.003543425814234058
2025-06-12,-0.015013812707691088,-0.006127450980392246,-0.019020766201217287,-0.01300937440214267,0.0,-0.01800711205265937
2025-06-13,0.0009348833428175496,-0.012741471434443041,-0.010447556914092715,-0.006396588486140775,-0.0014787142968324396,-0.00855227675475756
2025-06-16,0.0010152284263960087,0.00915903413821817,0.0023974181650530113,0.004096761607491173,0.0005455962587683771,0.00038856077090443364
2025-06-17,0.0009330628803245755,-0.009900990099009799,0.008186919326648834,0.004468622498542851,-0.00011684973124570508,-0.00473860017090022
2025-06-18,0.0029181696591416006,-0.003750000000000031,0.004151459854014661,-0.003094777562862694,-0.00038954462233631304,-0.005151420543240803
2025-06-19,0.0,-0.012965286491007921,-0.010085866157830248,-0.01028327512611571,-0.0010521803515063377,-0.004628903185312949
2025-06-20,-0.003394625176803334,0.007203389830508389,-0.00022947358758995673,-0.0015683199372671375,0.00011703206678648215,0.003310475289666659
2025-06-23,-0.0021085925144965767,-0.0021034917963820288,0.0,-0.004123306499116408,0.0,0.0034566737371357625
2025-06-24,0.00727376163192317,0.01728499156829688,0.016939037825927317,0.018927444794952786,0.0018722939501503166,0.018633054098489144
2025-06-25,0.007221236081975224,-0.011189390799834165,0.0035661084277525124,-0.0003869969040248833,-7.786645902296829e-05,0.002382599339020519
2025-06-26,-0.007650098129530991,-0.002933780385582563,-0.007421734436847793,-0.0011614401858303092,-0.00019468130670097228,0.00015335071308086867
2025-06-27,0.008758475944462552,0.017234131988230317,0.004078488240358835,0.008333333333333304,-0.00023366305787031472,0.0
2025-06-30,0.005321490017204722,-0.004545454545454519,0.0019406959425916082,-0.006919085143186621,0.0003505765035836106,0.01034958601655922
2025-07-01,-0.003183952877497398,-0.002490660024906499,0.0003603603603603567,0.0019353590090962491,0.0007009072855419518,-0.0015175658244175327
2025-07-02,0.00339375548989862,0.006658343736995365,0.0105367435158501,0.0067606722039790235,0.000583680298844147,0.001519872330724148
2025-07-03,0.008674545382197252,0.004960727573377399,0.00556991355494163,0.014773599386032288,0.0012055689507661782,0.011457621974353183
2025-07-04,0.0,-0.010283833813245602,0.004741436610980809,-0.010398941198714207,0.00011652748106438793,0.0
2025-07-07,0.005049508856365126,0.009143807148794814,0.0015436182411572297,0.002292701566679378,0.0006602454559576643,0.0006751687921977556
2025-07-08,-0.0031008360482004393,0.005354200988467728,0.004227398828658302,0.004193671368661889,0.004929167475257179,0.004423120173926209
2025-07-09,0.0042916765099614285,0.013928717738631802,-0.004385003288752465,-0.0037965072133637756,-0.0036304650084968415,0.003955814300641958
2025-07-10,0.00023522954483090608,-0.00121212121212122,0.006166042721867271,0.0066692073170731,0.0008527792852157656,0.0023046613634674085
2025-07-11,3.9195704150785105e-05,-0.010113268608414216,-0.00043773254541468187,-0.006814310051107331,-0.00011618900077448036,-0.004376205310784753
2025-07-14,0.0,-0.00286064568859834,0.004510619662798421,-0.0009529254812272736,-0.00027113917186349923,-0.0021604708336436795
2025-07-15,0.007682056909931845,-0.0024590163934425924,0.006059813410062009,0.008393742846241947,0.004959318093761933,0.002837091234881184
2025-07-16,0.00011668611435222687,-0.010682004930156141,0.0019933266889109458,-0.008702232311766922,-0.005513146734520857,0.0013400833829662062
2025-07-17,0.007350367518375922,0.014950166112956964,-0.0022488431431907374,0.016793893129771087,0.005311106803644217,0.006691449814126393
2025-07-18,-0.0027411010732760754,-0.00327332242225864,-0.0025139785878376397,0.0011261261261261701,-0.00443467530464281,0.0033234859675035366
2025-07-21,0.002090511401029893,-0.0024630541871920597,0.00469299960891667,0.0009373828271466156,0.0005035441763179271,0.004416635995583285
2025-07-22,-0.010817075526366682,-0.00864197530864197,-0.0025085420180788187,-0.009365049634763034,0.00019357336430503302,-0.007988274093074232
2025-07-23,-3.905487209521219e-05,0.012038190120381875,0.01769067337293495,0.004726791453961043,0.0008902651441839993,0.0057624113475174266
2025-07-24,0.005155444461802716,0.00041017227235440323,0.001576413446380709,-0.0007527286413248069,0.0013922190424626724,-0.001322168356103881
2025-07-25,0.004585017096673916,-0.0004100041000411059,-0.0046792581248937815,-0.00037664783427504567,0.00019309492546537577,-0.001029714621947786
2025-07-28,0.010752688172043001,-0.001640689089417502,0.010983844773057694,0.012057272042200529,0.0018147418819258743,-0.000662641731703717
2025-07-29,0.007576917189652699,0.0069843878389483915,0.0037624180934263673,0.0050260610573342746,0.00042395745008860786,0.005157297576070308
2025-07-30,0.0012153437143942458,0.002855977152182554,0.007917789757412308,0.0035191702167067795,0.0,0.008722421754745913
2025-07-31,0.01069721568924975,-0.013425549227013778,-0.007646665552398346,-0.0016611295681062677,0.0007319798127671806,0.003051881993896055
2025-08-01,-0.042073262272932066,-0.029278350515463902,-0.025516863867952377,-0.038084673691994864,-0.0008084385586694109,-0.018110692552883223
2025-08-04,0.01214590761274148,0.01656754460492782,0.004882685909346263,0.009033250048049224,0.0002696975534579593,0.012689980817470747
2025-08-05,0.0039097278674562475,-0.00041788549937304964,0.01229790161678701,-0.005142857142857227,0.0009244280101687874,0.010126766720093272
2025-08-06,-0.013457237603146321,0.0025083612040133207,-0.008877750403534002,-0.002488991001340146,0.000346340337104456,0.0001442481067435164
2025-08-07,0.010748485440688071,0.01209341117597984,0.01830026143230601,0.008829174664107597,0.0008078476630122289,0.010744934016009289
2025-08-08,-0.004176334106728685,0.002884219200659288,-0.0033670033670032407,0.002092846270928428,0.0001153136531364396,0.0005707762557078944
2025-08-11,0.00601894998446717,-0.0024650780608052036,0.004518581081081052,0.003417505221188444,0.001537338099081298,0.0012835139760409842
2025-08-12,-0.0020843787393369784,0.0008237232289949326,-0.002942783873544408,-0.0007568590350046644,0.00046049349552945706,0.001210653753026758
2025-08-13,0.008509650717518413,0.00864197530864197,0.0056921195766750365,0.005491384207536365,0.0006520655134056863,0.0030585390141546487
2025-08-14,0.0016492156637133437,0.008567931456548328,-0.0015512326010397315,0.0018832391713747842,0.0005749770009197963,0.0005672954190893975
2025-08-15,-0.003867361004748271,0.0024271844660195274,0.0,-0.0020676691729323293,0.0,0.0
2025-08-18,0.0009609840476647591,-0.0028248587570621764,-0.0026034012177199584,0.0013185157280088955,0.00015323909129216773,-0.00326009922041115
2025-08-19,-0.0011904761904761862,0.008093889113719221,0.001473498084452407,-0.0007524454477050302,-0.00019151951583873394,0.004052901023890998
2025-08-20,-0.009073782152331678,-0.002810116419108777,-4.2038002354138904e-05,-0.014495481927710774,-0.0006512910888053502,-0.0014163302882232998
2025-08-21,0.004500834206339954,-0.0012077294685990392,-0.00369949972674144,0.0038204393505252288,0.003833620854897468,0.0019147578185945147
2025-08-22,0.001390551971879983,0.00443369609028621,0.006455968606270401,0.012369172216936342,-0.0047355356119915815,-0.0015571913929784964
2025-08-25,0.006441658630665481,-0.007624398073836303,0.015973503270166,0.007518796992481258,0.0,0.008436126471005334
2025-08-26,0.000574888854821376,-0.010513546300040533,-0.008046878223909593,-0.005597014925373234,-0.00015348605195508735,-0.0030228471001757518
2025-08-27,0.009001417244417276,0.000817327339599494,-0.01077460687245202,0.010694183864915496,0.00023026442030937844,-0.004794810322944598
2025-08-28,-0.005011009035001068,0.0008166598611678566,-4.205391311662421e-05,0.0,0.0,-0.009635822587501619
2025-08-29,-0.0025944296070202766,-0.008567931456548328,-0.0038691227184791677,-0.010209764247261832,-0.005026282469401067,-0.0026470167405924228
2025-08-31,0.0,0.0,0.0,0.0,0.0,0.0
2025-09-01,0.0,0.0024691358024691024,0.0045174364603564054,0.00037509377344346895,0.0048588616381304295,-0.0033713506922028458
2025-09-02,-0.009027618391859948,-0.01518883415435146,-0.004707266843189228,-0.014998125234345738,-0.001381533502187282,-0.0029509140636245768
2025-09-03,0.005751563344398969,0.006669445602334401,0.0032515518770321883,0.009706889988580159,-0.005226346937207027,0.004836497509564719
2025-09-04,0.004951065054691783,0.004554865424430732,-0.0022308275107332243,0.008671065032987757,0.005215174225449815,-0.0015086206896550713
2025-09-05,-0.0008020164986249911,-0.005358615004122158,0.011600928074245953,-0.0011212857409829136,0.0016140809346298912,0.0018706381754083345
2025-09-08,-0.003975079310476692,0.008702859510982153,-0.0005421184320267836,0.007109448082319947,0.0007673713693741036,-0.0031597845601436525
2025-09-09,0.0018035995241567626,0.0016433853738702098,0.00897066800183599,0.005201560468140354,0.00011501744431252625,0.00108061378863189
2025-09-10,0.009269899639929635,-0.0004101722723542922,0.009924737407989381,-0.0035113657364627127,0.0004983516062255777,0.002014968336211842
2025-09-11,-0.0005693031729164799,0.004513746409519959,-0.003767095241994922,0.004080118694361978,0.0004214720870532318,0.004740017236426253
2025-09-12,0.00698743022063586,0.0008169934640522847,0.007151664611590558,0.0012929442186921936,0.0003829950210645361,0.005218012866333055
2025-09-15,-0.0016593128936154278,0.011428571428571566,-0.00171400587659154,0.0036893562073416764,0.0008805513016845179,-0.0031998862262674344
2025-09-16,-0.006157216786914943,-0.014931396287328536,-0.0020031068596190194,-0.0020216871898548483,0.000229506942585056,-0.0019260950206877459
2025-09-17,-0.004751045229950623,-0.0008193363375665896,0.013640273624708099,0.008103130755064525,0.00019121190102877605,-0.000571796154670734
2025-09-18,0.0092801222073704,0.016400164001640016,-0.0040814677119535014,0.020825721592985014,0.0011852871453696956,0.008367303153829608
2025-09-19,0.0035189950052973984,0.0004033884630900708,-0.0026780279975654464,-0.0034001431639227864,0.0006110368531599963,0.002340425531915047
2025-09-22,-0.001734474567323896,-0.0028225806451612767,-0.004027828634199815,0.00897827258035555,0.00022899889317207212,0.00516521616075849
2025-09-23,0.0033238904627006516,0.005661140315406321,-0.006781045751634074,0.003915287417689983,0.00038157744114175607,0.0017598197944530547
2025-09-24,-0.0019199638595037705,-0.0012062726176116367,0.00991198486468714,-0.0035454706612302322,0.00034328870580147,0.009978216569460852
2025-09-25,-0.006487628243814214,-0.0036231884057971175,-0.007167582976990494,0.003202277174879864,-0.0007244718981164189,-0.005565991790162039
2025-09-26,0.009946848899012872,0.01090909090909098,-0.01599737478977814,-0.004433410179109809,-0.00045789292937004067,0.001959000909536046
2025-09-29,-0.0025186076234867683,0.0015987210231813709,0.014298220017508134,0.009440684004275113,0.0006108035884710983,0.0032120661964945008
2025-09-30,-0.0018466176747692353,0.003990422984836428,0.005753739930955071,-0.005117346038468362,-0.000267063446644511,0.0020881186051369127
2025-10-01,-0.0024541267084499108,0.009538950715421324,-0.0012258908139914926,0.004788932245477051,0.00034345901389087885,0.01027991942765838
2025-10-02,0.009537867605314165,0.011417322834645693,0.013255871041649714,0.013945278022947871,0.0011826193110289207,-0.003093846682708734
2025-10-03,0.001499643834589115,0.0007785130400934648,-0.0010094484373738277,0.002089136490250665,-0.0005334552659654879,0.00206896551724145
2025-10-06,-0.0007486991352524397,-0.00388953714507978,0.002020936906349746,0.008339124391938846,-0.0005337399923750485,0.004129387474191226
2025-10-07,0.007155434008916162,-0.002733307301835186,0.0006453955064338324,-0.005858028945554761,-0.0004195910894111421,0.0006854009595613775
2025-10-08,-0.00018598422853721708,0.006656225528582693,-0.0011690248720118701,0.014558058925476569,0.0028620492272466436,0.008150684931506724
2025-10-09,0.006361843818594393,-0.004667444574095736,0.0075066591331018895,-0.0013665869490946392,-0.00506088280060879,0.004144303281472972
2025-10-10,0.0037707948243992373,-0.016412661195779554,-0.005648133311969228,-0.02617174136161482,-0.0020652464909932666,-0.003518267929634722
2025-10-13,-0.013221862109605076,0.006356773937226778,-0.01083672400596225,0.00966098717723507,-0.0006898401870233384,0.0008147745790332284
2025-10-14,-0.007464636285597015,-0.0027635215159887982,-0.01136271075995765,-0.003479471120389599,-0.0001534036433366026,-0.003867028493894087
2025-10-15,0.012446884518482415,0.009501187648456089,0.01841400617919664,0.007506983240223475,0.00391239308043434,0.0017707552952392902
2025-10-16,-0.005942653394740871,0.008235294117647118,0.007078715314295048,0.0006931207762952418,0.0,0.00033992793527759524
2025-10-17,-0.0085936332386789,-0.008168028004667427,-0.00891673695625983,-0.00848484848484854,-0.0013372559507890402,-0.012573059671061482
2025-10-20,0.011946936006633102,0.012941176470588234,0.021479229989868287,0.021655606007684236,0.000994720330553145,0.0034413930759171762
2025-10-21,0.007895422889277803,0.0015485869144407083,0.005554453481452004,0.007692307692307665,0.0009172909341079727,-0.011592015913299947
2025-10-22,0.0031777703876141317,-0.008117510630073488,-0.0003550996251725502,-0.009160305343511532,0.0003818542844051809,0.004996530187369785
2025-10-23,-0.0028730339975691077,0.00506625097427893,0.000947268708556992,0.0003424071220681224,0.0012978089930528736,0.008838558210191971
2025-10-24,0.006242842894610412,0.0011632415664986073,0.009660883280757204,0.010268697586856002,0.0008005489478499772,-0.0009582477754961349
2025-10-27,0.004515418502202717,0.006196746707978207,-0.0015621948838118183,0.005759783161104481,0.0018283624728603343,-0.010413812003288614
2025-10-28,0.000694368307568638,-0.0011547344110854896,-0.007158224134559021,-0.001179046656560545,0.0009505342002205097,0.0076156189421212606
2025-10-29,0.0036520341830399428,0.0003853564547207089,0.01103143960286812,0.0001686340640809636,0.0006077641874953077,0.010787412395217855
2025-10-30,0.003820682628629779,0.0,0.0029226093055880753,0.0018546619457089353,-0.0003796218965911313,-0.0055740602270411
2025-10-31,0.00206619059702029,-0.006933744221879756,0.004973384621362209,0.0026926960619320095,-0.00026583624487308555,-0.0002050721170278047
2025-11-03,-0.0003617421501954654,0.003103180760279267,0.003866228494104007,0.004196038939241253,-0.0008357075023742722,-0.001435799261588766
2025-11-04,-0.002388362162553226,-0.0034802784222738303,-0.006162141344116967,-0.012869797760320822,-0.0008364064935557636,-0.01246148579253692
2025-11-05,-0.0021038885664538265,0.002328288707799775,0.0019763611703158546,-0.0028784287165594113,0.0003424527224991092,0.0013173403591486554
2025-11-06,-0.01028716830243559,-0.010452961672473893,0.0131110767326732,-0.019188317201562333,-0.0001141118295928667,0.005262429026450688
2025-11-07,-0.016417526719800124,-0.007824726134585291,-0.0107272380225234,-0.019736842105263164,-0.0008749572031803154,-0.011985121917619579
2025-11-10,0.019380134428678142,0.01735015772870674,0.013660569576290804,0.023489932885906173,0.0009518732866280466,0.01673173452314569
2025-11-11,-0.00032968240594910547,0.010465116279069653,0.007537688442211143,0.0020707506471095982,7.607744684112738e-05,6.856829402068776e-05
2025-11-12,0.007548552583363843,0.010740314537782902,-0.001586941736567704,0.0024108834165661452,0.0007226807652809253,0.007953376756941966
2025-11-13,-0.012765493162641861,-0.007590132827324569,-0.003103239479261277,-0.012025425184676197,-0.0006081337894338068,-0.0018366097544383342
2025-11-14,-0.014367286793147804,-0.008795411089866034,-0.014083972363526098,-0.0008694140149538843,-0.0018255115235416008,-0.012334741720049114
2025-11-17,0.007923752569613196,-0.009645061728395077,0.0025412960609911828,-0.009049773755656187,0.00034290939571746115,0.0012419788863589076
2025-11-18,-0.021915674713538835,-0.019088430074016394,-0.02216077121020088,-0.02265542676501575,-0.0014473433631688737,-0.012473296120184663
2025-11-19,0.015923566878980777,0.0011914217633042234,0.0029457973291437956,0.003593890386343279,-7.628637906720304e-05,0.010676901605024325
2025-11-20,0.015711300194058975,0.004760015866719369,0.007714901116115058,-0.0030438675022381734,0.0012969673850848906,0.0023475799212868687
2025-11-21,-0.026527537935849055,-0.009869719699960533,-0.012979947147520599,-0.005567528735632266,-0.0009143205455446335,-0.015843493834814204
2025-11-24,0.012870352896773074,0.003987240829346206,0.00952830931569415,0.011919812172656696,0.0011820781696854077,0.00034996850283453007
2025-11-25,0.00204948576538988,0.008339952343129564,0.005265210608424331,0.007495984294128233,0.0004570383912247955,-0.0004897844948221763
2025-11-26,0.012680822580045215,0.014572666404096157,0.009039767216294736,0.00797165633303809,0.0006091061367441419,0.009730486524326398
2025-11-27,0.0,-0.00038819875776407997,-0.0007305444478621359,-0.004745166959578162,0.0007989651499011874,-0.0030504714364947283
2025-11-28,0.0024236192714455207,0.0027184466019416487,-0.00019238908769103613,0.006357054564718245,0.0006082493822465729,0.0038247566063975835
2025-11-30,0.0,0.0,0.0,0.0,0.0,0.0
2025-12-01,-0.004176130119422861,-0.00038729666924874895,-0.0005772783251231095,0.0008773469029654812,3.7992477489590115e-05,-0.0009005888465535294
2025-12-02,0.002906121247792992,0.0034870205346764216,0.010319996919403884,0.005259467040673371,0.0004938834435073147,-0.0009707391485229699
2025-12-03,-0.005868759857682648,0.0011583011583011782,-0.0031634714334717318,0.005929543076386379,0.0005316119232958716,-0.0005552470849529145
2025-12-04,0.0015496439508542181,0.0038565368299268155,0.0003058805536437781,0.0038141470180304005,0.00022771262666521075,0.0034027777777778656
2025-12-05,0.007367839381101415,0.0011525163273145012,0.00871493005121926,0.011398963730570033,0.0004553215708593683,0.011696311163402306
2025-12-08,0.0008411044066558571,0.00038372985418266836,-0.005494505494505475,-0.00017076502732249477,-0.00015170478249337815,-0.004241346285401626
2025-12-09,-0.0015711780181233426,-0.0011507479861910808,-0.005029529434177893,0.0,-0.00022759170048936017,0.0022671063478976183
2025-12-10,-0.0032936870997254397,-0.0019201228878648058,0.007314364492781555,-0.000512382578992221,-0.00041734643548207995,0.004935225169648616
2025-12-11,-0.008298145768313003,0.008464794151596955,-0.011405109489051046,-0.00837320574162681,-0.00018978213011444645,0.0024554941682013443
2025-12-12,0.005109407975119495,-0.005723006486074045,0.00992155053068755,-0.007754609684645919,0.00022778178505000746,0.0070762740695380355
2025-12-15,-0.011124617821490546,0.005755947812739803,-0.006130530804965395,-0.006425842306356344,0.00030363988309867196,-0.008783190324977874
2025-12-16,-0.006071894207487438,-0.005723006486074045,-0.013830887705451933,-0.0062926061877294215,0.0003794346423826589,-0.005657419398814034
2025-12-17,0.0017614871448918823,-0.0069071373752878085,0.01247086247086271,-0.0005277044854881119,0.00015171629053667424,0.007334795722511611
2025-12-18,-0.0005237756743613486,0.011205564142194868,-0.0051417827404935945,0.00827173530447034,0.0004171565095376639,0.000816604287172451
2025-12-19,0.0077484559236384865,0.0034390523500191783,0.008408223087900568,0.002792808518065959,0.00015163002274443116,0.006459509077310299
2025-12-22,0.0027858257187429736,-0.0030464584920031346,-0.00749665327978577,0.0040034812880764825,0.00015160703456640334,0.006012700986353092
2025-12-23,0.0030744156758157892,0.0011459129106188293,0.0020810050483639486,-0.0029472954230236326,0.0004926481734122135,0.001947485058088727
2025-12-24,0.0,-0.00038153376573835107,0.0,0.004173187271778955,-7.57547062610886e-05,0.0
2025-12-26,0.0,0.0,0.0,0.003982683982683977,0.0,0.0
2025-12-29,0.003988183161004466,0.0011450381679389832,0.018113294619851672,-0.0010348395998619475,0.0007197242319785246,-0.0048927613941017745
2025-12-30,0.0023171987641605885,0.0076248570339305655,0.0067613507592352295,0.0029350828729282075,0.00022711787417661888,0.0010776587862868503
2025-12-31,-0.0002935672085427887,-0.00037835792659846046,0.00232619217348895,-0.0005164400068858876,-0.00018922191946724176,0.004642400592074214
2026-01-02,0.0008075468927797314,0.010219530658591935,0.011192214111922283,0.0024112986565620886,-0.0005299216472992585,0.007232788641843069
2026-01-05,0.0031175499724922506,0.013488197826901471,0.013733619604649583,0.023711340206185483,0.0023859117591364942,0.005851063829787284
2026-01-06,0.003400365630713109,0.0014787430683917968,0.015848092021179427,0.011413225914736591,0.0008689738552214443,0.010113696456901078
2026-01-07,0.0056845097110374,-0.0014765596160944972,-0.0005391998274559828,0.002655160969133874,0.00124570608886021,0.002421307506053294
2026-01-08,-0.004166817638320386,-0.003327171903881654,-0.00748093799453331,-0.006123800066203278,0.0007540340823404268,-0.0018931975453715388
2026-01-09,0.006512880221219763,0.01594955489614236,0.0009784026670534018,0.011323896752706064,0.000489752863170656,0.008633658185623894
2026-01-12,-0.002277410259190926,0.003650967506389158,0.0036925750280563108,0.0008233163181294856,0.0004895131227171667,0.007976136437325643
2026-01-13,0.0015217391304347405,0.0018188432157149048,0.003570784490531942,-0.0026324448831853697,0.00011290929619889312,0.009264024704065843
2026-01-14,-0.00882714709500032,-0.003994190268700071,0.006002012650948796,-0.013196964698119373,0.00022579309825765392,0.002358490566037874
2026-01-15,0.010329221111029963,0.005833029529711986,0.007788217641384598,0.016048144433299827,7.524737574771123e-05,0.0002543720190777421
2026-01-16,-0.003612586250496763,-0.002174700978615385,-0.0036158672764010635,-0.0046067785455742305,0.0003385877130279713,-0.003305995295314279
2026-01-19,0.0,-0.01634580457682533,0.002846266054719493,-0.013388429752066111,-0.0012410680707032329,0.005166804873381503
2026-01-20,-0.02425582828758932,-0.005908419497784201,-0.009720793273494954,-0.0077064834980733465,-0.0009037165342471454,-0.006853661632186925
2026-01-21,-0.0015234839476814255,-0.0003714710252601394,-0.0005732096155911526,0.0005065000844166612,0.0007537783137978593,0.00575079872204487
2026-01-22,0.007480183097019255,0.010405053883314697,0.010753844499408638,0.01333108336145794,0.002184310624035124,0.014866581956797909
2026-01-23,0.0011820330969267712,-0.001103346818683404,0.004220307124871425,0.0028309741881764605,0.00037578445003938477,0.004256917490922607
2026-01-26,-0.005275974025974017,0.0014727540500736325,-0.014585393417149484,-0.003155097974094967,0.000601029262612407,0.0072933549432741
2026-01-27,-0.0024108898037907833,0.00588235294117645,-0.003906389993907355,0.0,0.000713293539062132,-0.0005569651587350455
2026-01-28,0.0016731112433077122,-0.01023391812865504,0.023098510469885536,0.00416458437447953,-0.00015006002400963503,0.01535603715170275
2026-01-29,-0.009131064177276382,-0.007016248153618787,0.003059502039667983,-0.026708692767086872,-0.0004502476361999408,0.004634711550189241
2026-01-30,0.007454579509271531,0.009669021941242084,-0.005013497878904816,0.005624680415885486,-0.0001126126126125282,-0.024584193274250432
2026-01-31,0.0,0.0,0.0,0.0,0.0,0.0
2026-02-02,0.008254629285342485,0.009944751381215644,-0.01014799154334034,0.012203389830508504,3.754176521386654e-05,-0.007965648142385984
2026-02-03,-0.0002581501696417021,-0.0025528811086797942,0.025914851203189482,-0.025284661754855997,0.0012388317441249797,0.015682830437237394
2026-02-04,-0.011767309749529664,-0.004387568555758725,-0.007113115891741906,-0.004294794708812888,0.00022496344344036245,0.0028410845531468
2026-02-05,-0.008958566629339249,-0.0073448402497245935,-0.004612965228027233,-0.008109040717736327,-0.00029988379502932094,-0.019338547761286073
2026-02-06,0.003088512241054664,0.012578616352201255,-0.005441842502545424,0.0031309793007479048,-0.00026247703325954497,0.002323682723105014
2026-02-09,0.001389306097927312,0.010230179028132946,0.007872070036712753,0.00919022021848459,0.000787637836621391,-0.00031328320801993215
2026-02-10,0.01004912070193864,-0.0021699819168172763,0.012994290918006524,0.008934707903780037,7.495409061974989e-05,0.00658100908806003
2026-02-11,7.42473178154679e-05,-0.0018122508155128392,0.003665030080907128,-0.012942779291553075,-0.0002623196552372642,0.005292652552926436
2026-02-12,-0.001484836111214194,-0.004357298474945481,0.00396169215929465,-0.0200138026224983,3.7484069270732334e-05,0.00222979250541977
2026-02-13,-0.018141938362020826,-0.003646973012399801,-0.01581854990906917,0.010563380281690238,-0.0012744105851044685,-0.005809282491811341
2026-02-16,0.0,-0.001098096632503709,0.00013946028868283555,-0.004703832752613213,0.00033777444173410665,-0.0024243177721142706
2026-02-17,-0.0028397258717958174,0.006962257237083325,0.012654256431708921,0.0010502363031681394,-0.00018758910482485902,-0.0102193419740777
2026-02-18,0.016251518833535705,0.013828238719068464,-0.0011360115666632087,0.013289036544850585,0.0008255469248374947,0.01838327877109025
2026-02-19,0.0008967269466448879,-0.007178750897343877,-0.0009649848359526425,-0.004659188955996596,0.00044992688688094695,-0.010509396636993018
2026-02-20,-0.00048529192175594815,0.01193058568329719,-0.005692010487097998,0.00918862690707356,0.0005246786343366949,0.004498313132575316
2026-02-23,-0.0008590102707750624,-0.0028581636298677937,0.005620511397148142,-0.024909809311114972,0.00048694609881261286,0.012563751710411797
2026-02-24,-0.003252093301435388,0.0007165890361877647,0.007762635846127353,0.015503875968992276,-0.0006739049045301204,-0.0029484029484030394
2026-02-25,0.008963060191262029,0.009667024704618665,0.003800068469701934,0.007286606523247752,0.00029971527049288404,0.012136520453425392
2026-02-26,-0.006393101397561773,-0.00035460992907798694,0.012005047576822303,0.00017223561832580003,0.0004494382022472987,-0.006878081441353712
2026-02-27,-0.012943288942091846,-0.003547357218872005,-0.016277423920736167,-0.0008610297916307186,-0.0008610362383948411,0.0010419220397157591
2026-02-28,0.0,0.0,0.0,0.0,0.0,0.0
2026-03-02,0.007011293867960067,-0.024563901744393046,-0.010003425830763857,0.008100654946570085,-0.0029600209824270918,-0.015428886303802125
2026-03-03,-0.005043092092883117,-0.03649635036496346,-0.052079728700948236,-0.015558215079500837,-0.003457346862081989,-0.04819352030346369
2026-03-04,0.009645572493096832,0.01780303030303032,0.0023728689811264303,0.012851684612712688,0.0022626140734594014,0.019665490657258422
2026-03-05,0.007530346171137348,-0.014886490509862349,0.013110933061402985,0.004115226337448652,-0.0005643765520354505,-0.007881079003011382
2026-03-06,-0.020377049789908175,-0.010578012844729812,-0.03260478826658997,-0.007342896174863389,-0.00312464706546689,-0.02383105140790487
2026-03-09,-0.006035300816094047,-0.006109201985490698,-0.01954591059418076,-0.00567693101668687,-0.006570996978851995,-0.007542176645716325
2026-03-10,0.01554265638127239,0.026507875528236635,0.02622702292969481,0.008131487889273536,0.005283965635216159,0.030997933471101913
2026-03-11,0.0006392659722485039,-0.007110778443113697,0.012445987369354095,0.0018877638579029021,-0.0019663452448477337,-0.010280615543773464
2026-03-12,-0.0113115370161595,-0.007538635506973312,-0.01564893849857729,-0.011133949982870983,-0.00352366157693329,-0.016659044881426666
2026-03-13,-0.00038009806530070467,-0.005317128750474631,-0.009857328145265964,-0.002078641953923377,-0.0025475285171103756,-0.008570289662503505
2026-03-16,0.0053614205863339315,0.0038182512409314917,-0.01227590852951077,0.009373372678354475,-0.0011817176838333499,0.004958788447363194
2026-03-17,0.001626323751891201,0.0053252187143399965,0.017809101587662468,0.005159071367153878,0.002022746355240246,0.012735880509435304
2026-03-18,-0.008458256239851969,-0.00567536889897835,0.018093146197088794,-0.009067579127459369,0.0006094077318605784,-0.01646036344482482
2026-03-19,-0.015423283445675562,-0.02168949771689499,-0.019526821954876317,-0.016401933701657545,-0.004225191275550877,0.0
2026-03-20,-0.006962172197725769,-0.019836639439906656,-0.005594301271771185,-0.011058451816745585,-0.002293577981651418,0.0
2026-03-23,0.008724779933006133,0.013492063492063444,-0.007576041705734449,0.0028399006034787178,-0.0034482758620688614,-0.02202436738519209
2026-03-24,-0.009228511854197374,0.001566170712607562,-0.010619402138997036,-0.005663716814159336,0.0008842752787387997,-0.003285645834759321
2026-03-25,0.007248918508125923,0.01290070367474594,0.03487394957983181,0.006763972944108243,0.003341912188376206,0.024380193668017247
2026-03-26,-0.0087831301992648,-0.015438054805094525,-0.006533052818071039,-0.00901697312588412,-0.002105666156202224,-0.010726736390453184
2026-03-27,-0.018229369974236964,-0.010976087808702517,-0.013077723287264198,-0.021587867975022212,-0.0032994436984460362,-0.007590132827324458
2026-03-30,-0.0023060713291717105,0.006738010305192166,-0.01893540129498561,0.0056528081692195364,-0.002117094576388645,0.002253482655012462
2026-03-31,0.009126051089945353,0.005118110236220552,-0.007252215954875019,0.0005439709882140153,0.001504397469526353,0.01791919329563263
2026-04-01,0.01319011136561099,0.029377203290246845,0.02145176252319092,0.024827836172526263,0.005430805376882564,0.013119143239625153
2026-04-02,-0.0035079513564079123,-0.0060882800608828,-0.01210882809248115,-0.003006189213085708,-0.0011109408519768271,-0.003964059196617464
2026-04-03,0.0,0.0,0.0,0.003724725079815583,0.0,0.0
2026-04-06,0.0,0.0,0.0,0.0021205159922246253,0.0,0.0
2026-04-07,0.00516310725181901,-0.011102603369065989,-0.003983605929444245,-0.009874801622288931,0.0008053691275167196,-0.0031838684001060935
2026-04-08,0.023853996419954893,0.05032907471931858,0.06114679075491303,0.03294746215494215,0.008890251379521708,0.048842161298908726
2026-04-09,0.003534643305081575,-0.002580169553999312,-0.014858841010401247,-0.013103448275862073,-0.0005697356426617173,-0.010087552341073502
2026-04-10,0.006438418421451209,0.005543237250554389,0.010889158665342347,0.0017470300489168533,0.0005320563979780424,0.00121771454207531
2026-04-13,0.0004891999698952709,-0.00367511944138188,-0.014047090505476922,0.012207882804325054,-0.0007596763778630056,0.003072589937267889
2026-04-14,0.007936209425659202,0.012910365178900873,0.012475547189310765,0.019469331495520326,0.0026608887368380074,0.013848117421825235
2026-04-15,0.011456078811851622,-0.007647487254187957,0.012103095038460188,0.012337333107993897,0.0037911817113394086,0.00616856549379996
2026-04-16,0.0045010145729569295,-0.0007339449541283738,0.013363109174080456,0.016360601001669473,-0.0020017373569511943,-0.003565842977791611
2026-04-17,0.008080214492966808,0.020932794711715053,0.0008886045354374872,0.010512483574244502,0.0024220405691794955,0.012870416875941704
2026-04-20,0.005100739607242888,-0.011151079136690778,0.006214709329166457,-0.0029258777633289768,0.00026427061310774214,-0.005144734395338801
2026-04-21,0.003479899952876231,-0.0076391415060020895,0.011929131079268851,0.010433648516465555,-0.00256652198528029,-0.006791277258566986
2026-04-22,-0.002167395152259388,-0.0032991202346041026,-0.007428850446428714,0.0064536947402389355,0.0029136867597534533,-0.00846872843610813
2026-04-23,0.008290192955145992,-0.0025744759102611647,-0.012298394181102679,-0.005290157101635273,-0.00037730153939041777,-0.0082879919018094
2026-04-24,-0.0025850926324858525,-0.0011061946902655162,-0.008893948557401554,0.008058017727639033,0.0001509775798294033,-0.004210526315789442
2026-04-27,0.0026637868970482703,-0.0044296788482834915,0.008866075594960332,0.0007993605115907965,0.00022643218356099837,0.0
2026-04-28,-0.0016514683707906652,-0.004078605858361173,-0.011385469294812434,-0.008306709265175738,-0.0009432538484757114,-0.009417643667115172
2026-04-29,0.0013305523590334545,-0.002606105733432673,-0.001979414093428389,0.0038659793814432852,-0.0006420182031043886,-0.0031043849437331072
2026-04-30,-0.003447656670856447,0.013064576334453237,-0.010024881901121607,0.00449293966623876,-0.00015116015418348283,0.000324380433372351
2026-05-01,0.010558939060867134,0.00736919675755332,0.0,0.017252396166134165,0.0,0.0
2026-05-04,-0.0023892732330076383,-0.027066569129480578,0.019706407314319163,0.010050251256281229,0.0,0.000972825734483429
2026-05-05,0.0035388739946380365,0.019924812030075012,-0.0013574337358005506,0.003731343283582156,0.000680323531635052,0.006414409744719407
2026-05-06,0.004203177317090523,0.02801326944342053,0.02618400343396754,0.0074349442379182396,0.002908294304275527,0.018412412283525192
2026-05-07,0.005001418842224714,-0.008963786303334498,0.012583658672615794,0.012453874538745247,0.0003766052800060482,0.0028446804475630305
2026-05-08,0.0004588289273992352,-0.00868306801736618,-0.002822816620193458,-0.006833712984054552,-0.00015058540074552873,-0.006618759455370493
2026-05-11,-0.0020461440767656214,-0.0014598540145984717,0.008906686919598172,-0.0018348623853211565,0.0005271282804324429,0.004441906212323099
2026-05-12,-0.0009191176470587648,-0.014985380116959046,-0.008622754491017903,-0.015318627450980338,-0.0013171264065029442,-0.014403942131530734
2026-05-13,0.005130564008208882,0.00927643784786647,-0.006212680771753076,0.0070006222775358395,0.0001884090737809263,0.0023716428434075176
2026-05-14,0.012813743091491414,0.012867647058823595,0.0,0.019928935578557017,0.0,0.00370891418339947
2026-05-15,-0.0029196065482602895,-0.01851179673321235,-0.012780884242697854,-0.009391093607997392,-0.0006781448969597204,-0.015991335372069426
2026-05-18,-0.0012549238330952228,0.00591715976331364,-0.0030255057167986044,0.001376146788990562,-0.0010179076343072024,0.002460343153124045
2026-05-19,-0.005758961292799514,0.00036764705882363913,0.002328945975510921,-0.0013742556115435844,-0.0004906030643822001,-0.006071174836918103
2026-05-20,0.002352032577406238,0.02168320470415286,-0.0017602534765006617,0.00565749235473989,0.0004153294317537082,0.0020144258886216626
2026-05-21,0.003992575211011262,-0.0028776978417266452,0.01505907247399052,0.00030409001064324315,0.0007925724637682929,0.006549935149157138
2026-05-22,0.007395262845780959,0.009740259740259827,-0.00031269543464651495,0.018695850433196437,0.0009050797601539706,-0.000966432575220666
2026-05-25,0.0,0.019649874955341318,0.0,0.012384362876753263,0.0,0.0
2026-05-26,0.001177326084698116,-0.011212333566923638,0.010356931845827644,-0.0042741341193808235,0.0020345879959307034,0.017154649812975542
2026-05-27,-0.0002766921454017135,0.0007087172218285254,0.0034398541501841073,-0.005180580224985354,0.0009400263207370863,0.00019021049961964742
2026-05-28,-0.0010724788098944726,-0.0028328611898016387,-0.007678859140927474,0.006695432227347142,0.0003756574004509794,-0.004057052297939734
2026-05-29,0.00910854055551713,0.0,0.0005872802017479195,0.009163464380727238,0.0016522718738265496,0.004137228693272155
2026-05-31,0.0,0.0,0.0,0.0,0.0,0.0
2026-06-01,-0.0003432062326252927,-0.002485795454545414,0.01760806518436686,0.023725834797891032,0.00033740721301622756,-0.010015212981744348
2026-06-02,0.0006179833144506208,0.01210395158419364,0.007599918572301023,-0.002718168812589572,0.0008244949968145843,0.005314380842617483
2026-06-03,-0.00037742322868417055,-0.008793527963418923,-0.010068018048353444,-0.010758858126524218,-0.0004493540535480678,-0.003184510540729879
2026-06-04,-0.00899292922358741,0.0078069552874378,-0.011837137317595947,0.0017401392111369152,-7.49260105644689e-05,-0.001597342022873982
2026-06-05,-0.0004848988639514218,-0.007394366197183033,-0.013459089187979667,-0.024898668210770136,-0.00011239743733848506,-0.0087034429796492
2026-06-08,-0.007796798114907522,0.0,-0.026866713189113933,-0.00549287410926369,-0.0008243405275778493,-0.0038089089735313664
2026-06-09,0.004086194251388342,-0.0017736786094360024,0.030046611688777425,-0.027914614121510528,0.0007125178129452348,0.00985030134145548
2026-06-10,-0.011269565217391309,-0.006751954513148584,-0.022417153996101336,-0.0010749385749386775,-0.00041221660108681224,-0.014759674003722023
2026-06-11,-0.007704214451558444,0.0075134168157424686,-0.004344110525566047,-0.00768639508070712,-3.748969033512406e-05,0.006383117306064001
2026-06-12,0.006948629772751458,0.022017045454545414,0.028145340104427374,0.014252517428350098,0.0016496082180481597,0.01669794835285754
2026-06-15,0.020631623420061418,0.007296733842946379,0.025705241921458066,0.0248968993432106,0.002170902421678944,0.017887834999045227
2026-06-16,0.006554210217668999,0.004484304932735439,-0.0003730330982094632,-0.012667660208643738,0.00029878618113898803,0.005315822388993086
2026-06-17,-0.0017821035676344188,0.006868131868131844,0.00681887573362272,0.0031698113207545564,-0.0008587536870401369,0.0018040435458785975
2026-06-18,0.010883372815600811,0.003751705320600207,0.005424893860772384,0.002708396027685911,0.00033632286995510796,-0.004036264282165969
2026-06-19,0.0,-0.004757050628610315,-0.002882134119776225,-0.00030012004801915904,-0.00026149650715379114,-0.010412120456387508
2026-06-22,0.007777475886428631,0.0027313076135200287,0.008268073807683463,0.0003002101471030194,0.0007846947163887563,0.005481350806451735
2026-06-23,-0.016210022579449368,-0.013959822948586997,0.0,-0.022208883553421432,0.0,-0.009649727426530474
2026-06-24,0.004761578514661524,-0.002071823204420009,-0.022367412247075058,0.004450583179865131,0.00014934846731140539,-0.01126225877886744
2026-06-25,-0.010193992703965149,0.008996539792387681,-0.010672394980905553,-0.016806722689075793,0.000746630828386774,-0.00447942663339107
2026-06-26,-0.007853403141361182,-0.007201646090534974,-0.01523349991383749,-0.002331002331002252,-0.0004103405826836326,-0.002635469563540549
2026-06-29,0.01260241633106518,0.0024179620034543436,0.01756903370314622,0.0082554517133957,0.000597104045380048,-0.0025135344160864825
2026-06-30,0.012891281242500163,0.016540317022742945,-0.0008942390369732767,0.012204541943457325,0.0008578248545427769,-0.00032306002455262384
2026-07-01,-0.0016247503638764371,-0.008135593220338966,0.011945333746428366,0.018162393162393098,-0.00026085336314529695,0.006915718717683594
2026-07-02,0.0013900661129004899,0.010594668489405379,-0.00010205470131985361,-0.018887722980062804,0.00022364693603704744,0.010719558379870486
2026-07-03,0.0,0.009130875887723988,0.015684006396080807,0.010542398777692918,0.0003353953939033705,0.0046996062492059565
2026-07-06,0.00016928494041179576,-0.0016756032171582058,0.009111006900247798,0.007257332930148186,0.0011921171255075969,-0.00025284450063201014
2026-07-07,-0.0035205307877188563,-0.014098690835850913,-0.0077341830976565,-0.013809666766736783,0.00040930232558133994,-0.0029084471421345626
2026-07-08,-0.0028195807996738154,-0.018045624787197845,0.0027096644699426964,-0.008066971080669783,-0.0016737335416201482,-0.016169942929613046
2026-07-09,0.005041902296109457,0.014216366158113836,-0.00397010742643622,0.0124290317630813,-0.00014902574419739523,0.00554302288108266
2026-07-10,0.007287641515829613,-0.0023931623931624513,0.011790319879417144,0.0028796605031826683,0.00026083392331477384,0.009422472918402702
2026-07-13,0.0008749200794158085,-0.0003427004797805777,-0.006289932797033715,0.0024180142058334297,-0.0001490090895545082,-0.0033020066040131413
2026-07-14,-0.005043203442826938,0.0017140898183063413,-0.007029350034980175,-0.008744157997889301,-0.0007078986587183422,-0.002484709480122471
2026-07-15,0.007197648092454267,-0.0023956194387405594,0.01264846004160236,0.007756653992395446,0.000149136870362776,0.0003193459794341713
2026-07-16,-0.0055022478695564425,0.0037735849056603765,-0.0005300997250106132,-0.005131300935707905,-3.727865796832042e-05,-0.0042778700038310635
2026-07-17,-0.013663045678429242,-0.009227614490772473,-0.023237312294891788,-0.023361650485437035,-0.0008574410975247249,-0.008464251362616193
2026-07-20,0.0054725177001744285,-0.00034494653328731584,-0.006346297427543668,0.007455731593662751,-3.7312040595427476e-05,0.003815559723210349
2026-07-21,-0.0003741878422969247,0.01000690131124915,0.018545715359131076,0.007554733271661895,0.00011194029850725151,0.006313619378945923
2026-07-22,0.004083577213639167,0.005124701059104897,-0.00928844477231583,-0.00856924254016811,-0.0006342573592507117,0.010051216389244777
2026-07-23,-0.005964888497254739,-0.0173351461590755,0.0041631409713995815,-0.025003858620157526,-0.0018666467557679756,-0.008937060277619313
2026-07-24,-0.0032730992158200856,0.011068834313386455,-0.02163947687744372,0.005382301725502581,-0.0006732495511669878,-6.395497569722242e-05
2026-07-27,0.004652117397550892,-0.0017105713308245285,0.022738234686143555,0.00582585419618975,0.0008982708286549013,0.007803006076111174
2026-07-28,-0.013244807626830002,0.0,-0.021356868557569353,0.004696305572949422,-0.0005609154139557537,-0.007679126737322961
2026-07-29,-0.0005865912149339847,-0.006854009595613442,0.0012047363348479667,-0.004051106263633586,-0.002207505518763697,0.00044768482987977976
2026-07-30,-0.002934677530727736,0.016908212560386326,-0.0031973046378107606,0.0007822277847309156,0.000112494375281047,0.008310426388800085
2026-07-31,0.013954776827452386,0.002714625042416152,0.0365937780230392,0.014850711270908201,0.0015747441040832033,-0.0022823812844733338
2026-08-03,0.00983539375725706,0.010829103214889946,-0.0026617867243386995,0.020332717190387983,0.0016097031407928952,0.00946813242676492
2026-08-04,0.011802502536354398,0.010043521928356336,0.0018682235195996988,0.016606280193236955,0.0011959934220362456,0.018695706911746157
2026-08-05,0.018149002306226736,-0.0016572754391780409,0.01445173320901727,-0.0016335016335016217,0.0009705838435118963,0.005190632144843166
2026-08-06,-0.007320596152583625,0.003984063745019917,-0.014836697849991753,0.002677376171351886,0.00011188185276367335,0.0035040265568329065
2026-08-07,-0.0018849829690135156,0.0029761904761904656,-0.009029420584413361,0.009197448449784984,0.0005220569042025947,0.010291595197255532
2026-08-10,0.0038102180107348893,0.0016485328058029047,0.0031268912648778624,0.005144789063648236,0.0007454064328573651,0.0015158864904196712
2026-08-11,0.0006931379344488064,0.0026333113890717463,-0.004122674710910101,0.0004387247733255162,-0.00011172768239531283,0.0011503299630684083
2026-08-12,-0.0012533808298700322,-0.001969796454366457,0.0010096930533118886,-0.00599327583686593,0.0003352205005957565,0.0017537493952588523
2026-08-13,0.006935270805812355,0.0023026315789473895,-0.0026225539640912787,0.009264705882352953,0.0007074505715456425,-0.0054331421672201285
2026-08-14,-0.003968514266972756,-0.001640958319658603,-0.007146709816612695,0.0017485064840450093,3.720791784478372e-05,-0.0015781487101668157
2026-08-17,-0.004708749053310979,-0.002301117685733045,-0.006519081895966172,-0.005236363636363595,0.0002976522677382576,0.0031004924311508475
2026-08-18,-0.010884668828161081,-0.010873146622734864,-0.0034176349965823194,-0.014622020763269461,-0.0014878184861447652,-0.0038181818181818317
2026-08-19,-0.010302036993678376,-0.004663557628247883,-0.017386831275720382,0.002077459563733397,-0.00014900353883395834,0.006753057127212969
2026-08-20,-0.007908344317144822,-0.003681392235609038,0.010190904966321135,-0.005034799348437757,3.725643604934881e-05,-0.0010877447425668985
2026-08-21,-0.00442854709589513,0.0057104467584816465,0.006149594057695662,0.007292751897604033,-0.0001117651441771006,0.015547489413188176
2026-08-24,-0.0004106073567151647,-0.0016700066800267033,-0.0047385228170174765,-0.006944444444444642,0.00037259212340257086,0.002084946684934641
2026-08-25,0.004792386951014915,0.0013382402141184357,-0.0011385199240988575,0.0022318107424490474,0.00033520801519593135,-0.0020806087266673767
2026-08-26,0.0028617177119887316,0.002004677581022296,0.01464492953854668,-0.0007422802850355348,-0.00011169856281167956,0.006910109012926657
2026-08-27,0.0008153004721949131,-0.008002667555851883,0.0005106209150327334,0.011588174119744554,0.0,-0.0062710761403301785
2026-08-28,0.005057533688605398,0.009747899159663787,0.004014834473137885,0.012189748861800576,-0.000521318190281117,0.005536702982675612
2026-08-31,-0.007429922323539451,-0.010319573901464651,-0.007421464637907049,-0.012768427161926832,0.0,-0.005979869745411648
2026-09-01,-0.007995916978564055,-0.008072653884964698,0.01054967565722098,0.0,-0.0009314109012331651,-0.005181964381440141
2026-09-02,0.0019207683073230175,-0.0013563919972872096,-0.014764012297712736,-0.007495590828924259,0.0,-0.001556699796431693
