Date,US~EU,US~EM,US~Tech,US~EU HY,US~Me A Ee,EU~EM,EU~Tech,EU~EU HY,EU~Me A Ee,EM~Tech,EM~EU HY,EM~Me A Ee,Tech~EU HY,Tech~Me A Ee,EU HY~Me A Ee
2023-06-05,0.49649780689188633,0.4250452855402501,0.6490211569036074,0.30100302589126093,0.23619459755041752,0.1546946597753161,0.6860113801499236,0.34568778512626613,0.15382496455138003,0.3292425211067028,0.2925437088272583,0.29587253307510447,0.380148177055386,0.1492400371082131,0.3503279229072456
2023-06-06,0.49770636692257925,0.41121061734420716,0.6507698950648912,0.2978459500827815,0.2400493320634611,0.157714586826208,0.6860006317453419,0.34606973843173944,0.15590126697452797,0.341795896100757,0.29366919570780636,0.3219216873336939,0.3818909812992358,0.15434010551362726,0.35493590260123203
2023-06-07,0.4847275943363965,0.39134405903537955,0.6595101774255994,0.2524465242349909,0.21964825267121316,0.13479512084594836,0.6938454642642204,0.30177940577970996,0.13665689671162515,0.30976433981786294,0.2850896005007503,0.3279169543455516,0.2629082504832697,0.11488897822284773,0.3668941795417684
2023-06-08,0.4759288384568085,0.40525551639815605,0.6607900852301183,0.24599730991573596,0.22232763796752367,0.14104176006239816,0.6913629090079763,0.30026001576047084,0.13665073777887596,0.31888601322158827,0.29651626699853006,0.3320022877890181,0.26111003248913695,0.11713441165115056,0.36743528003188414
2023-06-09,0.47735840984493777,0.43062612765355884,0.6732398511179403,0.23578978523637548,0.22173876157155895,0.11048017275487361,0.682858642757128,0.2990524734290615,0.1301650732936874,0.29643446074105995,0.28539128184933843,0.324923211885886,0.25494759264728467,0.10897182649104498,0.36568804333091903
2023-06-12,0.4762111805483664,0.43104441559692996,0.6690171373971041,0.2350166481617485,0.2188570995168368,0.10909423705535565,0.6841135437886967,0.30149127850305385,0.13577671540999378,0.2933592401571137,0.28584128064764797,0.31900060113305345,0.2592261004000086,0.11920662387840517,0.3695341603618629
2023-06-13,0.48366260515886583,0.43886184113470045,0.6762670556227421,0.2366631898296189,0.23090392987316644,0.11325330412939058,0.6858964725008541,0.3020784853761351,0.13794267481750966,0.2989464283643738,0.2865036240898668,0.32069261825399087,0.2595014536382327,0.12375020270985973,0.37105363970958805
2023-06-14,0.48894283397433075,0.44392404611758823,0.6796094751597185,0.23923462439187734,0.22283914759469917,0.10454527114548999,0.6837680991754612,0.3000863925376163,0.15116098771688985,0.2988823805188318,0.28266772521136097,0.31609312757841995,0.25808289949438884,0.1236702637120467,0.3763427980973025
2023-06-15,0.4835604323004391,0.4434445025468102,0.6769149221786668,0.2339016118228032,0.22524911615536689,0.10196820635798219,0.6777765267841416,0.2928239111217696,0.1538041401237821,0.29860099514430755,0.2814873825434591,0.31605318686607997,0.2489878044876406,0.12860320447597706,0.3817905000140963
2023-06-16,0.4796683605301507,0.4436967074128414,0.6761822499374046,0.2410112171949811,0.21653867301513585,0.10038545114634093,0.6765780724599835,0.3007007325315143,0.14400517614056912,0.2983492276492416,0.280769288847844,0.3173130630351133,0.2517349756264835,0.12449489591100242,0.38742697731463005
2023-06-19,0.47850575811122464,0.4449049724102126,0.6753921094739749,0.240894815503423,0.21577471664041853,0.10296867879870276,0.678294852840128,0.30001968865802287,0.14375907095503565,0.30166496103218976,0.28148087352914397,0.3213251148335404,0.2514210696240888,0.12185639196073988,0.3877124544968773
2023-06-20,0.4823128842456064,0.45162681664931525,0.68284263894895,0.24436281556762185,0.22254738952057837,0.12115009198442099,0.6748824264429466,0.30714661168174084,0.14939878142126983,0.32916384026335893,0.2808084418836047,0.3264195884061737,0.2628749011966557,0.13553504627205248,0.3912584849453478
2023-06-21,0.4872411250282389,0.4546758362870835,0.6848165115569715,0.24907408028253672,0.223256822218885,0.12662878751523554,0.6734601415044407,0.3098070009099516,0.15084164319910318,0.3408380829851933,0.287590332148822,0.32669607506780907,0.2718336171252969,0.13750680589335468,0.3917570309207724
2023-06-22,0.48530343687390604,0.4517924381003245,0.6882305868644327,0.24605971399555274,0.2252251279235679,0.12473330245641268,0.6796259582106935,0.30906574142811205,0.15774957073994106,0.329836497363276,0.28647330278862093,0.33225046984626644,0.2601912163909841,0.1329920296330034,0.3977941690353636
2023-06-23,0.4786363214130587,0.45123768614234916,0.6812275819941038,0.24559405455626163,0.22475309605386265,0.12462364481719684,0.6827062379751135,0.3080770743743183,0.15740852076426712,0.32871287454587783,0.28656846123215474,0.33450742144727424,0.2597833255618276,0.13644768036181634,0.39878625620017427
2023-06-26,0.4759913488588157,0.4470164145426494,0.6781607604333689,0.2322431912661054,0.21550692823996348,0.12172043511768207,0.6853488040884117,0.3023942099729484,0.1506894613940442,0.3225786730596307,0.28363098152404537,0.32614524276645473,0.24133840468845894,0.11485227990882098,0.37514614518104705
2023-06-27,0.4626657839904236,0.4399827662888467,0.6735873974357988,0.24647205937626193,0.21104623600238873,0.11750307149647952,0.6829901370150722,0.2837129896593061,0.14919888311159388,0.32100256511163355,0.27285477245119905,0.32306160794133,0.2373527215540699,0.11330691142737778,0.36613433726084005
2023-06-28,0.4646033506583664,0.42778190015414574,0.6772654644187218,0.2387884740235501,0.20839277868575765,0.10768924890961819,0.6863403231445437,0.280508507961928,0.14682312620915816,0.31574356771318274,0.2584723533505419,0.32426941087532196,0.2363999005864155,0.1100959574939717,0.3654798557949325
2023-06-29,0.45019197825615775,0.41701497410790617,0.6748922731599183,0.23671089560726327,0.2080319665450834,0.07106283448473007,0.6934519750721787,0.28205048973723273,0.14895783227950832,0.3114981129140483,0.25772261064177227,0.32745533919842296,0.23548895210513138,0.10990118090641024,0.3654283871695457
2023-06-30,0.44759187779617166,0.43359994205965946,0.6760649346578571,0.23804576215930145,0.22717820693202567,0.09640398980746524,0.698502641823846,0.2856327480038495,0.18311194042024467,0.3210962460399466,0.26131868921071516,0.3148148376633492,0.23642919549173796,0.11929298958886912,0.37263991802420954
2023-07-03,0.44829909785480926,0.42454059958152734,0.6794426640500597,0.23089687839281292,0.22090634904792686,0.09264561182031365,0.6974696069521733,0.28350658831557424,0.1756729730400627,0.3218054505165577,0.26344565742587206,0.3389000514954883,0.23668072663190368,0.12476475987096147,0.3746397955889658
2023-07-04,0.44579586292866297,0.42687170511056594,0.6769593870487215,0.23114163628472206,0.23185294423605635,0.09410707985526344,0.6944060460619191,0.28378353257614086,0.18533782497920215,0.32419578163664386,0.26362969699361416,0.3387530055442201,0.23707112754743467,0.14103904026489605,0.377755909498344
2023-07-05,0.44194204094979317,0.41569770698785785,0.67553687506317,0.23177606024391853,0.2284585579435391,0.11187842600263792,0.6947116864369781,0.2646346262106618,0.19290857102153153,0.33043652651779176,0.22587797284646913,0.3494435470390922,0.2269553255697895,0.14504350704347754,0.3559962635795936
2023-07-06,0.44061604593088916,0.4315860683658668,0.6673165919580276,0.24755115046739964,0.24645870839042638,0.15118312798585765,0.7072459778311556,0.32113620552683136,0.2291241037051211,0.36094687646031676,0.25615148640022034,0.36386881599818377,0.26862542193147676,0.1790977159487325,0.38009415952172043
2023-07-07,0.43776794661028323,0.43378154390546275,0.6610260042250167,0.2387533107581828,0.23690043742481026,0.14897962355968566,0.7061884526267516,0.31713959031617367,0.22512675365636922,0.354546250659246,0.25909318611250026,0.36479204283311445,0.25795007185870966,0.1698476272535821,0.3702195012184136
2023-07-10,0.42488349005188925,0.42986553364153185,0.6620535223194118,0.24050387677099785,0.24323608801618712,0.14608863502290848,0.698069791080276,0.3198834506998172,0.2149281778591277,0.3521170236197189,0.2608992002247523,0.362035904563891,0.2647296011730711,0.16906193852259807,0.3723801197359573
2023-07-11,0.4258355051151415,0.42739035652685725,0.6635646617358967,0.23407845250425005,0.23833851663015018,0.15042896155243482,0.6989025125457373,0.3240503762251025,0.22040382957723695,0.35776648753909707,0.2730835418629619,0.3720557611921093,0.2753548562176817,0.18008249646961486,0.39601240565355983
2023-07-12,0.42803163757091234,0.44225132486590274,0.6654627615384974,0.23029891934246094,0.24375387028937895,0.1635826043687122,0.6913044481646997,0.3024922700621443,0.23674260527766255,0.3576309562837252,0.2607741161296076,0.37811959884801244,0.27130592622957084,0.18029354354640775,0.3809650844835593
2023-07-13,0.40097888217474137,0.3275855342784497,0.5892661632236733,0.1869010646785632,0.26873191222751075,0.12186714509880132,0.6938553425255343,0.2940908980130633,0.23977720897497704,0.26559366654574007,0.23376526513156817,0.4015146206763417,0.2498977372469316,0.19153011984468274,0.3840303075348842
2023-07-14,0.3704739613945671,0.33159728830868346,0.5659872475111086,0.1615328483774312,0.2213816485184332,0.14083157029842736,0.6722376140636543,0.2491833227302036,0.10618278793475845,0.2823041723255366,0.24265756567647978,0.45847635642939255,0.2162530835861855,0.10763102488740957,0.3430037783785035
2023-07-17,0.34993903112570585,0.3943628140396754,0.5505894990302476,0.1724430854040936,0.2584227160518749,0.21967414042145555,0.6555283071260796,0.26714978728670863,0.15248678967654253,0.33745244421560544,0.2564378373834241,0.4509658703154107,0.22431516257670842,0.13920455940017412,0.3496527747542018
2023-07-18,0.39137996336126146,0.3895306324016574,0.5529212951710986,0.18280119560979374,0.26287477971508527,0.28099717896688553,0.6885797521600141,0.18061980662169239,0.14179180388703574,0.3448090103766201,0.2889076181234394,0.4459025987094336,0.2128365286041837,0.1352841933542473,0.34614220470815543
2023-07-19,0.35840928641695824,0.4014988650396852,0.5515674035002567,0.19022561641665897,0.2909772695555581,0.3220575169905448,0.6528432606192509,0.19490832523892354,0.19271682450180086,0.38893308526206677,0.2864600007830882,0.435559908094528,0.23308947223982418,0.19392407436545217,0.3455653143401938
2023-07-20,0.35485141470633697,0.40853333531822317,0.5462161567441984,0.18696006377283086,0.2889327662301362,0.3410364094616875,0.6353876105290687,0.18472998073115507,0.19247610694276973,0.41444856082945375,0.29278397223008423,0.43112839300642003,0.22303766257630336,0.18307839718839541,0.34486968480187585
2023-07-21,0.3755520063781184,0.40013117873738496,0.5431281054918395,0.16904690940290923,0.28622412693393273,0.3760422915179633,0.6558891351186367,0.24991926239862655,0.20246288858516884,0.4049302822781167,0.26340860156475415,0.4264773847899174,0.21100895323967922,0.1809111262799019,0.3468556049025076
2023-07-24,0.3752131332929567,0.39828033984532524,0.5419879311216247,0.16665049812610225,0.28144446260223555,0.3608719672567293,0.6513163214593566,0.19579758063709088,0.1820018018920551,0.39524113958479534,0.2297984270539592,0.4069651456628073,0.19349680987838627,0.17787140634080875,0.3389177329273441
2023-07-25,0.37371686642335544,0.4047274115528015,0.54781165437549,0.16086057231242526,0.2892415420686452,0.3549190089158715,0.6512923012085635,0.19231730502164532,0.1768527500911708,0.40747875463029587,0.21724870444415179,0.4267965334008759,0.1945762216562942,0.19904719705029866,0.3186013078081859
2023-07-26,0.3839391929909355,0.41155453332408376,0.5494945079369938,0.16075709158418514,0.29518406910326683,0.3631096004334782,0.6489022017573045,0.19774698006678237,0.18076913225686872,0.40876141723047965,0.22061588588944422,0.4284727958598323,0.19519400049697164,0.2006433759551278,0.320943000878124
2023-07-27,0.4031868244136443,0.4386104213534171,0.5633912545399773,0.15787570281103175,0.3077105165180031,0.4348757388631808,0.6817852774517862,0.17502718476901696,0.20798414501637078,0.44547959882743027,0.23895848933247502,0.4436342751663625,0.19969153605736403,0.22077314032563858,0.3260183744740685
2023-07-28,0.38640507247812167,0.46011818251769765,0.5768861288333413,0.19190209015872542,0.3048309966644874,0.44854410114609217,0.6907244156604114,0.19865403658288633,0.20343994563818024,0.4423808242204533,0.22326220313404646,0.4519630216234819,0.19160630846377286,0.2245918799587825,0.3427167515781356
2023-07-31,0.3931515601071703,0.5022884554100221,0.5725385565944857,0.24441198186939608,0.32119984510955985,0.45241849176333415,0.6935689536648172,0.20384378873966028,0.2016392045921641,0.4626019514829228,0.19433209428405349,0.426271119372776,0.21885447349631942,0.23051500710470854,0.32842729705098167
2023-08-01,0.36328950525313297,0.5006037824924638,0.5651464516469136,0.24104361143479566,0.32082087849803675,0.41524747870727563,0.66951022877067,0.18356645455206258,0.21676910625255144,0.45436694416171025,0.1928932687256458,0.42050583208699854,0.20998684074952337,0.23976128211283643,0.3274780917983482
2023-08-02,0.37138362250834717,0.5050450777014455,0.5645879948176385,0.24234285282302678,0.32790990607054726,0.4345501274433367,0.6809758156076575,0.1669100984066899,0.25732937032974934,0.4733687258779315,0.1963242124202313,0.44025319224676596,0.19784337003326727,0.2975531971886324,0.3179296571689566
2023-08-03,0.372344473196687,0.5110632184005789,0.5640778277012616,0.24467199925658456,0.3383125254341184,0.4430380023763833,0.6785121251428309,0.16840674539957595,0.27031662436514947,0.4833874468329977,0.2016692485190725,0.4438657743769349,0.19708025941159063,0.3092732684313682,0.3254171458865098
2023-08-04,0.3744949676671423,0.5117160626021814,0.5770874860433076,0.23773538958802484,0.3236372247170037,0.42345015068348557,0.6804672793096302,0.17098451288714936,0.27910163071982313,0.4686918733118532,0.19730807454273563,0.4428551046482708,0.20454702508045258,0.3304456014315593,0.3182924901576998
2023-08-07,0.37394377450287947,0.5067781518616957,0.5823180560707024,0.2362107183463242,0.3241647285002149,0.4230852188130944,0.6826681860704531,0.17150735117547378,0.2766106639999202,0.45773607779452097,0.2018967808199748,0.431628042139763,0.20589707943232272,0.3475062479431116,0.3107686044600353
2023-08-08,0.3722317002659995,0.5214288528112584,0.5626591613266057,0.22090230449377107,0.3134653287340053,0.43331757337632787,0.6945585353839986,0.16521391619929002,0.2755970179796675,0.4770012538425494,0.2034992123392418,0.43640890320272807,0.1881687314425482,0.33815553666979803,0.303713662634637
2023-08-09,0.3685775124826174,0.5024983282159978,0.562881113140895,0.2323369638373053,0.3152119142867966,0.43931975213967134,0.6918075754838783,0.1670038122293074,0.27028346121817187,0.46392484548592905,0.1947874661254385,0.41350123165047076,0.19172618171059297,0.33798308624005874,0.3063740508631957
2023-08-10,0.3640703911144197,0.5013086271218385,0.5642825668277479,0.2322401883867724,0.3142070053367178,0.4217052223949609,0.6856014401250203,0.1656049831895406,0.28508768088818953,0.4622635739254155,0.1940752452951465,0.4049444944674934,0.19255427866167368,0.3404592750563989,0.3052351667714209
2023-08-11,0.3802232438701743,0.5046579726300521,0.5711394050263086,0.2309812390438107,0.31223533366408657,0.42601145314416683,0.6904321063158352,0.16435952486719266,0.2821118887093735,0.4658825260261032,0.19415777500028314,0.4046173605898931,0.1921120198922041,0.3392218909457242,0.30522175195125356
2023-08-14,0.37813333356844286,0.49265602658439667,0.576319604863009,0.24445665549430168,0.3081462987057636,0.4198074245034906,0.694710387879319,0.1835789039389947,0.2831579383759174,0.4740909997318858,0.24009787324857818,0.4131811340956048,0.18819133510019795,0.3370538753079732,0.3097370924799383
2023-08-15,0.3828337366293239,0.4940990251054975,0.578316773001913,0.245931282569319,0.31324478564181985,0.4172534346544736,0.7042327927077178,0.18373506676098186,0.29450805991288653,0.48071676686313314,0.23974447878493507,0.4111781443696586,0.1927974690405447,0.3476304944462583,0.3090993453208136
2023-08-16,0.40239721103725207,0.47384124395432137,0.5858397372313583,0.2583881201183068,0.312189018745954,0.42523874684941687,0.7044968544032815,0.1807618272134376,0.29850034757822314,0.4917060881402075,0.25647832716547264,0.40114211999331384,0.19706493576260345,0.34734621411342576,0.3113413080355021
2023-08-17,0.4009027678436146,0.4712277327561662,0.5971575893516975,0.26166450419011944,0.3212584404292513,0.4231382208418111,0.7078342614394216,0.18987934846352184,0.29778209535910477,0.49296448174418056,0.25738008331760764,0.40294301820188266,0.20328949756356277,0.34678495540340215,0.31106675115327015
2023-08-18,0.4035746417574386,0.45844331400510124,0.5971151842791764,0.26249199312544413,0.313828887329909,0.4297472679288039,0.7161518087107037,0.19117771012555282,0.32292017746661567,0.4888750833395047,0.2586700097535399,0.3970406725437428,0.20620559490513637,0.33906744431085434,0.3223086961499264
2023-08-21,0.40445368013762983,0.4269431096151284,0.5860637281287873,0.2580840361680335,0.30670174175447507,0.41904206688074236,0.7163182594936855,0.18814631914920546,0.32123353140001903,0.48964705944193226,0.26096583738257617,0.39786812422230794,0.21025623803746693,0.34121528832017634,0.32294157733632806
2023-08-22,0.41015629658618236,0.4259747946477639,0.586832588553862,0.2561496359937756,0.30559652361174316,0.4338232078556004,0.7219000000569199,0.18935042560301363,0.3290399243377576,0.4953414035220914,0.2571733204383106,0.3916857565695133,0.20821336710119984,0.34481582195010135,0.3203664511545022
2023-08-23,0.4097777556624859,0.4270781154534589,0.5847603876214525,0.25648512877567997,0.3056200226180101,0.43405935859496014,0.7191817891853308,0.18955120481919033,0.3282541299762875,0.5024771879232564,0.2604927608731556,0.39864750543791194,0.21143871141967954,0.35328760667909515,0.32325997600595363
2023-08-24,0.39481807930065443,0.43388404487111953,0.564967101930037,0.27357695558587536,0.30417052562793573,0.42667108883111504,0.7282208266030115,0.23289400617667919,0.32734671210754857,0.48682164283530077,0.2607339678824986,0.39778661007000926,0.20254608291237114,0.3508095247658624,0.3486572211121545
2023-08-25,0.3891931008769621,0.4449609291437887,0.5600991604480844,0.3243592075536502,0.3018497827611053,0.42617864528073135,0.7382076830150345,0.25415426184859424,0.32726716237387815,0.4699633229699704,0.3621515058357464,0.398232903873825,0.3000003235856679,0.3541076089677611,0.3868512161856243
2023-08-28,0.39535898474520625,0.4427867953856168,0.5627764893200606,0.32013320248381655,0.3104422311652265,0.4333473353358323,0.7435764192896668,0.24676718565396602,0.34047859577765927,0.4734033386079874,0.35971779506778445,0.4106862805810858,0.29302102794504575,0.3659037784341328,0.38146432702445676
2023-08-29,0.3877910576039583,0.4327663113773601,0.5552995513326798,0.2998712811650708,0.2903148636477843,0.43195197336072344,0.7447943523589644,0.24822228436095453,0.32641236589281547,0.4711686860174162,0.3549548940437531,0.3983444739440571,0.29417645030022727,0.3487040023613767,0.36136649759984774
2023-08-30,0.3830947188078915,0.4068114790946842,0.5479111715198612,0.2820789794561785,0.27526133954263066,0.4369987971818925,0.7450096082996541,0.2460949816528979,0.3251094810488273,0.46673204312293454,0.30683166063203277,0.3716177390603232,0.28282795948717987,0.3410394547619897,0.33415778267556784
2023-08-31,0.37097929366934773,0.38531640023192376,0.5522400654151257,0.29968749933300926,0.2759456812608472,0.4379150592007596,0.7312635025712669,0.24658261197986914,0.3260768167948486,0.4503517912955553,0.3107969048365896,0.37405847147461063,0.2907533553915102,0.33791043510323954,0.33343111805909237
2023-09-01,0.37104879191633744,0.37545730980639963,0.5473643238346418,0.2995016681624132,0.2758661533818768,0.4200325031782705,0.721032215101736,0.246647484577284,0.32621539587314363,0.46176303983161443,0.30285057168462615,0.3639491401882066,0.2878485585260681,0.3342741876587408,0.33337026681222787
2023-09-04,0.3749536394946358,0.36554232517324137,0.5457340233378252,0.30222520322842883,0.27931323634738386,0.408351268851911,0.7226915476633236,0.2460894846602592,0.32542550835750605,0.4513533207154679,0.30313691769678264,0.3343639834886803,0.28879875424553614,0.33406383888375507,0.3285506118331057
2023-09-05,0.3851810709758683,0.3654640932789885,0.5661573746198793,0.3003513565332738,0.2753911905458353,0.41890654149966583,0.7112115507501344,0.25780419624864687,0.3286628280648193,0.46676416782848484,0.3022142829442743,0.33309694607171686,0.3036140398189666,0.334684687413555,0.3290248349413909
2023-09-06,0.4084393319541805,0.3446995622472645,0.5818007349454183,0.3063675045337244,0.24692158709494216,0.41597558660405587,0.7140185735822793,0.2607925174451864,0.3462808353247527,0.45899430169741423,0.29777552743654556,0.3113369707325415,0.3053504570556812,0.3429222843416782,0.3333888505715415
2023-09-07,0.40890715201846356,0.39998001042106707,0.5860602615222328,0.2881639308891327,0.26380725124069787,0.4296946862873922,0.7114701802649713,0.2530663626845565,0.3513235500244941,0.4990454727168322,0.27637495749948454,0.31426758375204256,0.2836106735344062,0.353163882074968,0.3278204579876
2023-09-08,0.3928921691373052,0.3874277083669542,0.5772562692971445,0.29038755504714275,0.2683616545643517,0.41627941030614557,0.7052913727605736,0.2544137964443955,0.35729392439252833,0.48956749226381807,0.27810851066140835,0.3181463005478661,0.28464364075220366,0.3573178122430404,0.32799197407245906
2023-09-11,0.3925723835415932,0.38358329901442967,0.5808647976710404,0.2895571805656124,0.2698149839311605,0.41740866580107433,0.699914495051791,0.2556690375555301,0.3576641028376478,0.475803401766689,0.28022091155639306,0.3208019951211506,0.282483944582074,0.34619710869023945,0.3309049979427832
2023-09-12,0.4023092268105827,0.3885456262172156,0.5863906316314679,0.29376229935101594,0.26406204227540425,0.41644845004511444,0.7003769586549605,0.2551084769507926,0.3622810446712952,0.47534534601305584,0.2799676316779723,0.3198099092554089,0.2823452335155101,0.3471346269427346,0.33168477929397294
2023-09-13,0.4043162133922858,0.38499381407347205,0.5884870867807838,0.2934548128942487,0.2693581771818588,0.41040604830214744,0.7037489909543052,0.2543814239706156,0.3627410257525724,0.480369788369151,0.2781326218732775,0.3011354281949633,0.28355182199461715,0.35677112996574556,0.33039599667703745
2023-09-14,0.41667971597335896,0.3974950232596264,0.596948583945568,0.2977934799517077,0.27914313962399934,0.42612695528407823,0.7113789295240743,0.2598841812198597,0.3710931781383562,0.49365779261316517,0.2832065777972021,0.3108796384370042,0.2886512027840372,0.3638427810967484,0.33503816093256295
2023-09-15,0.4097236783734859,0.40203678484660754,0.6010364745599085,0.29066286384620516,0.2806303503958291,0.42832654210551757,0.7025979781821469,0.2618664628726585,0.37109372164071674,0.4929966167245731,0.2827236209815958,0.3108157293968296,0.2791663229046648,0.3630992195008797,0.33363065175482187
2023-09-18,0.41924108932865234,0.4154538382560485,0.6070609791611637,0.29380329079981027,0.29261095590158015,0.4393761792437241,0.705237324002492,0.2651200270997587,0.38767279957701833,0.4957120444594571,0.28642189882094377,0.33393680634553286,0.2815696195405283,0.37518714114898705,0.3370179639852841
2023-09-19,0.4179866229844587,0.4084474630514738,0.6099588923210758,0.294816933519448,0.2939504076173344,0.4408754983966859,0.7036678418260431,0.26526526214504687,0.3877278249505232,0.4878505418328269,0.2891786381114716,0.3353431183726716,0.2832855636183905,0.37668584193893306,0.33714295877659384
2023-09-20,0.4186764804683155,0.39998801505787185,0.6083740175547053,0.2941709840901335,0.29217690030731186,0.4175311399729455,0.7034335593432087,0.26415766375717686,0.39208351786427376,0.4813698647590978,0.28523529852412904,0.32075665924830016,0.2826465559683537,0.3732934718003812,0.3360385228743486
2023-09-21,0.4319977472065249,0.4226480879231044,0.6146194022687745,0.3189058212312493,0.3083537905713805,0.43303118458078693,0.7101290808160833,0.28142482949500325,0.4025512370754271,0.508651770257512,0.293715060106148,0.3270577956009202,0.3103656314273609,0.3928238729739419,0.3417620193189862
2023-09-22,0.4255051023218828,0.41638959373077833,0.6231544505295117,0.3064291345218335,0.3133226641888341,0.42972801948720063,0.7141965080961561,0.2739674235969975,0.4045747765811809,0.5120421602468167,0.2868688649003899,0.32807093440146945,0.314505274297199,0.39219617831902914,0.3457282649510132
2023-09-25,0.4210091625201458,0.4152582549988584,0.632249796281488,0.3115433160917568,0.32756043304725846,0.42933309530899166,0.7098009429451806,0.2742739014625244,0.3912492090109026,0.5147285514804658,0.28891291333738384,0.32974315562222206,0.31107021566927723,0.3862496297840764,0.33776981272895323
2023-09-26,0.4225938823200182,0.41827272387542574,0.6360201944207972,0.3155460327954507,0.32674050461043513,0.43305514366156556,0.7141950964994833,0.27952705215979096,0.390264217674354,0.520856837415872,0.2949059401305692,0.330271958275772,0.3210433826203644,0.3881181012479973,0.3383778778493918
2023-09-27,0.38865835589375025,0.40953617562553035,0.6154992871336515,0.2907181664541923,0.3181210861574899,0.41890275562615414,0.6979768293095645,0.25514291337318706,0.38028585064520093,0.5103149109195774,0.27673973572477056,0.3302822599998617,0.298447113381263,0.3789359451782061,0.32620029789812527
2023-09-28,0.3885900350660163,0.40466634052201916,0.6070302163206968,0.3155310094925903,0.3535548009688639,0.37716900957240335,0.7002546641585492,0.24034572492250644,0.37262554972088396,0.48072177589690357,0.3045595478906787,0.34804770006166796,0.3000273863279475,0.39000378994827045,0.33016498376221404
2023-09-29,0.3713511569767583,0.40803567211803976,0.5945672993099395,0.32880952740659725,0.3575483310180931,0.3754519907804052,0.6867723297157935,0.2517097932025004,0.3807504135981046,0.4862722824356585,0.31897571963403476,0.342964713855047,0.3230290614186941,0.4125420576311459,0.3268979802382902
2023-09-30,0.37124439358973393,0.40803567211803976,0.5948532989999629,0.32880952740659725,0.35756844301357693,0.3754813178677163,0.6882265310509008,0.25125300620376023,0.37940521978813957,0.48648413151589964,0.31897571963403476,0.3430742782472743,0.3233888336844547,0.4138831715831444,0.32669708820327886
2023-10-02,0.38783626901791096,0.42017052607348154,0.5922474211759202,0.3179019380540103,0.3600862404147805,0.3703439723091537,0.6808712452015802,0.2556268689831348,0.37030372177677645,0.48883762033839545,0.3300307945272797,0.3410159215976059,0.3238711731521692,0.4154151872107685,0.33311136616193554
2023-10-03,0.36433443918975517,0.40098739960917684,0.5696907457687157,0.3187222821591207,0.3525458747314641,0.3798280672873469,0.6889783078887595,0.31016623693519624,0.3699805950206596,0.49709751983103245,0.3544550065327014,0.3413190823909415,0.35229616535282576,0.4145112653973523,0.3470305180716698
2023-10-04,0.36655220936058364,0.43372001834762547,0.5752135358367604,0.3403437261897614,0.3849168843428415,0.3706750348729978,0.6848758284725686,0.324641330194687,0.3638304102547058,0.49522267322073443,0.3843572981477295,0.375196024545341,0.3702165649586108,0.416535700652318,0.37427208469315437
2023-10-05,0.33674658031913146,0.39372942374101,0.5539183429134518,0.3126932006059651,0.3932140085861813,0.33083458725699666,0.6692452009187903,0.2985976337874378,0.3702757381341156,0.4556701236380356,0.33016239736990993,0.3808405174020065,0.3688139945768061,0.4311406976473545,0.3902392289208577
2023-10-06,0.34591111569652455,0.37795098941883803,0.5509199823248366,0.29159520552150253,0.35900773068394587,0.3509749313953698,0.6771172993236265,0.32426554164149873,0.45277313710161887,0.46949225985149357,0.3431270406620825,0.3868578953687626,0.39062733898013524,0.4895335054207443,0.40188697845311894
2023-10-09,0.32317148725669675,0.37005841464395195,0.5440082771799113,0.28346937760514557,0.30485481206204346,0.3491963557027357,0.6742031323344909,0.32320329448186763,0.4582593376850756,0.4650020070974777,0.339726221791036,0.37438875684605155,0.38719275250543445,0.4715980589427902,0.3923049965271725
2023-10-10,0.3360076557735514,0.3830123044994966,0.5487971538680771,0.31573768582335143,0.33323045248864114,0.36048797719067005,0.6846916657107387,0.3604170288584922,0.5045048437890637,0.485404039539882,0.32975517946688376,0.36868963247926456,0.4396781788607611,0.518071781423829,0.37799774538779135
2023-10-11,0.3481227218024482,0.3756995273799411,0.5436093098667939,0.3272696686271406,0.33568325223651235,0.35456088118665074,0.6889160271543473,0.3558178252705421,0.5008174676128514,0.46844686906303634,0.3464129398246669,0.37937661618297275,0.43471448092761067,0.5107109162509801,0.38735165638953883
2023-10-12,0.3528599559748644,0.3765823802350867,0.5517273528049966,0.3529991273478266,0.3450087761665931,0.3548160446475801,0.6850695361051671,0.3558250039848902,0.4999227140418947,0.47481749249842337,0.36099067386585143,0.38477339648602316,0.4422212482479499,0.5133990839596202,0.38983085925316996
2023-10-13,0.33911452708092066,0.36960625159814875,0.5367829829474975,0.34941410076563445,0.3480210320527545,0.3665921538157103,0.6928588176800922,0.3577409251278991,0.48796503944232006,0.4881343232585833,0.3682650737579243,0.3893069434407284,0.441129901179642,0.4966178070652827,0.38240497538766566
2023-10-16,0.3266152843284729,0.36897962956750613,0.5202651212763019,0.35250250007368905,0.3474973574098668,0.35896773581678576,0.6904519331290958,0.35318769398812566,0.4826977720040538,0.4793018358536436,0.37036928714072387,0.3895923674223259,0.43723770658416183,0.49090733614443793,0.3837988743420566
2023-10-17,0.3275771086408327,0.35158752146633204,0.5208729936349271,0.3257867491821164,0.33753043553593376,0.3675646831063476,0.6932220618208201,0.35018608188162725,0.4771326860275899,0.4736496703908671,0.38116891522559554,0.40464289495262495,0.42471105322342295,0.4881435234384508,0.3919608404316798
2023-10-18,0.3201719527057347,0.3463060544820825,0.5150007584660424,0.2925773135747384,0.3288748252764229,0.3758676209766258,0.6959508564074625,0.3705422906358276,0.4854518467353979,0.478386750785235,0.39245765114407155,0.41269777244107303,0.42372105476851757,0.4909064059813444,0.40253833384331505
2023-10-19,0.3177353994147212,0.3588084246544784,0.5157964003273481,0.2737598235169448,0.34786915062778156,0.3810918776554455,0.6972249683593412,0.3619851119803865,0.48418073971159253,0.48097686177853977,0.3793786015717527,0.42552527154812597,0.4163942382929893,0.48932296743925313,0.37242597757715284
2023-10-20,0.34666850975594343,0.34692046332965304,0.5410428462107651,0.3217417698877301,0.36148928267896646,0.37185595405432065,0.7078863686313821,0.3952491992809154,0.4950090663178639,0.46572140559859826,0.35885844619277396,0.4219202799461835,0.45446581312912343,0.4995257081370082,0.3858821910890468
2023-10-23,0.32520879230422656,0.3558276438751575,0.5402556064198979,0.3086884070062539,0.38357954090605767,0.363672985195462,0.7002295166771736,0.39360418603366704,0.46779402754999866,0.4705170336551953,0.35539672383515525,0.42961144408577007,0.4476946428648914,0.4973784186028711,0.36949255131507946
2023-10-24,0.3279698570239011,0.34947969109079263,0.5409752290993596,0.31385218496558726,0.3873368600383214,0.35986715941577996,0.7063400427628902,0.3906317045850547,0.4704620509118201,0.4607780920487418,0.3197789171246104,0.42953563600189065,0.4346628445319628,0.5065277801522033,0.3662176145218587
2023-10-25,0.322938255245296,0.33763646578369555,0.5444790732058195,0.32066101960131477,0.3739064387527827,0.359783776031625,0.6795228473802462,0.3757719335821052,0.4716092525729654,0.4241192203805167,0.29229675414769213,0.4349996115724139,0.46327353936847077,0.4737701133332192,0.32495246145808854
2023-10-26,0.33753450298049414,0.34345256738043295,0.560733597915837,0.32860118268672395,0.3756383625867695,0.3635168595952469,0.6790578456406144,0.3800248152502332,0.47458613561299523,0.4285855544276949,0.2954433619632503,0.4360817569922945,0.46849352051669896,0.47667258393117923,0.3265012817078853
2023-10-27,0.34278261631974943,0.3409061233492247,0.5600906459924678,0.33054859995744296,0.37983301588203466,0.35980449100107137,0.6770646047832308,0.3788339351731873,0.47932973225369296,0.4270833753353884,0.2929740703123355,0.4366721985638128,0.4689831095526859,0.47927176759977225,0.3398980410590368
2023-10-30,0.36159478898475017,0.34087523776260364,0.5671515993640822,0.300643406107667,0.38402717711503587,0.36101555387189666,0.677816540514753,0.4144207693688532,0.48247396004698173,0.42726215543339807,0.292384671937842,0.43069428912960656,0.4806106082891728,0.47456970809388055,0.3572620231192516
2023-10-31,0.3599290586665802,0.3429232377588736,0.5650467078729554,0.3071744561701065,0.3945973175277947,0.3627098498190537,0.677492961743112,0.42123250281009195,0.49328977780068695,0.43230519784836213,0.2910237047011457,0.42649450301448144,0.4939443334846735,0.49608350881790114,0.3647344800666988
2023-11-01,0.37130974131237854,0.32020088809617686,0.5656917365634045,0.2904034579059906,0.4365528508735369,0.359448577970513,0.6807807524569673,0.4185554101031749,0.5019441897979706,0.4299089892701066,0.29151566182318583,0.4169126656923554,0.49100862049986804,0.5032886328125753,0.3551066310845901
2023-11-02,0.38276822156635243,0.3201446375560823,0.575091923352071,0.31667352051263997,0.4534099409458431,0.35735219490315595,0.6949808541041449,0.453887110333066,0.5221388338367048,0.42582334391160154,0.291537764503088,0.419017724905135,0.5231939591495949,0.5216680740128186,0.3791138164736252
2023-11-03,0.38267567240083755,0.31544228867252516,0.5708796595933585,0.30705636564241323,0.4678181704197424,0.35559529608231827,0.6921698372098511,0.44497678775700533,0.5385961734116805,0.4373603791770733,0.32328398857065216,0.4103311104748911,0.533220561762618,0.5315237130109216,0.3852418193626569
2023-11-06,0.3808441700862027,0.31706891524489866,0.5704842292055556,0.29706184779244926,0.4744557852455518,0.3497514306854844,0.6943370751654273,0.4451301565119122,0.5420313228633271,0.4318298732230775,0.30009008924623926,0.41635951116167974,0.5308476575706028,0.5263862491552672,0.37069917076900477
2023-11-07,0.38487263431526325,0.3284601268745116,0.581014691902269,0.2888643979089545,0.4718922580274095,0.3402175750158577,0.6849721292131364,0.47927111353669194,0.5372948236061434,0.4285664586455493,0.33968473953732103,0.40681412848252435,0.5445220958292031,0.5102449417638428,0.4014783941280139
2023-11-08,0.3691291771192237,0.3188622149477172,0.5691713508093218,0.2638747391282223,0.46157575285124897,0.3198775050234132,0.6582543658723611,0.41338143132034655,0.5215004305829447,0.41122258610563517,0.3170544696761112,0.3950311649737282,0.5075962555779073,0.49397151644715614,0.3769342982048613
2023-11-09,0.3590228470699673,0.32004504325807864,0.5571751717765886,0.26042925569853465,0.4617080349750195,0.2979816132099215,0.6672519346370611,0.41651504183687343,0.48189108959626065,0.38915323745066066,0.3065544442529938,0.4079147634692973,0.5131315861174824,0.4519385921511095,0.36465453458906555
2023-11-10,0.36768648490544337,0.3214695345817643,0.5552532442286853,0.2630688471509317,0.45457047217659263,0.29950543314522754,0.6721594778642349,0.39788141089208034,0.49168492971807126,0.38973312638708363,0.29926672860223685,0.4096593016784471,0.5033275041973089,0.4503240614403203,0.3562447280260887
2023-11-13,0.37424699385075333,0.3240951768288756,0.5607130242989141,0.24990639262869982,0.45595541080102475,0.2975848896353333,0.6734067570821883,0.3674535785583182,0.4792557245176207,0.38657741221467123,0.27726368410260177,0.3990053604214172,0.4733716733780297,0.43501245217744217,0.32617090948163807
2023-11-14,0.3725827280871062,0.3180714066439387,0.5621068084602338,0.26516739697906183,0.4539441210786334,0.27758565301524674,0.6873038189231333,0.4222117402928312,0.4667876172041259,0.37997031210599835,0.2798632922571225,0.3899750931100555,0.48767059608616875,0.43902591509299477,0.35444627058776546
2023-11-15,0.38398898828634226,0.31581423250926194,0.571300719597133,0.27392555059934964,0.4455989300287256,0.28340305343515965,0.6846741781981673,0.4188969552658197,0.46696389926989484,0.3929833529199308,0.2883965646066605,0.41343103320087426,0.4870588337216109,0.4516343242459766,0.36115922562995156
2023-11-16,0.3853974636747835,0.3219372375398,0.5805166640963135,0.2758375278130641,0.4478505694763209,0.28372044783516964,0.6837159894280594,0.41887416362711605,0.4653261851677817,0.39628211273087527,0.29160317185309426,0.4184422776488712,0.49069395177479147,0.45909359643434666,0.36439024773706596
2023-11-17,0.38154991606950966,0.3160590816282127,0.5814173752979686,0.2704332471094937,0.4451601620960189,0.2692617608994047,0.6875941309345732,0.409005620256069,0.4599758592242109,0.3984234428036482,0.2793283582942284,0.41287619362660155,0.49260065429700367,0.4596430764851254,0.35896590629632213
2023-11-20,0.3797114974335243,0.3056335406320734,0.5790432448051974,0.26890874591485775,0.44323808859941555,0.2676198855847942,0.6871867180316258,0.40844595956682783,0.4577365362173247,0.40004442704181686,0.27728213860676426,0.4016891681106306,0.4923473181047842,0.45743980555295605,0.3573410177880703
2023-11-21,0.3925907774000151,0.3160074772761525,0.5678285941075587,0.2685258963230812,0.4463786372119273,0.2676532488159969,0.6973597620728604,0.40857542395133045,0.4584735423118065,0.406680667257604,0.27756161762169823,0.4023919271574723,0.49245081054089995,0.4573795294707298,0.3567336895248682
2023-11-22,0.400173247004249,0.33659562977703195,0.5782012586502419,0.3071966636145464,0.4470878014412669,0.28007130256966717,0.712998271125825,0.4136660054757112,0.4591983002290371,0.4071052154837992,0.3085649768506884,0.4118197239975421,0.5059287876185078,0.474934084402212,0.353878329092672
2023-11-23,0.4004800855803895,0.3351104363561305,0.5779121249953859,0.306681939085144,0.44714274875098414,0.27781221324853766,0.7141518117843777,0.41432247877263034,0.45955232717064654,0.40209357394215955,0.31072637040611617,0.4097981721537608,0.5022760109328532,0.47511401638092654,0.3531287099967502
2023-11-24,0.3933469842533192,0.34587728242360405,0.5766232687464806,0.30481018873617116,0.45140222030532207,0.2644345164192087,0.7138818150700923,0.41494250741781535,0.4677004742691995,0.40178724694890733,0.30843320987222783,0.422010139936077,0.5013907466050742,0.47533916492719475,0.35193160540346985
2023-11-27,0.3935543897005229,0.3347340039377087,0.5714239556595365,0.30630637726326554,0.4393545766142116,0.2642638122841085,0.7137844282611674,0.41262222734884996,0.4757032727259387,0.3926966435296227,0.31201139151535723,0.4002874983517137,0.5044946652697331,0.46759054280357354,0.36530530803793415
2023-11-28,0.39186216259604173,0.3405133663767046,0.5695027961397533,0.31927078148997506,0.4332110482430049,0.26043247551123483,0.7174623315682424,0.40955707703825467,0.476479135839769,0.3917405937938374,0.32403959976793845,0.394679849825061,0.4970824432561447,0.4667020910412016,0.3516396691366868
2023-11-29,0.36101275852722087,0.3136496230098127,0.5530330704042007,0.3191760968799693,0.41892550480381924,0.21325050796445838,0.6975551399096027,0.41297640067334224,0.457997488576266,0.35727724864996174,0.3146753650079142,0.3743003490593184,0.5085769484228518,0.45193956170470695,0.35192716438900734
2023-11-30,0.37080669279905404,0.31456357696330656,0.5567525126050876,0.32078804532263105,0.4190427422818373,0.2153911083464122,0.6988409033268256,0.4148621165352915,0.45880323172894316,0.35765496010656744,0.31682733954974845,0.3767133193166173,0.5084499425634711,0.4501903862852273,0.35749789553852523
2023-12-01,0.37816465337828153,0.3178766701102872,0.5642726676873054,0.3261821324466939,0.42261163681557495,0.2190195700167736,0.7027492346563443,0.4192128536269012,0.4626386156975347,0.3612938222168176,0.3187868456734662,0.39078708230329345,0.5124770462237797,0.4497654626394596,0.3628867266053673
2023-12-04,0.3997328960726203,0.3135973371805928,0.5643304740727111,0.31867788324840407,0.4162731771586867,0.2400564186485748,0.7153067422120329,0.43331583657281736,0.4611496699473017,0.36271413327768803,0.3156952043430179,0.3921120005661556,0.5123117060359692,0.4481948969162057,0.37024099339613564
2023-12-05,0.3874277905336269,0.31062380132513745,0.5651840199586727,0.3140978158860805,0.41868806262517344,0.19523992131944692,0.7000987379890746,0.43505228105196314,0.4090570916071476,0.33017916091655264,0.2980870497500731,0.38897602639382833,0.5206224957527729,0.3884681319775575,0.3677118952444521
2023-12-06,0.38839690280875605,0.31794973202168936,0.5638240815749714,0.31301082343464925,0.4205511986135705,0.1984634051504021,0.6990077034644094,0.4326009391850433,0.40614262305916216,0.33162394059744327,0.29894410571045543,0.3929418300615949,0.5189369961174513,0.38589510795532994,0.36452212560495073
2023-12-07,0.39337074155765,0.31745361824728635,0.5684249343562865,0.31249539005885835,0.421171772731725,0.2140150486345888,0.6976022256676744,0.4336147192680585,0.4080367889726387,0.3460850094843571,0.29836531457839766,0.39675221702897445,0.5198160563129736,0.3873613642686134,0.364031001193281
2023-12-08,0.4009338390501285,0.31746844857201506,0.5730398373175456,0.30955616210412523,0.4180751364615854,0.20880991630268123,0.7048438795602265,0.42530104041115313,0.4048068056601901,0.3480635513185256,0.29693487127142415,0.4124154627523544,0.5150074678515691,0.3779426900699611,0.3709504111379733
2023-12-11,0.4091274479799417,0.3100813062978356,0.583440266727756,0.30963764637652524,0.41990459880042075,0.19048741979802547,0.6978229903633573,0.4327063086010685,0.408944130523241,0.32897746393330546,0.2954769407053422,0.40284888346910414,0.5233317620957644,0.38224646890714464,0.3712771893586516
2023-12-12,0.41227295073074416,0.32137898011201715,0.5824724669926478,0.3099660115482881,0.4170356329233147,0.1788198086022642,0.7009367915136159,0.4330766127195626,0.4147528431765685,0.33723787401222366,0.30017894979025955,0.41962976346812786,0.5220088960805671,0.3842577810327104,0.36892439500787344
2023-12-13,0.4102172441971935,0.3027108866964284,0.5733848197679572,0.3155321200720131,0.40656655022683635,0.19221278071136877,0.7091450228275483,0.43886682664033433,0.3996257875978612,0.34034103973092006,0.2889545956264173,0.43307704817630993,0.51837883083537,0.3846484510847256,0.3663804725604468
2023-12-14,0.3858297056008627,0.2756504271446917,0.5448121648509004,0.25224702214424294,0.36296711492899025,0.18655051892939192,0.7030667839386865,0.42941961803803846,0.40232444296562936,0.3431858108336443,0.30862477608316446,0.4460412056643394,0.5195494708345219,0.3955049714636578,0.408224966350595
2023-12-15,0.3875303860263804,0.2880579810556148,0.5433401557564616,0.25885244063473484,0.3679137504210786,0.18971856900048448,0.7021607796162562,0.4306021705713813,0.4024302264628898,0.3564045407101311,0.31322782389024495,0.4409463762194497,0.5239787571586512,0.3946372095362416,0.40730742646239937
2023-12-18,0.3755119984921219,0.2826235093772352,0.533975212736179,0.25747387752270084,0.35703912329494936,0.1972657434515104,0.7009013761963712,0.4303658071930178,0.3961157201565355,0.3615684937793601,0.31247049394038934,0.4475978947680472,0.522957360543283,0.3913895944493644,0.40647463997990063
2023-12-19,0.37422821527224037,0.2848532650409116,0.5340906014251406,0.24743114290453944,0.35534766745752383,0.1936422349176079,0.7026368358263538,0.42841153895592543,0.3971433237723008,0.3475208728726554,0.2798794053577417,0.44899636550715516,0.5120853368034574,0.3928347414107831,0.4089152389320001
2023-12-20,0.3625800960988613,0.28292307368974984,0.5295515209608334,0.230459395476149,0.3584636760914933,0.1848665050636385,0.6975712105510572,0.4140390184318561,0.4016258851962055,0.34715244091826475,0.253007735940654,0.4562755190618117,0.49022140445240403,0.39795218337442934,0.38367317784396776
2023-12-21,0.35381401253065203,0.28476921918434306,0.5322715647878278,0.2227053577184291,0.37940924508685653,0.18439598325617265,0.6913158641688029,0.4122853119130049,0.40040351476691005,0.3448573888327012,0.2526935944669547,0.45328326253177814,0.4842277963736108,0.40758409006788066,0.38074062852963564
2023-12-22,0.35171097693476483,0.31196449630529466,0.5497402318227043,0.2277549649361947,0.37135997547091454,0.19259624657740862,0.6943590880350723,0.41359115584952805,0.3987454413845524,0.3355889247582674,0.25154925491273267,0.451630617538042,0.48265951664079504,0.39123818313034253,0.37559056664867574
2023-12-26,0.3457708113818396,0.30764503980724234,0.5455007315749678,0.228729822822866,0.36656620896752207,0.18541520112821433,0.6890627101709689,0.41674857057832965,0.3921808792764191,0.32832836213181155,0.25249403313706503,0.4476692485421118,0.48896663914518756,0.3829577656708986,0.3770909196326597
2023-12-27,0.34441767327739636,0.3000435793678682,0.5470174961137143,0.2279372368977766,0.3367774859252285,0.18589109117282782,0.6913962017519869,0.41669767824848114,0.3841766581260961,0.31800781553716345,0.25025539947951264,0.4472058659228394,0.488870617568855,0.3487370546344155,0.3629955012502505
2023-12-28,0.3669357225365686,0.2941108967670924,0.5742226849347689,0.2275107897623954,0.33679747225769546,0.1909323723142667,0.6792981272442584,0.42185594741104,0.3899659078264678,0.3359392336368831,0.24767708366274918,0.44266121351877563,0.49187517885652365,0.3503476892900046,0.3628181410804497
2023-12-29,0.37177194468390073,0.27784929909196254,0.5728908847392674,0.22538616118500301,0.3434337649769935,0.1925847760400618,0.6767033845278233,0.42143950542961955,0.389206071301015,0.33207164281363455,0.24576802933264338,0.4475959761077918,0.49193468588714995,0.3407099850638133,0.35860831727490683
2023-12-31,0.35867651780984056,0.27048145611401003,0.5654130181640563,0.23055568940619636,0.33246992285406934,0.18011840936021345,0.6674413562358384,0.4344117763231644,0.3732560102904642,0.3236653186715542,0.2495136510192207,0.4412499414585605,0.5028182948714218,0.32597134687745494,0.36621264104947554
2024-01-02,0.3602998921403226,0.265782529426283,0.5697858961387082,0.22982528740491032,0.31651063228962334,0.1736056715283465,0.6624868268474335,0.43015104225907197,0.36872951177418484,0.31366844366916186,0.2467407040273395,0.44953568298562135,0.49777720093795214,0.3134443977871071,0.3640911941102065
2024-01-03,0.3668698663569676,0.28114796215337906,0.5721260882909295,0.23393569212077064,0.319175143492385,0.18906738318502236,0.6721008289170816,0.44550144924513074,0.39019197803971745,0.3290805124935714,0.2646944137399561,0.4668239680084873,0.5116290687319235,0.3376534206065179,0.3836848550886525
2024-01-04,0.37767784702172946,0.2991114496711091,0.5646862472308293,0.23979745531192256,0.3169510525920888,0.18182302799693845,0.6794249986800889,0.44070547893179934,0.39431792825035766,0.3436520201345929,0.2674231437689066,0.4620443451296992,0.5179215195594514,0.3327742254834716,0.37716712759548776
2024-01-05,0.3805007449555368,0.30095149618536615,0.5703349192308897,0.2458014554720946,0.3162848026906079,0.19503564677196028,0.6958045590335665,0.4421207656409559,0.39467775159408797,0.32685175094332736,0.27247158124444215,0.4698475831065355,0.5265065357497813,0.3361849950788924,0.37583556959465225
2024-01-08,0.38302475263860813,0.30346957973771704,0.5729588271991992,0.24750293732285888,0.3217487246102501,0.1987289991714559,0.6974012427976486,0.44349304330304085,0.39817907284827464,0.3252348780899549,0.2724574637127822,0.48880023372136544,0.5270104921384254,0.34457607804761725,0.3797332320413635
2024-01-09,0.37973725758596855,0.29390472624680514,0.5744785796670927,0.24909179015661895,0.3297526586287376,0.20328434795473183,0.6939519544069983,0.4419699253471727,0.39356811629735133,0.31936145901332036,0.27157208864309945,0.48823144788636363,0.5274892435606638,0.34896136665881433,0.38007537595171387
2024-01-10,0.3742594863582312,0.278598288491694,0.5579055368348335,0.26316751105045544,0.3172151336862738,0.21619400398268723,0.6911260551609804,0.4374556446251558,0.38983710679984857,0.3315188421954974,0.2628811283807355,0.49826321724546024,0.5158132285793393,0.34762460166051545,0.37030143045900316
2024-01-11,0.35945512245140443,0.25698675595596276,0.5443706950830927,0.2765008633738468,0.3169249712283143,0.2052180964682574,0.6896619012990085,0.43076893404848593,0.37114770397467645,0.3068594190540009,0.2785209695283199,0.4937031756110218,0.5280592507582569,0.3370730552986959,0.38001349039837934
2024-01-12,0.3521029760009532,0.2568554658766236,0.5335199159566867,0.2774986857191418,0.3171842230165651,0.2055189374317178,0.6943514608931741,0.4297792322232064,0.3694074308509846,0.30568030927984335,0.27849408017418087,0.4936729156236185,0.5245255921610712,0.33436327471440624,0.37995885712790883
2024-01-15,0.3528871915263976,0.2614245750200787,0.5334738691319192,0.2778812911791469,0.3205009884297577,0.20198665354784612,0.6979382157053771,0.42928028872532054,0.3662864154572853,0.31545596228426875,0.27950441663017184,0.4874299242216838,0.5259465985428076,0.3413746571173773,0.38073042853073086
2024-01-16,0.3503935313139095,0.24797666581448283,0.5261636626150304,0.26870572494328576,0.31606247489722505,0.2065264593859025,0.699076726337855,0.4307609933168826,0.36613771236525927,0.31876080914536686,0.28542866530596106,0.49198561463213836,0.5275691820758242,0.3433293729094528,0.38332065076530586
2024-01-17,0.35900591604943943,0.2763829220591643,0.5342916445472847,0.277580445079969,0.31878940118917826,0.2457679815024047,0.7058658322388773,0.4392531119161839,0.3685803351066854,0.3584441274788824,0.3039051973929719,0.49937086713197637,0.5349132532261704,0.34879910621227467,0.3889249438571712
2024-01-18,0.3543543979731399,0.2635209199575768,0.533416353963144,0.2773859111413099,0.308046647781317,0.22808469759406771,0.7046478107861502,0.4403504524453383,0.35609278158309304,0.34389696076652365,0.30402616816148154,0.49363704668295166,0.5327256209823507,0.3332744419228591,0.38746146975218715
2024-01-19,0.3541058843045348,0.26055857530520493,0.5328867991263825,0.2816097046082979,0.3049371950660284,0.22836424775533054,0.7102514127572219,0.4389273226348048,0.3568353010948717,0.34417834642146083,0.30338345489095514,0.49389055474880356,0.5404258322017005,0.3326677564978144,0.3876727390545045
2024-01-22,0.35424108014750433,0.221635389008548,0.5418572343012427,0.28577387238056196,0.30120234423934605,0.19985956147038797,0.7129497024207001,0.4428849330345735,0.34147381558255496,0.31474276791605327,0.29097724072560677,0.47146038215069264,0.541882134745733,0.3314585059747345,0.3905120520072155
2024-01-23,0.35300173410703967,0.224805137374507,0.5354533113461265,0.2850582700784684,0.3003308882577515,0.18376975049533353,0.7036868558398757,0.44218362773930936,0.33850235307410576,0.33534825007325525,0.28475377837409194,0.4694622517749295,0.5391449982723898,0.3321189782195699,0.3898127852284858
2024-01-24,0.3412556431163079,0.23197149532588743,0.5352931448770796,0.2840389807586164,0.2986683389290191,0.2489717215435603,0.6900549755313052,0.47590953920859436,0.35431629646328816,0.34663834839217905,0.31432133650380323,0.49892109982287913,0.5399331138400553,0.3359804336573169,0.40643477658382
2024-01-25,0.2953566069226192,0.2170998895611616,0.49785845012632,0.25974046537942597,0.28619310367586837,0.23711295644798985,0.6719559387637476,0.45542010621258994,0.34422244131199947,0.33431882409096286,0.26203271590050764,0.48296853746371,0.5226231533252422,0.3252273267775622,0.39695524586790326
2024-01-26,0.2986940478849556,0.21210158574753835,0.49542344765225627,0.25867009707922145,0.2873207729899302,0.21904049548970256,0.6525769248983481,0.4542081766120169,0.34432295833651017,0.3387156272725738,0.25837521157894244,0.4779153963974159,0.5203935441232562,0.3225263805422629,0.397470472949635
2024-01-29,0.302704701073333,0.21139052414121642,0.49216510901846783,0.25801084663608403,0.2859347415505755,0.2192315618880886,0.6611345403112984,0.4560716851362788,0.3669569384228033,0.3388285152862985,0.2581159386818356,0.48227340648174993,0.5206456511608779,0.3240083196962718,0.40236022363059665
2024-01-30,0.29021116310561684,0.19484209636297964,0.4801869214910594,0.2496734621102168,0.2779752599824231,0.19186310972881557,0.6452701765264681,0.4470081851578095,0.3543466573253956,0.3345951508853649,0.2514357673098242,0.48964729120837824,0.5151797624008781,0.3241052456154318,0.3996611137637341
2024-01-31,0.29957060180604494,0.20809350765948575,0.5005496979888695,0.2158072098907541,0.28005719049697675,0.20152883934995675,0.6463068105750278,0.4319898640954107,0.35924270034218514,0.34849110461308763,0.23976911059062317,0.487212987476717,0.47829649574867367,0.32849321102131734,0.39275178784378384
2024-02-01,0.30400427936305247,0.20263051461253143,0.49805366223378195,0.19579341789123175,0.27851122250958193,0.22479288442857584,0.6481385321545242,0.4441876007418092,0.35474455059474247,0.3552382271181127,0.19315187799218878,0.48824616215274597,0.48682310921864697,0.31179845015184543,0.32722206489955197
2024-02-02,0.29878153543476915,0.19561105399536996,0.5154583764275884,0.18574201055343592,0.2689364082693065,0.220022467371528,0.642787643487727,0.44216005380399714,0.3554186268655581,0.3527878231578894,0.18593163984985395,0.4960224435794359,0.47842352677798416,0.30692301493607516,0.32846967696228035
2024-02-05,0.28908033100342456,0.1735371246014428,0.5056101058420338,0.16688170176241954,0.2821429022011342,0.22025069632245134,0.6424367987883955,0.4417393885822871,0.35232058000575983,0.350841452369606,0.19017072381620398,0.48408698917368703,0.4764860211625579,0.30621235316833323,0.3195824153625468
2024-02-06,0.26830304077508366,0.1425212074078463,0.5027806435931759,0.17067517646613,0.28301415602401636,0.2386727496731174,0.6569026073496147,0.44219564095429736,0.3656592694441027,0.3507061258957153,0.1678985863081809,0.4730991096052617,0.4728116432268605,0.30710347976687563,0.31765097307465734
2024-02-07,0.2800576490942456,0.14953844597006802,0.5222325688528013,0.17757144986157553,0.2822573845661137,0.22326415043764244,0.6433805368458418,0.43260748058826604,0.3666228176036608,0.3357998471298938,0.1569572720774044,0.4731803204519861,0.46305044072135904,0.30286690100689223,0.3160122342591331
2024-02-08,0.2896985732681912,0.09040644934284019,0.5266495470641217,0.14550424575746246,0.23646084798352493,0.2131260105156785,0.6463601583021349,0.43216213411573096,0.3720705419543575,0.3160506556916782,0.1311107052859394,0.44210549052091386,0.4561454585029191,0.2951886062152377,0.29352238724844176
2024-02-09,0.28902655580745124,0.09711303962516596,0.5251077429470242,0.1453070385816072,0.2383120922017075,0.2130377146605107,0.6471828661673984,0.43700828164316713,0.37091110074331696,0.31676489893700116,0.15062501404384288,0.4607530056657403,0.44446052784945844,0.28091163951062526,0.2744903217629391
2024-02-12,0.30628345740049484,0.1072097429453994,0.5440217585767803,0.15747650582156555,0.2402473963299324,0.20077373164089424,0.6434544468361914,0.4280681695513747,0.38283525785722405,0.30592785531832895,0.13943899468656232,0.46435529000912557,0.43582213345105614,0.291940264759598,0.2799157593802579
2024-02-13,0.36461395592228457,0.09490328627657581,0.5739853752526873,0.17072585873555804,0.2889267147020885,0.1756698780036924,0.6652387467449283,0.42520794775687787,0.3598133252534264,0.2796067350952277,0.1348641205677423,0.4696621668243526,0.4336352311442858,0.29289235595911606,0.28005724914875224
2024-02-14,0.36293929526391133,0.09044742043095429,0.5681801766009625,0.16545181463838643,0.2844225493036952,0.16443737566642289,0.6582366765989054,0.42654899746288105,0.3216879802307309,0.27390517602022757,0.131432016980145,0.46663146309730513,0.42998103977225394,0.27129581783292883,0.2725059057965158
2024-02-15,0.355054434349291,0.09283121279522925,0.5622563453280855,0.16461247551862365,0.2847313655032891,0.17032996659748836,0.6595034852701382,0.4298305574573925,0.32622513577169504,0.28438935417634836,0.1215684494037374,0.45880585449720623,0.43494683761290415,0.27759667496879964,0.2677291124655348
2024-02-16,0.3609270918262528,0.07569004415370416,0.5563826366477471,0.16304437575615513,0.2809398156452585,0.18238863242511774,0.6667924865908607,0.43195963457215725,0.3303741216435872,0.2710334070528016,0.15010518532933478,0.4620410439238115,0.433495689716152,0.27497696951193457,0.2756443163216759
2024-02-19,0.38346453816810705,0.08107930387862264,0.577574056266767,0.16790158762956162,0.2778642222207999,0.16891012037738445,0.6488777503247685,0.42889383507197315,0.3306273395943715,0.26474436723529515,0.15768347337318459,0.4496565739049117,0.43622923279704534,0.26640322138225697,0.2507524290927652
2024-02-20,0.3880663333589278,0.06435901390733152,0.6010142337110403,0.1598036424877752,0.28644757712463853,0.1686309734403863,0.647925178853882,0.4311577390713573,0.3364531960994944,0.2587950140024136,0.1532034952516849,0.4420331849731129,0.4351747865224238,0.28083894213341876,0.2470267647756811
2024-02-21,0.38977893005182074,0.07358757878044657,0.5992167941866147,0.1756640051380002,0.30101314423739317,0.17092263808577815,0.647531270947316,0.4331892346530049,0.3386013595182633,0.261393818880766,0.1442434341830013,0.4382841738446812,0.4448446621345895,0.28709062822422954,0.24060504492866658
2024-02-22,0.4492262940198808,0.10381650073616354,0.6275238278970462,0.17992839397321067,0.28049530424684194,0.17141613393207267,0.6599695373383487,0.38974024330816825,0.30356252363096836,0.2661034107711708,0.12106502731749841,0.42596591724741534,0.42608845190507666,0.2645883239246961,0.2083965211402337
2024-02-23,0.44133055217128053,0.0870601358532175,0.6198279792409208,0.1897849165197021,0.2455760930872684,0.16149482942734533,0.6572353140053493,0.3965158403708786,0.28762551364332123,0.25946296191836543,0.12710685617504858,0.4113171360218577,0.4308357448670738,0.25378922377583896,0.2249338590850772
2024-02-26,0.40447034490540584,0.09376073671995627,0.595603831307691,0.13428811676184238,0.23411270552694857,0.1716379680761932,0.6292181852375381,0.3436891840681663,0.26364964025928456,0.2714895870341636,0.1332454428195438,0.4164259564341053,0.3857498597924437,0.2293860644039085,0.19256641264267654
2024-02-27,0.4184853283610074,0.07996795904639133,0.5868339692061597,0.1364308400334199,0.18345468479921043,0.17163393482510567,0.6371770380840196,0.34130948951239676,0.28362012344837606,0.2636613159396512,0.13694676930382682,0.4057966099063883,0.3868045923723894,0.2033451311223261,0.19353401997966588
2024-02-28,0.41801552029928907,0.08980429662337773,0.5875672501917875,0.12749760364270682,0.18652146944172518,0.17770256111647714,0.636657027870044,0.3420987834617134,0.28477067125542616,0.276121295308465,0.15575549923532314,0.4157897361917499,0.3923681580369351,0.20941839556061917,0.19494614268250993
2024-02-29,0.41686120636359275,0.10016226399866997,0.5859614345719998,0.10734232493545187,0.20290199269724202,0.1788126718612683,0.6641530466906913,0.35070872003150255,0.2844200327475071,0.31935288973235026,0.17879369925198776,0.40896822787185116,0.3540112163186585,0.2603353015151468,0.22442396080632052
2024-03-01,0.4026677316491758,0.09383975589819692,0.5777061223875947,0.08985202091763345,0.20053887158528097,0.17309260599871987,0.6566732025433522,0.3409752333914491,0.27974212477019017,0.31590889858303717,0.1735013733951702,0.4077904277277203,0.34255052963471455,0.2582205189931642,0.21820893225350407
2024-03-04,0.389884054546274,0.09903906591781295,0.5737408862497686,0.08812973138119032,0.18745050345231237,0.18269919343740748,0.6548248829223223,0.34317106209175685,0.26227932258921044,0.3073554151793748,0.17413126006212926,0.3944336497221853,0.3410657846107341,0.25480046360447267,0.21550768077282842
2024-03-05,0.39981512359761867,0.10769540025644767,0.5849627884108667,0.09137040938172522,0.20424154402014325,0.1900521144011501,0.6599968992080902,0.3427383894547385,0.2699238913571026,0.3146444835434577,0.17661445827798136,0.405111085172121,0.33885278301774835,0.27899398097840966,0.2134417914709597
2024-03-06,0.3949168737025599,0.10728668240487911,0.5817977112831637,0.08789033354098333,0.1972611864743518,0.19642731771868924,0.6556936026814616,0.33704432143560886,0.2612485842520205,0.3248481790807271,0.17426191927266005,0.41228109449356753,0.3319394228212057,0.26573751522487593,0.2063501499900997
2024-03-07,0.38101285994034706,0.11417727678475596,0.58896336393522,0.10374149384266798,0.13228458058877202,0.1772630959176124,0.6420606266315053,0.34550641003761384,0.22997749778260002,0.3261866220747956,0.16748409814214776,0.43100006628749515,0.33434298701407883,0.25632799752087654,0.2163632926393519
2024-03-08,0.34507541831559674,0.11560640872673333,0.5735490079750101,0.07597559512646333,0.10716331493952133,0.16408607602529138,0.612936596590851,0.28954419021363387,0.19222506572081435,0.32527684252105465,0.1661554009623828,0.42830054636961756,0.2899302467627751,0.22282219757935354,0.18002629322790872
2024-03-11,0.3682474828817241,0.08597609812482954,0.5739499762252422,0.07986896611014184,0.1385870827366936,0.15251413138631661,0.6216701110071078,0.29797031264744694,0.207570452997838,0.2994307495382692,0.12560953998117466,0.4022975007003439,0.2681366154635289,0.21846437701233368,0.16060480643006692
2024-03-12,0.386555492004562,0.10623090410316968,0.5834058164444001,0.08214393301640822,0.13222185505639966,0.18195184875058407,0.6258635956113997,0.28058768274386175,0.21026471856894857,0.3194047617517466,0.14735928382407126,0.3904270032064918,0.2583618517667819,0.21970805070836574,0.17979580202709508
2024-03-13,0.3920076317907186,0.10460042068958524,0.5809183119067752,0.08547995132228432,0.13240177047812654,0.18353543956079738,0.6389118842567026,0.27864974985958857,0.2073631191729725,0.3187454950406948,0.14874105070943366,0.3909282697822752,0.26645941286880576,0.22338722628586388,0.1784395367539839
2024-03-14,0.3881920838349905,0.10419055042078271,0.5827193630909661,0.08423215146593722,0.13232393271217685,0.1783643388198747,0.6464492737552382,0.281676042102707,0.20813424532983507,0.32021350998834197,0.14694130431346242,0.390820856176942,0.26803417296060766,0.22373531554987577,0.17858212244634933
2024-03-15,0.41109328664335515,0.10674723171420117,0.6120095070561204,0.06735136468134452,0.12963742291131694,0.20916746130174785,0.6333710995273033,0.26763748364427165,0.2649821556276658,0.36283527821317446,0.12774195547097314,0.384212491618928,0.22906922761721854,0.29257387774287336,0.16467508375134138
2024-03-18,0.4166537291418726,0.10756795420862354,0.6165439874221081,0.040891537628324016,0.11713190280137738,0.20825320800589386,0.6307788368478557,0.30251806198426434,0.26638165328776003,0.3617809939256708,0.12721726388675458,0.379577186550545,0.212762155094375,0.278028115948139,0.19611162763118048
2024-03-19,0.4043016721677445,0.11627055151782476,0.6145518531716411,0.06164340559342199,0.1272783281680055,0.19936309561539942,0.6242002688529907,0.33245070098483376,0.28059562668740445,0.3626789648666772,0.14050577274456663,0.384880344224733,0.23768464018683644,0.29032105871585145,0.1798560434018867
2024-03-20,0.3992565548882558,0.11964679427870413,0.6152399161518417,0.03430739491863222,0.13211094756804653,0.21125055671328913,0.6158984069941834,0.3156455095711179,0.26959943352261395,0.3694117635914526,0.13735664994801658,0.3884952487439321,0.2108809922474516,0.2886019659200087,0.15084738354777066
2024-03-21,0.41497247433082207,0.1344790466517167,0.6332065153149785,0.020436255157065375,0.16591562213554603,0.21273022021955365,0.6270459087522595,0.2884972349762357,0.28388923574809344,0.3605238700049598,0.11776554691058648,0.36841217740741083,0.1630759104136767,0.29797758045648876,0.11306920201380244
2024-03-22,0.4092179695721759,0.12802057441466302,0.6314100686703379,0.013720747726560284,0.15953285817691593,0.2170631974385229,0.6276382483340364,0.2943381011745087,0.27746683006858924,0.3566800747503166,0.12493739427846057,0.35979742092936096,0.15919768872160453,0.2798957822944463,0.10203787134528754
2024-03-25,0.4089528782279301,0.13349266301540677,0.632127044131042,0.011247897563687903,0.16649960197697783,0.214518506254467,0.6202678139863169,0.29700505705313573,0.27175958023496694,0.3672118596995923,0.1184559353967712,0.37275818461290877,0.1516759460169742,0.2970444347485627,0.09228913789179094
2024-03-26,0.40592892951684995,0.15053783000431137,0.6350629547911151,0.012496054235597954,0.16308549415703558,0.21950362483041203,0.6211821391198478,0.2910044152941794,0.2649750895730556,0.3665671060744326,0.12627620473491227,0.40806443105678125,0.15056681704814345,0.300470674579256,0.09663656551970028
2024-03-27,0.4011438290832263,0.1540839862452998,0.6349584678562399,0.01465951853377296,0.16063412912105277,0.21723430445848183,0.6176529545249801,0.2909662712148863,0.2648545466226397,0.3682204188710584,0.1278049747254503,0.4058670592440801,0.15201108135179414,0.2989234576065139,0.09606040794378654
2024-03-28,0.38512799695121724,0.13792608257856925,0.6325474607696687,-0.03640835125711991,0.1677527414438486,0.1980338060021184,0.6064282318265135,0.2800899792086046,0.2545606746829751,0.36315871951565903,0.08354362984863542,0.41485586780573824,0.12707765032407956,0.3039786033357919,0.08922742857880249
2024-03-29,0.38530967098633634,0.14132615929882106,0.6325305805168685,-0.034805851336224485,0.16723181567921266,0.20114055528908842,0.6066058549646212,0.2816248861846514,0.25433110933363007,0.37601429034109346,0.0809310005495879,0.4208425412820456,0.13075973493933415,0.30145257602447706,0.09105946149102262
2024-03-31,0.39475705670944244,0.12479826756978055,0.6332603308160321,-0.034952647900881706,0.1621180268337524,0.21092001077426686,0.6098147562181403,0.2826611704137706,0.25817829278377474,0.37467723261728764,0.08115385365479877,0.41745935913108284,0.13119964521328473,0.3002963527561968,0.09134234653176874
2024-04-01,0.3930850613318615,0.12441808379960705,0.6325986773999933,-0.03260836966418697,0.1619876890602279,0.21087630361810586,0.6111448304971526,0.2886136566581364,0.25820014939776215,0.3745402692324573,0.08159684653648341,0.4172926283792506,0.13111858826140246,0.29970973288627967,0.09248484423710988
2024-04-02,0.4017045462687512,0.06924106150921454,0.6415348487050082,-0.06256578280951838,0.16835844152646107,0.1471565205876778,0.6205327047414742,0.2762789749998731,0.26267524522477614,0.31968923875191285,0.049687977817100756,0.3959402775684562,0.12767425630604942,0.30273708771714736,0.0968720951037809
2024-04-03,0.39737414443027624,0.06974316674821103,0.6432364800091734,-0.07006248353366913,0.1682197546782564,0.14477615930721863,0.6203837014906494,0.26870507627081747,0.25415474902102403,0.3223975339931231,0.049633003938150067,0.3969322946014226,0.10219197229042833,0.2964443952940321,0.09130561245470051
2024-04-04,0.39791134490888475,0.07101689338278995,0.6432771677733935,-0.06828645323932278,0.17308334568531533,0.14300632817108164,0.6194499861124018,0.26758696834203854,0.25255759880516765,0.32333973784687287,0.04695363399300794,0.39573485133575165,0.10283721083312108,0.2997207402477459,0.08300929869115561
2024-04-05,0.40345107297318017,0.066188195598849,0.6452868772862083,-0.0718917396723695,0.15783432166686606,0.13452685878551296,0.6290991882206043,0.26218300947422696,0.213945676225456,0.31373880827313866,0.042498413891386054,0.3930527313328185,0.09439972798726981,0.2738935184667888,0.07849843081525032
2024-04-08,0.4004424585894709,0.06631915712205347,0.6471932988337049,-0.06532464246841034,0.16910428282837767,0.131039858882614,0.6290882446785054,0.2636606305018626,0.21582549014685468,0.3125891429917695,0.042894920794079666,0.39621550701759795,0.09433366883681453,0.27481772475603455,0.06907559117916627
2024-04-09,0.42063933220508676,0.04473587329625847,0.6497871823261586,-0.06385639984511465,0.16232997928716034,0.13123459899195677,0.6128720170094802,0.24879428992954453,0.23662619501768975,0.32658432334697857,0.0553455274978904,0.3750037160387249,0.09226096376932179,0.28503077074387395,0.07679221375187492
2024-04-10,0.41397421280981345,0.03317053229822585,0.6479948807324637,-0.07288072447734044,0.15083952821560348,0.12315961120573442,0.6106809068794745,0.24408168515896034,0.22867137392445883,0.3215895418824925,0.0478847576174597,0.365458841561955,0.08831920675503879,0.2801213194687185,0.07091532467322359
2024-04-11,0.402968076010749,0.027333900092608568,0.6477463099908428,-0.07565050748402442,0.1481036771626982,0.12230918372865066,0.5986674825742976,0.25715369869908183,0.2268760014639275,0.31745465635270137,0.05386621408404089,0.36351848048732427,0.08465439626341635,0.27780166869352,0.07351491210145737
2024-04-12,0.3837323345312011,0.020750322872009102,0.6301797342813686,-0.07705468644483578,0.14787768368497295,0.13006031043238697,0.5901240340095845,0.2664427940745814,0.23915398266865914,0.32551903211610356,0.05480210143409639,0.3635765236683223,0.09063613094498661,0.28847137172291426,0.07291024495831565
2024-04-15,0.3798792507135667,0.028578291649019948,0.6290638128752889,-0.07623517131905562,0.1379473796415794,0.11963922482017138,0.5789232001555424,0.25910790507945913,0.24846843428598775,0.3455235190866668,0.06944254511464777,0.30945536586984435,0.09454221912338596,0.2590638648189263,0.05388047044955461
2024-04-16,0.42569417153999256,0.12338950245744339,0.6591537959355827,-0.009285542936283477,0.26378880699342616,0.18591429345684599,0.6049582419201133,0.295451240829324,0.3250638941268509,0.3992830428028455,0.1264688676265245,0.4086968469787272,0.14283658543218022,0.3422242993989376,0.143326758772206
2024-04-17,0.43315932697738174,0.1370858378562924,0.6615899476545386,-0.01879651269264235,0.2747262853419058,0.18065108463802226,0.6033813743773071,0.29922816649427775,0.3226877821292447,0.3894815275022752,0.13886066634106445,0.40329209499121504,0.14074309692051362,0.3379154903391834,0.1511569185130336
2024-04-18,0.42553582506905346,0.13766859527651681,0.6829351456021548,0.042844326561911616,0.3191893506034014,0.18425563591435595,0.6030858532571333,0.3159927759908491,0.3253804408013146,0.3786756249487412,0.10491331616112327,0.386631737327614,0.11075350102480018,0.3252662159967162,0.07648334174284993
2024-04-19,0.4296694505593287,0.1476560080386879,0.6850489554198537,0.03872152583202143,0.32204548298800906,0.19216513995247203,0.6045280788060885,0.31280658202962497,0.3279399294594295,0.3889306541115234,0.08908754404850837,0.39421934197025893,0.09339573421437841,0.3296050523468973,0.07736083721257236
2024-04-22,0.43192274982452245,0.14628831935024053,0.6878232582111438,0.03321479715675948,0.3230645706755203,0.1899509798923049,0.6012739893920453,0.32232442922986965,0.3224830121355898,0.38667103588145635,0.09512081284919814,0.3930167332626204,0.0971603911979152,0.325140671790419,0.08458743071101169
2024-04-23,0.4369588056468798,0.14712368937122958,0.6890839627569851,0.048931144967905474,0.3233076524895756,0.19915323675277746,0.616620816770402,0.3350583869833741,0.30990469462466486,0.39200755853678515,0.12847596291182153,0.39798806779127555,0.10714760662084583,0.317609486659428,0.0739889272575049
2024-04-24,0.42846648594869047,0.15064135116281901,0.6924110788815188,0.05437068973720394,0.31315128603258113,0.20053273128131796,0.6132768313630002,0.3375196734958228,0.3156357638591546,0.3903274310536917,0.15446409189630206,0.3874313032974344,0.12333511054162256,0.3067707323620923,0.09948647866792054
2024-04-25,0.46948782543033263,0.15079298751930992,0.7074770750253221,0.016229199359491985,0.30712924930414415,0.1996906516615108,0.6353619968512357,0.3019695646010264,0.32503774147861775,0.38740473984568774,0.15101529159175595,0.3918789487861627,0.0960706811572763,0.3050861616081038,0.09442890202023231
2024-04-26,0.5022132486326072,0.18383682527816964,0.7314280072819789,-0.039013326049623945,0.3642037544200732,0.22340470595093523,0.6596694620537034,0.24725297431894713,0.3592800623504026,0.41040019748703815,0.1193277227447285,0.4141519029863382,0.030610241375647777,0.36962950222983815,0.05150857508637993
2024-04-29,0.49816766229632925,0.18256530830042783,0.7302447983885042,-0.03827034366477299,0.3626755135914138,0.19141247446052848,0.6604256776392013,0.24228943383101753,0.3399108638270538,0.3851391760759539,0.12629292421364155,0.43572148561084817,0.02898047361939606,0.35915704921423686,0.05735473024275972
2024-04-30,0.4889207078895884,0.18727421068943007,0.7286137583666424,-0.037102028064383584,0.3969578271415164,0.20260763643818944,0.6579100201075545,0.24135275264290787,0.34170955049180685,0.3915317327130396,0.1260805751614885,0.4291654394809596,0.030677804580277218,0.38221457628281225,0.0529257278982431
2024-05-01,0.5041544517588387,0.18294078421320056,0.738260730995051,-0.03492854216969988,0.3924695685730056,0.20957148824266073,0.6747513343873262,0.24199080658127872,0.33946388369332675,0.3816083141444974,0.12495669678509241,0.4354175287723523,0.030098146278896024,0.38482614036896823,0.05374886454884228
2024-05-02,0.5039358836026011,0.18561508655732442,0.7401886709443468,-0.03406351003458054,0.39036606147015496,0.2084889980963225,0.6723028683109955,0.24212825480771608,0.3400375357404925,0.39368752644403343,0.12631999271421948,0.4268666934285012,0.031152856185832366,0.38659514668223055,0.05445775186007178
2024-05-03,0.5085945455430918,0.19454370091616457,0.7448289069820138,-0.026321608651319807,0.38496375741337496,0.21428435461880663,0.6749979680625363,0.24574271925625102,0.33730785508386685,0.4007266599532608,0.13081011810207607,0.4237484607744884,0.03925137621052143,0.3801876116275111,0.05330316173485082
2024-05-06,0.5097171406064702,0.2004059818870819,0.744777404644661,-0.025387854833945966,0.40927373286859003,0.2201499448484319,0.6753713184837306,0.24460470039016677,0.3567192231783033,0.408084334740605,0.12851793903455078,0.42051256680762944,0.04059822916178342,0.40757546276029927,0.04720755835238312
2024-05-07,0.5089445465477903,0.19410572158921366,0.7483931971255975,-0.031028946215458108,0.4124910086855903,0.18926881347117294,0.667294736442755,0.23002465236559946,0.3228569678835685,0.3887838936872469,0.10025916670855345,0.40389512190237226,0.01726341492588059,0.3818204605364418,-0.0016616896967123504
2024-05-08,0.5185869095877108,0.19242203172352176,0.7450248508090022,-0.023403623835671142,0.4247353932379639,0.19193709265757689,0.6766991664723921,0.23752450521808993,0.3202156238419309,0.38767636182858217,0.09715573002136466,0.40837806452834957,0.00808020093416219,0.3924290520531469,0.015996156466315643
2024-05-09,0.5123363968359863,0.1938909957447128,0.743638662690226,-0.03293674394772809,0.425707350955316,0.19189712601841713,0.6743681699695766,0.2315325996381374,0.31657649057012593,0.38863376165731806,0.09885492699041724,0.40856852792275095,0.001988440373219203,0.39184981999998203,0.014461475528996242
2024-05-10,0.5144385411776382,0.20843818037259884,0.7421313473410547,-0.03363013182206144,0.42733311824187054,0.20571806097671122,0.6723409365762437,0.22991513568489005,0.31593587189410016,0.3858422371478366,0.10249739021490528,0.4187930393824363,-0.002612008594366663,0.3855706218415529,0.007990417092367856
2024-05-13,0.520195671795916,0.21141273456367468,0.7323131660916776,-0.010831912565460936,0.4307696516742747,0.20250759246395922,0.680125795608883,0.22532295383680095,0.31849207413985275,0.38991853547927213,0.10021091178742894,0.41956887456828174,-0.0160762786335884,0.3789323407290867,0.026963997607597715
2024-05-14,0.5271384162996025,0.22706760699910358,0.7420090045270978,-0.029582875594336255,0.4462108791577766,0.20473411108562475,0.679116372636562,0.2334372831041452,0.3209655716663201,0.3852615091829424,0.11866809974385577,0.4221890053954535,-0.0066184704463901805,0.3730316092417984,0.042879002687474896
2024-05-15,0.5358818635050535,0.2243353561230745,0.7476302916677905,-0.028099617215091827,0.4409556133823902,0.20371909082396536,0.6792384833757876,0.255238590545101,0.34298889722519094,0.38077098248288055,0.12069333907671255,0.428681638338915,0.004570315206891233,0.37815339111302465,0.023737235885855894
2024-05-16,0.5383947417634669,0.22926471644728036,0.7610502828046699,-0.02290055209572273,0.4414538744743633,0.19648584414974013,0.6695388940932187,0.24874146501987363,0.34341428023918696,0.38613512624713864,0.12713198133679254,0.428037431672744,0.004682274752136538,0.3820238474728829,0.024897440113522268
2024-05-17,0.5420363628564534,0.2180379875405109,0.7620498147965127,-0.021906762290376983,0.4320522908362594,0.1824738805953417,0.6725797444246205,0.2505051951040172,0.33284368576188833,0.3735466541378073,0.12451913944083204,0.4335018575873446,0.005585936421380426,0.37299522704915217,0.023531206129863397
2024-05-20,0.548456610674214,0.22467401708472412,0.7686582434589166,-0.016474328556036647,0.44085163015209317,0.17792262220855437,0.6717667603951529,0.24639440560073528,0.33044406449229363,0.3699218561547023,0.11783349659311487,0.4270234313171057,0.0005107193405012567,0.3722917161244565,0.01569878587168011
2024-05-21,0.5442668440175813,0.2052704838239964,0.7670864362078645,-0.03484949536144882,0.43243970094021467,0.13900776405556556,0.6627543194145104,0.2245967309539195,0.3166594432384229,0.3384263659370827,0.08319300128378006,0.41385638413781306,-0.0264828869407798,0.35918663964541114,0.0006180283198929672
2024-05-22,0.5304194364964333,0.19982238788976642,0.767545430887939,-0.04099686870234923,0.4295073662292163,0.13981951491863373,0.6457856072016133,0.21954535022898736,0.32873422441198413,0.33559905933647277,0.08217776902367975,0.4172065561542472,-0.03881585712737883,0.3650049709232575,0.003046136410875725
2024-05-23,0.5343442287899887,0.20923938949602297,0.7666554004518034,-0.043938500283525556,0.4341869852228481,0.13551372054849445,0.6501170914828982,0.22146355585466268,0.3175579455913754,0.3413099551460979,0.08308977603565539,0.4334703748191811,-0.04154461146231653,0.36720131478195517,0.0042319791669316285
2024-05-24,0.528790714191196,0.2449136516886874,0.7630140969736253,-0.059164691661775674,0.4288566040513314,0.15392385519209506,0.6460230358295665,0.21379461121892177,0.31218929467201967,0.3761424010741356,0.09973650044277296,0.45415367000640083,-0.05666188683325089,0.3611067361558162,-0.005209038396793846
2024-05-27,0.5285653261645964,0.248527464821607,0.7674140028254397,-0.0590438884496817,0.42855636694959576,0.17027787413096612,0.6601996146493867,0.214699924805129,0.3083489588085913,0.3640221887759357,0.09889601902571259,0.4517917961451348,-0.05866780787097911,0.3558428596877724,-0.004919898710160321
2024-05-28,0.5503847211356576,0.25021573649686685,0.7676555591238042,-0.06508845875984161,0.4254251134541791,0.11988274721791595,0.6748194174738378,0.11973102963738282,0.2837829123077036,0.3569128137994413,0.05147499623196995,0.4265723415493602,-0.08675766704647415,0.35043332830516893,-0.06984414067345819
2024-05-29,0.5425387686481575,0.2506591812388944,0.7644745370231121,-0.05602231895477996,0.4269763484982456,0.14010837080669464,0.6815064587910418,0.1448635769816278,0.2924337018654904,0.36559846466785856,0.10740417927052776,0.4389445650230016,-0.0672937281284978,0.3566937149382373,-0.06738282166606872
2024-05-30,0.5379525063658493,0.25878438499715256,0.7696127361043554,-0.058477456049856366,0.42689594474899784,0.15598582269811223,0.6899114096082081,0.1322960223937996,0.2656156770910023,0.36544300252697803,0.11653633754682528,0.44461146861205303,-0.05970320351483281,0.37779030020274507,-0.06406182331098076
2024-05-31,0.5387922307766406,0.27136444921738967,0.7747756086357973,-0.06148947209545919,0.4287474355344839,0.15579172812287168,0.6820961630898944,0.1324939382859281,0.26588491323996866,0.38050538729075833,0.1164776460834325,0.44619435102018484,-0.05828959547279168,0.37947346187017467,-0.0646217815985344
2024-06-03,0.5404694929123663,0.2924168545652276,0.7798088240433979,-0.043625112894357776,0.44558209513677016,0.17851880017629487,0.6858570624597174,0.13945301256819717,0.2791370926349465,0.3932640583736347,0.13525068418240765,0.45135189915545343,-0.033171028800156155,0.4040181742544672,-0.017376055405446175
2024-06-04,0.5394264251053171,0.2830944182697516,0.7746595672622943,-0.007244581707373081,0.44632075627693807,0.1830017950687749,0.6862205903721758,0.15154872158560412,0.3057740523359177,0.38608334395800054,0.16394981554330257,0.4534832862925263,0.003458082185849316,0.4078135520003836,-0.012125249391085715
2024-06-05,0.5475706069682055,0.28120788100131083,0.7804062498873864,0.0034952384283549547,0.44215471976710036,0.184164104548238,0.6995081116367186,0.13552217521890395,0.30042498566919895,0.3883645464955273,0.20710344626421548,0.4473259460614962,-0.025076580944691125,0.41552991286750623,0.07129816953511357
2024-06-06,0.5564574687050541,0.2812279994563475,0.7730237570600993,-0.0027659405730563777,0.44976372003359855,0.1845211205229245,0.7055969299166739,0.1348095690117126,0.2983231453826604,0.38902354609581946,0.20633759485239545,0.44711424104325326,-0.030786906044660993,0.4207293761428895,0.07119078491487402
2024-06-07,0.5597825911807509,0.30179418021497634,0.7846208412167607,0.012400730193976374,0.4414595008051732,0.1842635871658721,0.6977698676573961,0.13566642610619556,0.2911145838470596,0.3907477332370246,0.20064940150962346,0.4593587231277182,-0.03059232697805638,0.4254257927512147,0.08042959959136906
2024-06-10,0.5581416955481158,0.33303562560829597,0.7921243778597581,0.005337405728363151,0.4420157718237607,0.16254451097995345,0.6847003936144537,0.14889930173583546,0.23736164409154076,0.38902176951445344,0.22684318972713383,0.442984942977971,-0.02977651304659083,0.41809993731079953,0.061673580008025225
2024-06-11,0.552668473781931,0.3350307138765479,0.7901860040395582,0.005489004994903319,0.4464772204629963,0.16920340826798447,0.6856149240791368,0.15403638234602873,0.22136066932647738,0.39312347543061854,0.22880263948123605,0.43678493364139936,-0.027078964649360573,0.4169687023125165,0.058554528937338174
2024-06-12,0.5598134474340247,0.3255112699581841,0.7932529351022409,0.018465709720820143,0.44078766337553543,0.15522453556959073,0.6928326581189055,0.17309924608500785,0.2132260820994791,0.3822795090532124,0.21187075623470183,0.439428496567889,-0.00749813221596857,0.4090234442818257,0.05478667206538889
2024-06-13,0.534593950835813,0.32560720544064403,0.7951602114649531,0.019609540145009964,0.44000624651035825,0.15761533376217907,0.6807190494132624,0.1664102814773206,0.19600259999645053,0.3988123488087268,0.2216778305727354,0.43618909078776597,-0.010054807546761378,0.41115535802802355,0.05712305006960076
2024-06-14,0.48206774370014943,0.33065975581564994,0.793873693279648,0.0031541638403165327,0.444027180074894,0.1293307599574704,0.6435349097563438,0.18733204539301174,0.1485397612919701,0.4006540515827901,0.20930556624794913,0.44254265573635365,-0.021586740745468565,0.40394128999735973,0.03424723538397712
2024-06-17,0.45412279237595227,0.35075666448740145,0.7876168172547583,0.0006663995229442013,0.4462918588205087,0.13923814660766215,0.6209068680691806,0.17582446752508107,0.1470226963981755,0.4279325901514734,0.21623646443316985,0.4442047830318032,-0.029782951087423626,0.4100681679274597,0.03387451583340925
2024-06-18,0.45363964627577064,0.35476511469854294,0.7902464991146694,0.0034588417359633973,0.44054399633277286,0.1443301220818983,0.6238846889211817,0.1795275359570925,0.14011054047107518,0.43088044298401057,0.2201073467522481,0.4445016064374903,-0.02460616851878415,0.4088921765529245,0.031353760757766476
2024-06-19,0.46089704767266226,0.35106657973086564,0.7980236679841229,0.005660966106709629,0.4020955766871617,0.1401448500332592,0.6193258138208803,0.17400133715717933,0.0949746185620082,0.4331448024148594,0.22245014193292967,0.4413465622046612,-0.028823693324545575,0.375069300427328,0.03341752802789226
2024-06-20,0.46351849690170627,0.35813935585082785,0.7987992767008117,0.007848686910922012,0.4036628867368733,0.13315457885035756,0.6218051692219889,0.16278715841641603,0.09116284760853935,0.43709242060116776,0.17834948156650726,0.43578204915219526,-0.03566787190686918,0.37448465608351195,0.009629007033819642
2024-06-21,0.46769717188678994,0.3621689216288532,0.7991051608785585,0.0023225831987420857,0.4008021869874383,0.14030062258157378,0.6203646910112369,0.16195486050390812,0.08520541513228862,0.43356249900055804,0.15765056885633208,0.4420668417531353,-0.060523145690299505,0.3832438492021487,0.04360041035003709
2024-06-24,0.46470279934895836,0.3800175686362641,0.7914892860779693,0.004519617532958724,0.39574333414014573,0.13611956911943202,0.6211075929578413,0.16405059352757806,0.07485264613663936,0.4433368074570373,0.15639182213686106,0.4468147445361826,-0.05887586399899308,0.37463619162330947,0.043234420827408214
2024-06-25,0.4665088823993778,0.3843393848699053,0.7915647456944034,0.003349343706309268,0.3954775078938074,0.13556596384410668,0.6232344435815373,0.1631717649060153,0.07273395962362131,0.44849800216005836,0.15654497441896628,0.44430071109085023,-0.060409242874303694,0.3739269741175952,0.04438007377684432
2024-06-26,0.4187945682896464,0.37371178873347033,0.7794794822783433,-0.0019327577243083785,0.42035737490652486,0.11526532716049968,0.5956969756789545,0.1273204194459718,0.07679407081736411,0.43892427803476447,0.14701791007856493,0.4470089613274266,-0.05852000904858265,0.3844389149032557,0.03922761943254421
2024-06-27,0.4176353691625371,0.3765680332804741,0.7834579688166475,-0.005081417444556708,0.43085263054028533,0.1203673519137513,0.5937687702013154,0.13188946693677564,0.08104250291982104,0.4308463262336585,0.1797645777570704,0.4494633608511104,-0.06514112428015577,0.3833001716180967,0.05592898964162666
2024-06-28,0.41243399730462366,0.37889284141898527,0.7845881965695536,-0.004564619162144364,0.42889204048197127,0.11786094686265138,0.5914513389869678,0.1336211698461848,0.07421609374862008,0.43143325458144033,0.17876130342258115,0.4522217684196942,-0.06525149327493282,0.3836908497968064,0.05615743615654502
2024-06-30,0.41669625491709306,0.37627579843759734,0.785332889017022,-0.0078059287662884235,0.43030757512642454,0.12356517134512797,0.5928867305689707,0.13785349227872226,0.07362843232446245,0.43244178225791874,0.1741735414672189,0.45519280189472916,-0.06576105466503948,0.38392421952136546,0.057217525615991825
2024-07-01,0.37950135254300155,0.36943930457796653,0.7819446880615684,-0.034886161490324336,0.4395539897641064,0.12021382864886294,0.5787418143993922,0.14694302395099723,0.06107624307834225,0.4264138439779145,0.16528266113012022,0.44969676597763053,-0.07933460075727412,0.3862863327038427,0.04138751418045391
2024-07-02,0.3803534471792379,0.36415720224349424,0.7802837229461422,-0.03454858623178294,0.43514188219931904,0.1312139283584945,0.5745264260724096,0.14753508127535384,0.07071517644127165,0.41023073960996304,0.16539681014758892,0.46133420498266703,-0.07976797211211421,0.3751042562044909,0.04332007400719138
2024-07-03,0.3730946967818651,0.36238512725720173,0.7760712089095239,-0.03857553385407093,0.4295376282915156,0.1360161696414107,0.5755695117525116,0.15169470846705158,0.07469116671324427,0.4108975436584938,0.16626984050109803,0.4615880387952621,-0.08020408186973321,0.3720614314529896,0.04293835633603719
2024-07-04,0.36921081359456565,0.357328148776463,0.7771762271740436,-0.04233349338681821,0.42695005105857303,0.13097087963919693,0.5767902498925613,0.14948925670463017,0.08510726559605633,0.4177932792445923,0.15963281949132088,0.48014325132514946,-0.07957354571740222,0.3702495502713435,0.04888060771007836
2024-07-05,0.36347281896238925,0.3490857795425158,0.7757817540158645,-0.025733918801053142,0.41779229356170816,0.12822514969884638,0.5770249563374327,0.13382761126890155,0.0825461286078289,0.40999930991074757,0.14010481037013162,0.47825310316878805,-0.06584080242283301,0.35977162365640164,0.02889038587609281
2024-07-08,0.3614531911455514,0.3478193260247003,0.7765808951929747,-0.02291089819749363,0.41867824923774716,0.12253938547003487,0.5744565201895006,0.13208121530950861,0.07814116442777591,0.40450972220828285,0.13870643988083461,0.4742610587519936,-0.06590885730825966,0.35697965011714766,0.030602365532168444
2024-07-09,0.3555695635007441,0.3505054136172785,0.7746224016061288,-0.025246232531212713,0.4205912175571472,0.11752217701265408,0.5829585541332206,0.16135831314249596,0.08819481455996557,0.3953698366871914,0.11413988469039577,0.4676005340716554,-0.04534273155393755,0.3574408089178197,0.03754686756552893
2024-07-10,0.3585745911631784,0.3448064056916,0.7771269785942857,-0.03373720916382453,0.42422809092547104,0.10590905905341066,0.5836817199407929,0.16685955011811648,0.08510678274813967,0.3897039483112911,0.10698844958711352,0.4688862181802063,-0.044836310600237524,0.35667955217913594,0.039437361987568705
2024-07-11,0.3485551408132168,0.3875543434819439,0.7943309853517692,-0.02329270741240844,0.41643933438482783,0.12381902435099855,0.5829453229498933,0.17318273979286472,0.07898184627212988,0.3970964646495788,0.109140460090703,0.4829390789712978,-0.041601884029837576,0.3548804920001273,0.044887400609401856
2024-07-12,0.3036887891393013,0.3588445935239116,0.775309503450298,-0.029515972111812703,0.4202389342906678,0.1155379561001923,0.5766118106117718,0.16806598161853165,0.08648407748187296,0.3882684087730303,0.1053306988094976,0.49243792656798985,-0.0459747568247436,0.36161302585888483,0.04567538124026399
2024-07-15,0.3013162190164783,0.3570058937192181,0.7746660226401166,-0.025698691877233053,0.42764794763695235,0.13116977311180616,0.5729621984578102,0.1579284087380711,0.08390863873920375,0.38715028809848395,0.10164550947346133,0.49314086478151353,-0.040676770710031264,0.37139887670090665,0.03829604560942757
2024-07-16,0.29577142925428895,0.3585420218581775,0.7770248507643618,-0.02437344263868912,0.43020815899778575,0.11916708976737088,0.5622178429551504,0.15587950795048763,0.07128591489097647,0.3926532600087179,0.1030830335960109,0.5003631468002329,-0.04072465328163519,0.3754880538411089,0.03887027590755755
2024-07-17,0.31940045785822613,0.3695850342966001,0.7874576870692919,-0.0010155642910827964,0.4308370659416756,0.13722962038296369,0.5827947780336176,0.16605860229602468,0.08088118060541266,0.3992807418980404,0.13735456116725323,0.4995850602954702,0.004939102199505083,0.3732108187228764,0.06462609206520625
2024-07-18,0.3244310241779016,0.3703031811850059,0.784068925001586,0.027460068034204605,0.4403151278698894,0.1377083509701307,0.5866552173276569,0.16950168960751374,0.0754986355525361,0.3962211884839384,0.1459171237284064,0.5016013190943993,0.02601673234713776,0.3675137411834566,0.03756346447276748
2024-07-19,0.3404709065683611,0.37305611574606085,0.7879119013347593,0.026271506450482852,0.44118188616307424,0.15979427910803481,0.5962121630822408,0.17176964802628278,0.07950927674181375,0.40731242678217605,0.14410841184594675,0.5021758813179248,0.02668764645881269,0.3676508332507847,0.03749069015834058
2024-07-22,0.34160855913703253,0.3684450499693707,0.7881134933282194,0.05973022260675685,0.4377273625941229,0.1397960894312814,0.5934153168767997,0.17779941546315772,0.0912667686900961,0.4011347960652722,0.15635082248173865,0.49323180959004886,0.043859578665634,0.3669636841464827,0.061123024494572444
2024-07-23,0.33102037839507037,0.3579018138264208,0.7884267906310336,0.08526935829789858,0.4147455857617835,0.1293500653949305,0.5847749427037751,0.20139617972828427,0.06885986889866991,0.3915371418036028,0.17010549711785192,0.4870056809027383,0.08830523370192206,0.3338933300706937,0.0822193594100734
2024-07-24,0.355283646134197,0.3403553970488975,0.8027245816825903,0.08539552834757115,0.4108806106455897,0.115786698059923,0.5948909652183779,0.1914700000940218,0.07339482039935952,0.3502905168073079,0.15727224508516105,0.4873567808713651,0.07227529683391913,0.3266131116949858,0.08391319605314548
2024-07-25,0.37470027263178357,0.3365368062978781,0.8059070317574837,0.04155905442685487,0.43130224850012827,0.12392337905004631,0.6096996029864801,0.15620979476638816,0.10051845654491229,0.34191031047462417,0.16160723141089645,0.4757164763353532,0.05607101571948888,0.329733424530944,0.06141709204576063
2024-07-26,0.38004668151777143,0.3389738731645911,0.8070816337400738,0.026390608330360065,0.43500859922251217,0.1337539291424384,0.613099376872238,0.12682464542017455,0.115365055527168,0.34675661202748026,0.14431628352916018,0.4748903021742616,0.03807229770610795,0.3367803407398993,0.03632530640905896
2024-07-29,0.35837473542574444,0.3451760622769816,0.8065860432767037,0.02968344816947871,0.437089415356565,0.1253277823348806,0.6007095190155132,0.12340069352225017,0.10889917298307888,0.3503290964568157,0.1453060728445862,0.47869243552624896,0.03969560675857464,0.33885213333399744,0.03793264419942396
2024-07-30,0.36075889289828605,0.33653178026355396,0.8038532819104026,0.030638376422259427,0.43083073307740405,0.12296612017190674,0.5978114871428195,0.12588947442831416,0.11021302807610077,0.3458986009348478,0.14448739830741422,0.47228773613999936,0.03817293031179286,0.33255518185249394,0.03890945906152455
2024-07-31,0.3592140425087915,0.336031425972764,0.7866817023318827,0.030540347161157277,0.43063342830835705,0.12795952124747328,0.6024263241953514,0.12962406609849342,0.11264589413413185,0.3501004480483496,0.14664102329292514,0.473008045425885,0.04703339146565609,0.3316682865173298,0.03998769191533987
2024-08-01,0.27117745343454847,0.33024814516565565,0.7013308358407481,0.03639881594550453,0.42374133501423356,0.11858712503564511,0.6217641917577367,0.1171874387950692,0.10185687047832512,0.3397951258850965,0.14699109900671828,0.4732019855813798,0.04031289386287533,0.3201739370296376,0.04045880771194247
2024-08-02,0.3860322475926048,0.472382701270172,0.7935933586228794,0.10539735974951074,0.5554584439547143,0.22160177107459547,0.6627222349928591,0.15073385752543517,0.21474963384149875,0.4725181513284693,0.1852982257832228,0.5581641720254847,0.10493417886002013,0.4699621389664738,0.09122983599733514
2024-08-05,0.4069999133503783,0.5973018151328607,0.8127088824485872,0.203898652557451,0.6510780883503438,0.2907183540596165,0.6683078706646778,0.18447224686089964,0.2613019233899556,0.5713623621784858,0.2902684533026628,0.6783185367412595,0.1784730218963109,0.5386626565099493,0.2431407435796984
2024-08-06,0.40573889125239254,0.6098156530376058,0.8145776414446341,0.21155636839574046,0.6649025739819434,0.2929085609147542,0.6669013083555947,0.18787119478297498,0.26440433937432156,0.5791944311519375,0.2957190074478655,0.6888015270285557,0.18469724566027268,0.5483468189903845,0.2496147820345663
2024-08-07,0.43467499177829555,0.6248835074745969,0.8203954094112688,0.23025415260858834,0.6781624294663824,0.32381964789826534,0.6784706396407499,0.2096892171697994,0.29741853597696133,0.5917195079566235,0.3100061681819936,0.6995862560209921,0.19999787663098614,0.5621489832127284,0.2654656376778463
2024-08-08,0.4289187562400132,0.6130193388524865,0.8164660552173376,0.19923829796681675,0.6853287011060043,0.3261780558723064,0.6738750242941582,0.2031682320338774,0.31118636799879595,0.5944245725349644,0.31837280784418653,0.697746507424616,0.19218584428600066,0.5782281141561514,0.25753015316000655
2024-08-09,0.4297876108255166,0.614577789822022,0.8157708100748955,0.18513239299562081,0.6843302829383391,0.3298716033083523,0.673722366085078,0.19599880922569135,0.31247138102627786,0.5952517089100143,0.3026079749734371,0.6968259585766298,0.1872358741053667,0.5786490361107823,0.25321835993220665
2024-08-12,0.42787259003984207,0.6223619618130273,0.8169582948475274,0.1884781622570457,0.6854530119240531,0.3451568043294923,0.6778491390935536,0.20119037260041886,0.3137604187974072,0.5963014917216124,0.30182054210360737,0.7001041371373233,0.1904573569218099,0.5812148169231488,0.2560630738135056
2024-08-13,0.4304728308092721,0.6158462851735335,0.8181344015440146,0.19141742064287515,0.6849048464062791,0.34115405322478887,0.6791737487416554,0.2033125038308159,0.31493981598212034,0.5921886407736923,0.301579122327841,0.7007372974259344,0.19283858116399724,0.5814699601672186,0.2567957528780554
2024-08-14,0.4316380495335208,0.6174884514279239,0.8179035570659093,0.19708024282976574,0.6824992464984088,0.337607035545997,0.6805294735292798,0.19956431797717664,0.3194699254882201,0.5937601719094224,0.299778523103739,0.697493487589062,0.19863478190671977,0.5795273389465733,0.26104072009709145
2024-08-15,0.46101480712034343,0.6122489796538565,0.8340678216865983,0.19317823819779398,0.6982010034209053,0.3304467758911916,0.6952006350163057,0.19086162133614165,0.34433558175360574,0.5782970589458987,0.29889117779876523,0.6871641437892656,0.18840853977210348,0.5960343876911968,0.25348590105053553
2024-08-16,0.4606594057032567,0.6141014743263858,0.83441641384799,0.19280176133375343,0.7042126756432416,0.35060858080576346,0.7005016674839588,0.20181257905362604,0.34053803369860797,0.5778026483677621,0.2989712760435062,0.7219474821323146,0.18760054680965524,0.608939443072389,0.26960418951026505
2024-08-19,0.4436292504063936,0.5927528761733973,0.8284718495919953,0.15131927639504483,0.6879077167479407,0.32766557752852776,0.6905940346993947,0.17345321513479217,0.31763876995781454,0.5579458626719019,0.24638010507543837,0.6966551831001236,0.15034776263567973,0.5902145367093622,0.21223971585782728
2024-08-20,0.4413486725159767,0.587720920759337,0.8292475177836225,0.15145173459083264,0.6841743437374601,0.32956806695892654,0.6927391302445499,0.17355264429461448,0.3186397497590801,0.5646223915368823,0.24418159087834373,0.6977935205733329,0.15384853517773847,0.5933355198100175,0.2116411477009692
2024-08-21,0.44722257591233616,0.6048805747994493,0.8326529527018678,0.15189450236701885,0.6869686063533136,0.32385343754977713,0.6931329105742189,0.17403750597150455,0.3187079109230902,0.5677388121830306,0.24509711172150234,0.7019017581967988,0.1538934666752138,0.5932512094724703,0.21159933438987735
2024-08-22,0.44579661857571995,0.6030038699220234,0.8368026076614445,0.15227219066130218,0.6866803449947021,0.32109489727416446,0.6973549756722806,0.17432648631442366,0.31790605422746476,0.5564253476062379,0.24849704777741075,0.7056244178808256,0.15705653492873622,0.598308528264364,0.21196895699208043
2024-08-23,0.4433413346968529,0.6034662802351913,0.8328294545861937,0.15356603416849998,0.6894571947284143,0.31882766524090855,0.6981272971472804,0.17099157414994137,0.3137041130419334,0.5566998013461678,0.24521348337371057,0.7038313730248242,0.15663056293107921,0.5966916435399621,0.20858241323838767
2024-08-26,0.44081282593728777,0.5992513143270187,0.8338131964034806,0.14986404889464852,0.690736720560044,0.3107936303141481,0.6919590441623849,0.161616275279212,0.31867818756813016,0.5507633551461086,0.23737232171900527,0.7025756188440312,0.1489468820929341,0.601997064564275,0.20883067655339768
2024-08-27,0.4415409047747082,0.5956318445092421,0.8292114940086768,0.1455599306543219,0.6989304682472771,0.31162025462578696,0.6942937673582742,0.16191110086893926,0.3174412113946224,0.5495679990787062,0.23793762184261794,0.7036360653386241,0.15015286728572688,0.6043444988189764,0.2047774396746041
2024-08-28,0.42579803868863525,0.6045177948989583,0.8180368968578153,0.18232219485677836,0.7080678360562185,0.3097587685884223,0.6842313285589949,0.18236294413728774,0.31414715725046677,0.5572613670762121,0.240157271223162,0.70196379340197,0.17535485975428303,0.6048682509191917,0.2128126734773154
2024-08-29,0.40599138894972403,0.5926304878087412,0.8029353683892302,0.24926758241787036,0.7014095708354418,0.28911605504818055,0.678513552851604,0.23384419833463468,0.2999230971080105,0.5342552300768507,0.28261595640659676,0.6944580634057975,0.2496798774458109,0.5919799768434536,0.2572359555178802
2024-08-30,0.4077547875883121,0.6092423216187229,0.8014011051321834,0.24845284372494952,0.7028531363391245,0.31478261505755484,0.6772070899330491,0.23459795568304725,0.307304143336299,0.5613618932603095,0.2848383203120533,0.6956120461301534,0.2452479183564054,0.5973574634747054,0.254494100976604
2024-08-31,0.41340648950351516,0.6121494005600772,0.8029478087781873,0.24937432024652662,0.7027780215071862,0.30855799356991226,0.6779829785398563,0.23174655498018962,0.31260518819925553,0.5601801186818897,0.2828436070654691,0.6991134957062062,0.24412910056469148,0.5988986264040544,0.2555346553244062
2024-09-02,0.40516455674570373,0.6208872845443457,0.7984145453086238,0.2486092539541028,0.7094204202459097,0.30827012183999686,0.6746335393544591,0.23034933718437534,0.31447589393790054,0.5649612194580059,0.2826718897780617,0.6936207190207311,0.2429740444403034,0.6031707889462745,0.2549000140365053
2024-09-03,0.4099575586765588,0.6217107043228134,0.7968028465281154,0.24986437747364457,0.7121968688760372,0.30953998499297464,0.6849558903145475,0.231572355504395,0.32095724988216695,0.5543545978915123,0.28557322748080627,0.7023190724390622,0.24465266214388295,0.6093611841606034,0.25606743426252376
2024-09-04,0.4191973909738617,0.6241498764475518,0.7977702496647165,0.25159668208453834,0.7189215041901109,0.31699930738720883,0.6889987368668385,0.2345928624666773,0.3293546794038751,0.5557803579551388,0.28664592074891954,0.7088917161080808,0.2454752216180176,0.618088746087557,0.26025533434289216
2024-09-05,0.41702864009934565,0.6197090182907663,0.7968695262645618,0.2533541126294137,0.7187860928469536,0.30716627107155836,0.6896380762772198,0.2370343471522624,0.32801778889627875,0.5476566382304067,0.2884542685081212,0.7070012681136005,0.24627831066775407,0.6167483345905204,0.2610345824056283
2024-09-06,0.41909097176372095,0.6220630755166636,0.7943672160803685,0.24915245176894993,0.7184590064591049,0.31310090557415454,0.6963178232458926,0.21874726495157448,0.3270809802388019,0.5465932315989607,0.29684267594363584,0.7086851446064872,0.2338432889440439,0.6117586022770929,0.26084171265441025
2024-09-09,0.4128066599785705,0.618048861688972,0.7872308257580307,0.2439672671173898,0.716650557425607,0.291820417518766,0.7006948554403782,0.21289456935777187,0.31259546763873175,0.519381574283327,0.30059799328511755,0.7117631798511845,0.2439336481985637,0.5934731873581536,0.261934584910029
2024-09-10,0.4090289776113014,0.6123241787069008,0.7824207363346786,0.24285484639774585,0.7150715783082549,0.2944882353379248,0.7022372670370237,0.21470209226747974,0.3136444899870352,0.5203964048730425,0.3005961289185943,0.7108201591983919,0.24418320470308472,0.5931683847726765,0.2616878217926503
2024-09-11,0.40195923252425764,0.6146039523855441,0.7812742768298826,0.24554031235762094,0.7121015020231196,0.27688124307087036,0.7031570406773685,0.20820395724808471,0.2995456455126865,0.5272640120460125,0.3149833514044683,0.7321229407566326,0.24007637701682155,0.5800221969973139,0.2729531299054335
2024-09-12,0.4159781480565026,0.6254278673969289,0.7921241667262285,0.24266730846598775,0.7109864043233901,0.2883911386357023,0.7084042494989363,0.23325371527341365,0.3055097918664348,0.5363205859265061,0.34525524631148014,0.7341345817349523,0.2754212269589867,0.5844237884540716,0.27742064119935944
2024-09-13,0.4191072025164025,0.6259592216476892,0.795149825743414,0.2436225316595348,0.71094642372156,0.2914931431275677,0.7106334054638116,0.23610947072161284,0.3076836521381134,0.541174602697063,0.3447966353316999,0.7336666240408622,0.2803248891168809,0.5878641580606615,0.2766467121061406
2024-09-16,0.41708992081279866,0.627944297167683,0.7911025696851136,0.23693209790511197,0.7160601913324859,0.2904970090876894,0.709165734545536,0.2312652245869305,0.30903005637092307,0.5374833650900944,0.34613465302817614,0.7323034682294361,0.26762713244884734,0.5911565020922139,0.27496781050373204
2024-09-17,0.42121038068124916,0.6269808564289419,0.7902762133807336,0.23411419628314134,0.7173836036831369,0.3022221534192963,0.7136788307212389,0.23570317238264996,0.31343667343470644,0.5406229607070852,0.34084679446320293,0.738992423770411,0.26654788791261536,0.5938275266747478,0.2763672141808245
2024-09-18,0.421867699473662,0.6430655220281987,0.7899020933775688,0.23306133783097552,0.7209001360382906,0.3133568787140868,0.7143926725773927,0.23471993995631443,0.3157934156879628,0.5551900124536973,0.35063096453579845,0.7405357130110362,0.26488372997768117,0.5952917021359895,0.27872417495659424
2024-09-19,0.4362307277251945,0.6481017304258593,0.7917920414858374,0.24924782692967973,0.7250198020982436,0.3286664988538115,0.7295580538805712,0.2630085661510843,0.3342577166271046,0.5624524941933161,0.36150738219085693,0.7444618985246141,0.29053087540534683,0.6035036924185098,0.29458156234608196
2024-09-20,0.43477190849877945,0.6472076981731143,0.7913308420772809,0.2523736303723506,0.7266559451605877,0.3223612980305893,0.729975212185168,0.262749861833405,0.3346963979459472,0.5595853069156662,0.3627507214102558,0.7440204597088388,0.29214503105443235,0.6041444848225028,0.29479450652625255
2024-09-23,0.4394480216410667,0.6436906605428003,0.7911030350953182,0.2547573999534942,0.7298517930210217,0.31706236096673895,0.7336025871676474,0.26155753188936154,0.33533758226373284,0.5514412994202615,0.3606562361201572,0.7252467363397976,0.2933982459771139,0.610147010512848,0.2919319008622906
2024-09-24,0.4328802724928583,0.6213067916492228,0.7868957670784905,0.23169349246630971,0.7264630883587383,0.33849822018652714,0.7350103649616249,0.28326508102726744,0.34675979177820476,0.5523341899312768,0.4004882008232636,0.7180000072789259,0.29691385183098573,0.6143155116962241,0.30013236575056806
2024-09-25,0.4330722638981876,0.6199333599752623,0.785995247339852,0.22146595085682436,0.7261883986688328,0.34219631392602123,0.7357131820167543,0.2839090162197913,0.34629794425197,0.5508734579198953,0.3882696585348605,0.7223585365591645,0.28713490436670935,0.6136180810075516,0.28716813287393833
2024-09-26,0.44200470905724787,0.6119512232782459,0.7882352915087198,0.22320930702908054,0.7298790727610537,0.39476928712578196,0.7358860249343888,0.28461155635309543,0.37449346298825115,0.5506933547812817,0.3755514114493315,0.7264974320920417,0.28910759088421006,0.6214405558908769,0.28741059745441566
2024-09-27,0.437826157331186,0.5679561161670981,0.7836922092950398,0.22035226199186725,0.7350590881063749,0.4005174600353569,0.7369086031515433,0.29027814678992014,0.3589000369351991,0.5425783964128389,0.3673253325871141,0.6597921383464418,0.2921938531218924,0.6102913565939142,0.2887488239285711
2024-09-30,0.4406355571568414,0.5444909849020273,0.7861064914779903,0.22039298601297727,0.732524517418662,0.346031582301078,0.734724828092945,0.2837670813508952,0.36954125814637667,0.5057780003101373,0.3450281050962711,0.6012619085299314,0.2875190953945274,0.6116491071754071,0.2872983398247444
2024-10-01,0.43176667035972616,0.543636956975171,0.7830587386612342,0.22169437647753437,0.7330845590767991,0.34469873088283953,0.7403653220474931,0.28009909818895695,0.37892355635115044,0.5037968920432309,0.3444119111990806,0.6016135129607698,0.28447245072406535,0.6070054621706652,0.2844742613290065
2024-10-02,0.4328044388716384,0.4886094470454839,0.7748211768374469,0.22128033171484235,0.7277341960366013,0.33008832130290294,0.7456190701785876,0.27956723576435855,0.3707131002971927,0.49071581494673405,0.30641490275852573,0.48887324612364874,0.2786950409049195,0.580881348417657,0.28588756915049424
2024-10-03,0.4249677991955447,0.46144462750335036,0.7712933720357685,0.20695602237271776,0.7142853005228412,0.3369405435824352,0.7444553630717289,0.2797169606169584,0.37533181307757724,0.47301754594208856,0.2983278105141992,0.4889340761122621,0.2647731249808589,0.5687034807084315,0.27041340774539047
2024-10-04,0.4255297280347777,0.4648298814032991,0.7723343795783933,0.2011754043802559,0.7161877228371385,0.3375324920607761,0.7443007154305586,0.27790994259544566,0.3684661631218834,0.4786326929062858,0.28830256533514403,0.4883366695758865,0.2555497602256311,0.5683209371918405,0.27127954640813634
2024-10-07,0.41742788387251717,0.4630801763535964,0.7691030648353214,0.20385032518024243,0.7227334660571849,0.3431882288498592,0.7331601194989359,0.28378548398968073,0.38081396545729723,0.4719713851385874,0.27760357751694825,0.4848672995541101,0.2662188405858134,0.5801817392605644,0.2705982772106658
2024-10-08,0.41318069396068213,0.4206956545406923,0.7676939352941021,0.20345794704354303,0.7259252217468513,0.3302216286509619,0.732845940622799,0.2860346251545997,0.38035455790169553,0.4468309776639746,0.2757811196885591,0.42770440284633143,0.2676985588037469,0.5789456145320665,0.2672834189099471
2024-10-09,0.41888127115995694,0.4102332585658743,0.7677011780373993,0.20493475800586633,0.7220630588277372,0.3173661247631677,0.7376522460344372,0.28301634126705566,0.380551049807605,0.43188714959676633,0.2760025101006945,0.42825341095735836,0.26766599563428356,0.5735543746039466,0.27043763019591827
2024-10-10,0.4218880296792615,0.41153470855720375,0.7649525851422624,0.20846593141240216,0.7269489746714534,0.31724746453599323,0.7429022155743625,0.27936183464751857,0.3986556516901179,0.431374974505117,0.2762736224451535,0.43625005841133496,0.27174431443740843,0.574121474931034,0.2883903910227247
2024-10-11,0.4289736681841186,0.40930725477680724,0.7667742049978102,0.2111927194459816,0.7275568221891621,0.3112282080741507,0.7447413567455737,0.27634646320354644,0.4067749980169205,0.4280164170463353,0.27314071139038865,0.4362639750294667,0.27133315659153295,0.5769468614806608,0.2919231550889084
2024-10-14,0.42675107435039267,0.41296437984518125,0.7626502803407854,0.20426039417928757,0.7272232364708112,0.3260050668587768,0.7406974324278337,0.2672841276311879,0.4144844058917443,0.44350990869300844,0.28337536819049003,0.43548377356834844,0.2628730740630011,0.5852817887083861,0.29569540867020205
2024-10-15,0.43165765588447674,0.4101133493055876,0.7636891554609238,0.20346454653742616,0.7264462271786692,0.3473413140928519,0.7413431364215577,0.25191177567396844,0.4130480674790617,0.44425397777466724,0.27072858352576323,0.4262503243245044,0.25893870844713157,0.584693467569118,0.29781035172657844
2024-10-16,0.46412118544825076,0.399899328489281,0.7621066258680986,0.21768002428377975,0.7158683111716169,0.3601048083798667,0.7585291247615059,0.22569961103069863,0.4275042631747776,0.4440264530374058,0.2838716329045885,0.4280367997570242,0.2649583271180608,0.5842385739995561,0.31170049459751326
2024-10-17,0.47637893928990077,0.3654626088244858,0.7602445032366818,0.2183239938668708,0.7076402017087929,0.3510093589300899,0.764037172527893,0.23604257923733332,0.429645002750396,0.4305240835624124,0.2736870029783739,0.4223225829300323,0.266407128432108,0.5839837677730221,0.31244513098666343
2024-10-18,0.4685679820207797,0.34990050523879795,0.7567082688307284,0.2141813900239701,0.708934363771518,0.35497617304419976,0.7627169603780863,0.2339084073545368,0.4290922327261108,0.42728357603026235,0.2714424255398883,0.4156937579474303,0.2642650027755934,0.5849240291716048,0.3130427011985946
2024-10-21,0.4625713998144281,0.35081033432145675,0.7539341460402772,0.21263506128948031,0.7365093830359359,0.35824473496751036,0.7636606115410635,0.2363196120829033,0.45902016398795886,0.42793247553077873,0.27197456925381225,0.41499168954978116,0.26533864875438834,0.6062126124757531,0.3246948033239268
2024-10-22,0.46100345707815926,0.350041622821131,0.7533190499761846,0.2132742485090687,0.7369108123804848,0.3588640207979758,0.7637320694391501,0.23938763303964108,0.46219524217437763,0.4273353418974813,0.26902245161980326,0.4140361631933876,0.2661489814483863,0.6068941496320627,0.32568927497106104
2024-10-23,0.4579868628111951,0.3482984024293208,0.7534413361212137,0.2121535561053484,0.7382305465167328,0.35493352620750973,0.7652060755792387,0.2399792927822592,0.47010037886899164,0.4269769688521694,0.2677518092957021,0.41536273614261465,0.2660945492189511,0.6073245909759243,0.32848074296647717
2024-10-24,0.45809075616154515,0.35452168457145744,0.7557703607659654,0.21057298366776514,0.7355755567013057,0.35403393895092833,0.7630000901636275,0.24074590539294305,0.4765742542618722,0.43199520571244315,0.26540505543930387,0.4132751747357111,0.26460714500142085,0.607509333245614,0.3289166225803586
2024-10-25,0.4573853804349096,0.34548420026112775,0.757342143774015,0.2074304777316472,0.728023988730175,0.3514706126679801,0.761591533336652,0.24058898808829593,0.476053902870507,0.4233475516289628,0.2670514944959943,0.41623201924292313,0.26194897866790834,0.6020173828406458,0.32964945338049817
2024-10-28,0.4562041742869667,0.3381635596211679,0.7558587570151153,0.20084616632067057,0.7186598509777399,0.35634179097887175,0.7639862167600255,0.26334434851246313,0.4794957936242927,0.42120398126296,0.27485689981404615,0.4230729022052264,0.2590021440739797,0.5994297978370163,0.3433765408397069
2024-10-29,0.45437424909665175,0.338680587485341,0.756140239284137,0.20854491682632012,0.7188299575015535,0.35432648186445886,0.7599838006096357,0.26799864514893057,0.47757142557318993,0.4250257004456985,0.25939232740794377,0.4219675606302936,0.2816365409814958,0.6005127023950979,0.35160012966003795
2024-10-30,0.4584003169475444,0.33896347232250673,0.7539837927130673,0.21443460667031458,0.7169802249072151,0.36506907650216164,0.7650356544633471,0.2680412011724022,0.4868841289303168,0.433901688993775,0.2628441083158575,0.42710688103430455,0.2847215027331533,0.6044969571490693,0.3589961525858961
2024-10-31,0.4754403609868903,0.3427401570392354,0.7660666528351261,0.23865336000004092,0.7161096160680257,0.3691870537702088,0.7707297200771807,0.2827707503626463,0.493573844242317,0.4358947504651577,0.26806412661545903,0.4300917863665733,0.30441601901238874,0.6085403129410407,0.36724941578979997
2024-11-01,0.4999914928987792,0.34351718537194237,0.7689673408530928,0.25624554815018386,0.7168067608648357,0.36903010064027636,0.7816082954957887,0.27135071805958927,0.5059826827060419,0.4340474797577199,0.2710201327752568,0.42911175125461676,0.30913415389976423,0.6091190113361967,0.37498309740314095
2024-11-04,0.5035785412708973,0.343212409806164,0.7707110903681702,0.25397829542549094,0.7226859280539792,0.36426725025880685,0.7871261157496049,0.26909324842278937,0.5060903145279607,0.44128345621686504,0.2690477061304139,0.4208051867211687,0.3098580165986781,0.6183317820662371,0.3713202556422938
2024-11-05,0.5074861630131541,0.345764589974242,0.7719828389987786,0.25229628658237,0.7236026203228049,0.36469701565561996,0.7876157079207814,0.2654968871695022,0.5066004912449437,0.44440804815951507,0.26456461932932046,0.4232007768134417,0.3057053549768616,0.6192146242776345,0.3682560013746516
2024-11-06,0.41412900106045664,0.3094443565700558,0.7875649165818382,0.26136768218809053,0.7305748461194782,0.36392143723533704,0.7167913381102204,0.2502877732498842,0.46487053613968254,0.4207224355987987,0.2605498239093902,0.4078122356105764,0.31349952519124163,0.6353820993713448,0.37463937454264495
2024-11-07,0.4189924023448837,0.31548074647309793,0.7883123061333712,0.26531957385217814,0.7342602500799631,0.3722103029220246,0.7210438770813059,0.26855640990107577,0.47082153218175987,0.42858781176555183,0.2848287953019836,0.4135333207143672,0.32032578938421313,0.6409945532544163,0.4112192619918708
2024-11-08,0.4079920871477852,0.3068041221868036,0.7856720748231216,0.2641519018286428,0.7333819498254532,0.378511183154941,0.7178583696320238,0.26711052107285016,0.46633366894995504,0.4275901631453216,0.2843264203290194,0.41030067487988586,0.32041612777781187,0.6407177173041045,0.41087318538992745
2024-11-11,0.41985292820814063,0.3020825941083383,0.7847654043222296,0.28773649417194463,0.7350329749157047,0.38765149457574427,0.7177385592080388,0.23754959477680293,0.4742021990892881,0.43121111767001397,0.33492773212008536,0.4083218743453928,0.32873647316165994,0.6411737020996319,0.4406377380173087
2024-11-12,0.40459342331534337,0.2898937104243365,0.7803334187411204,0.2869100238354645,0.7327291777462553,0.43086514969990053,0.7154644723398736,0.23994267797647034,0.4750378926926468,0.44137575459278916,0.33185591689681354,0.409296837863274,0.33037670897949384,0.6427916230591457,0.4411442008810762
2024-11-13,0.4049464729682857,0.2918399429182629,0.7799267985582834,0.2867642512707054,0.7323098242839998,0.4290013331317454,0.7148963183595384,0.23782145696777976,0.47397499581781577,0.4405386484751499,0.32963837318492867,0.4097938767813363,0.32665708522749887,0.6398565094499352,0.4419573473658299
2024-11-14,0.4123012787498037,0.2967567980140959,0.7864338666452625,0.2746033619161218,0.7358807910781422,0.41503926992510193,0.6970399181391376,0.28903466470316347,0.46541265709020757,0.43907028198237086,0.31338855834739415,0.4092978932342113,0.30883778581163335,0.639668681305001,0.42242059039464064
2024-11-15,0.4214768990758567,0.29740251848592353,0.7910138810718176,0.2764629184534745,0.730977517659194,0.4111137566661661,0.7052139372166298,0.29516810765171075,0.46814901826158767,0.438583708554985,0.3158208247283723,0.4100347460313058,0.3101033353019746,0.6350622014197143,0.42292873003476905
2024-11-18,0.4206731060970419,0.29117168053214443,0.7814437471200704,0.28042903550338305,0.72520831068055,0.41946854420410307,0.7117331062378023,0.29438966260225047,0.4771747836133423,0.43678348266106987,0.316357810022733,0.40611927895349287,0.3094977712544841,0.6337525671891534,0.4247271192338085
2024-11-19,0.4101373476927582,0.2834516901508753,0.7774412221319877,0.27811048818531886,0.724160107699356,0.4097434794446045,0.7050951690957353,0.2953734327015974,0.47872605686799746,0.42962805181240615,0.3127603495949186,0.4009794005004016,0.30822948183992205,0.6341072862882766,0.42594131903730337
2024-11-20,0.403855600154025,0.28452235596269576,0.7782714034166793,0.24503990372526335,0.7299592953554431,0.40809720325171045,0.701589008653465,0.29676873723177993,0.4763252023067639,0.4319425767895474,0.2925689423655096,0.40257845696230976,0.28580679819399424,0.6451289074265075,0.3835951771440696
2024-11-21,0.400841661596665,0.2791396167062167,0.7759902838086297,0.24183773858012977,0.7305560450891394,0.40049763526973176,0.7001874860165432,0.2913485369664875,0.4789362491826112,0.4225466950624491,0.29213550591635074,0.39994081877506904,0.2779784639796626,0.6484091207664194,0.37851007925966446
2024-11-22,0.4114807097898521,0.2837335155231943,0.7792985620582712,0.2371286974936231,0.7353821824727866,0.417894893911217,0.7074030492221923,0.2909720004868616,0.48280649837959655,0.42721956329291727,0.2933227283765838,0.4061278025615926,0.27532558479494307,0.6530569576684077,0.3750712823100371
2024-11-25,0.40642995435931767,0.281502713923808,0.7752715551092473,0.23082648803920391,0.7407550140477396,0.41880038913944617,0.7066588676295874,0.2913215630462427,0.48089549605257814,0.4286004550112434,0.29445356373866455,0.4026382306575613,0.27458013234592094,0.6544300900308896,0.3694147659305744
2024-11-26,0.3937631466696135,0.2905804754855191,0.7699356136726379,0.23627288880134178,0.7461134768617582,0.4238219365301291,0.7010732967150975,0.29480711001403553,0.47832314363713296,0.44955241341362906,0.29396941580305874,0.4040057786443612,0.28672556497581425,0.6675400574206941,0.3698328917446375
2024-11-27,0.384768889154569,0.29091169755587853,0.7632481462902062,0.27833369426023946,0.7418670475162309,0.4235421508976259,0.6981670262744174,0.32982297836375396,0.474619116227101,0.44382201884434513,0.3054212733258323,0.4025486189389747,0.3127336117188557,0.6677371702930259,0.40533440139747096
2024-11-28,0.3822154382996582,0.29070716874348823,0.7618142454099881,0.2980940627714012,0.741760217259793,0.417712908315758,0.6979266240595742,0.3774782347575566,0.47011500162583264,0.4393948191710361,0.3238574725933332,0.40151221436022594,0.3419193883682623,0.665735183577397,0.4399305641515157
2024-11-29,0.392814715178137,0.28690820814821805,0.760356626162703,0.2966328891928382,0.7421640638982734,0.4246461277169161,0.7081503172857445,0.3836896072883029,0.4713111765929523,0.43688972127795295,0.3224713559033558,0.40063695038260255,0.34202252832481056,0.6631633656608847,0.4384880028825226
2024-12-02,0.39959518407875044,0.29435470516552814,0.7626587352162444,0.2976227640422333,0.7440882961681011,0.43459761381324763,0.716022016697666,0.3817031058273492,0.4795715320166102,0.4455548632264544,0.3239004440299596,0.4124540536710032,0.3434487827350833,0.6711436084794008,0.4355898889997536
2024-12-03,0.3971590505212847,0.29554511216599544,0.7729671277015541,0.30024179206662255,0.7422853114743826,0.43011408486192454,0.7077125734751037,0.3566457019787153,0.4802034661438654,0.4453759101114729,0.3207834962111515,0.4109863061886849,0.34331771876462147,0.6728080658892321,0.42050333834059167
2024-12-04,0.4539507339803678,0.2965182649969745,0.8142620244495126,0.29015663807171505,0.7466780556839209,0.4442403918555777,0.7017138202018933,0.3820817556402315,0.504709004674154,0.45029152486208535,0.29714521309445335,0.40722311359507013,0.3568620616275046,0.6860588042498866,0.4284219721962548
2024-12-05,0.3601131081786916,0.19463946099028429,0.7566000520441295,0.23981135908426152,0.713953449698369,0.3870807785267196,0.6589683962567165,0.35653172329103344,0.4523062556994659,0.37560157141771194,0.26182338477968925,0.34968777892939795,0.31855534743329683,0.6426295511634692,0.4030153854944288
2024-12-06,0.31889617120139974,0.045983150263996464,0.716199134426871,0.10103243800521403,0.6269132471616609,0.3529093800261896,0.6474802038087673,0.3206998514968083,0.45318457698787673,0.2870787303470207,0.15672732869960251,0.16719938750975638,0.22298755052305164,0.5833309454898119,0.24545381025112364
2024-12-09,0.3220882426007632,-0.0028321080891437612,0.6948219085492368,0.0572163264364661,0.5913898995068503,0.3449534975732847,0.6464865319040021,0.3062165973023528,0.4647629615725896,0.29550690848574107,0.21584344112656656,0.16303980206797097,0.2417188400742594,0.5851030804735559,0.26127393340215627
2024-12-10,0.2837382172570215,-0.03809103274197106,0.6818612849069072,0.027566759049996892,0.5666262688700526,0.3305557052440235,0.6356753444975922,0.29833014253801926,0.4295842496763775,0.28368817770249916,0.2245165895198038,0.12853750542890874,0.2351066983200979,0.5664358574291953,0.22921827677671042
2024-12-11,0.285642324057933,-0.028772700779582265,0.6864929199647948,0.07019132958970438,0.5653033180819474,0.3314637135095005,0.635576413284895,0.31173767821214576,0.4298366663610634,0.28662588954970764,0.21779574876699553,0.13352173406611229,0.2500770902887175,0.5665231569369539,0.2542096143767434
2024-12-12,0.28474849452169476,-0.03282854161016876,0.6865974886811953,0.08704249487034997,0.5661525201674901,0.3312645735776535,0.6357197991421228,0.32496973609148994,0.4301404101413003,0.28690067941714326,0.23462224321917613,0.13422722724652023,0.25582875022506724,0.5664518987130214,0.257165815149031
2024-12-13,0.285173751506671,-0.028695803205137805,0.6878250964442532,0.08846644971428527,0.5647832588262325,0.33079961181846235,0.6367408796169456,0.3260741504958267,0.4328536238763947,0.29218486158441864,0.23783144115671337,0.13284196142256788,0.25645713774566326,0.5606591892669922,0.25316101696288573
2024-12-16,0.283944890243839,-0.023741690786520466,0.6857372055708431,0.08561336538326121,0.565323483038175,0.3340623873176152,0.6354735295782175,0.32516438314174667,0.43193096851212776,0.29608285103645987,0.23990696087443422,0.13374818691654602,0.2547035454596,0.5607258457832974,0.25262171628071284
2024-12-17,0.28820037825590794,-0.007358608423023526,0.6809196505623841,0.09284965513355026,0.5810087160671714,0.33732825929807675,0.6402611397512334,0.32308095640624207,0.4259529706664559,0.2951401549509373,0.2450035464745246,0.1545942157847374,0.25756348960063324,0.5606681939378791,0.2524921441620811
2024-12-18,0.24807182263545216,-0.0056829688270983005,0.6583991165954501,0.10415296484625693,0.5519443621246728,0.3472802453980668,0.6200023033760788,0.3371892014197317,0.3922321501046156,0.3083731603405833,0.2437327601904104,0.16030177677129112,0.27458193658527713,0.5277889268608944,0.27033978862198843
2024-12-19,0.2860615564310501,-0.0007151893903041447,0.6765408316991487,0.13331660500837314,0.5422045619595346,0.3384273143863756,0.6355342321437237,0.34787080612107946,0.3884231073098137,0.3028383622167288,0.2332353744188626,0.157763123268272,0.29110667079276614,0.5208756329836908,0.2694178829585991
2024-12-20,0.2908363543753828,-0.0005922570443954123,0.6735654005103024,0.1392804869103246,0.5438670258914754,0.3370188879400407,0.639362946932867,0.3492724215659872,0.38566007600529656,0.3031497111511318,0.232623213451699,0.15593160782659918,0.29263036499122586,0.5243726879904649,0.2705805862891137
2024-12-23,0.2839458905585944,0.002064918214386524,0.6641966494577384,0.13229079372242553,0.5306081544764577,0.3357717691565924,0.6388716240101068,0.3504325337885003,0.38499140508970564,0.301254609680077,0.23383181481601953,0.15281240197748513,0.29406344700405596,0.5227856492826047,0.27297074272431415
2024-12-24,0.28566257494585967,0.0012057870661908825,0.6592464554971197,0.1328920830364826,0.5307420871401185,0.33838612209638597,0.6406807322078777,0.3494581102056777,0.38526347726183086,0.2993974897961444,0.23444151358893295,0.1527134400601489,0.29118175558482357,0.5183138700490191,0.2732233449524713
2024-12-26,0.28380741598923415,0.0012787768504772968,0.6593982213600106,0.13328959376286917,0.531033948722748,0.33728876143854997,0.636695121096087,0.34631279780658825,0.38322727150357827,0.29913683262330903,0.23401728336762884,0.1520998489659058,0.2915863134646795,0.5183301250963434,0.2731363447807511
2024-12-27,0.2905835456515802,0.0015596103805622487,0.6445837369710106,0.13522836686327555,0.5288507068520407,0.3370826562217289,0.628077381492323,0.34537743493374445,0.38698877794776504,0.2976601069348971,0.233988896918285,0.15286664088073473,0.290010475277418,0.5127627559680682,0.27470286937959876
2024-12-30,0.2989791818949826,0.016004481482933243,0.6433924072186678,0.13301940892183936,0.5086679653257402,0.3445391973659956,0.6297731969414907,0.3437735477908128,0.38435774134287626,0.3044466117343598,0.2389751856523414,0.1493550737674543,0.28874769515874715,0.5095634145982293,0.2756798354667835
2024-12-31,0.3063331804663373,0.019478621169465315,0.6471144592981676,0.13836022639985163,0.5072422842239367,0.3453207334061076,0.6302904539713733,0.34147744364944826,0.38907507052688434,0.30501996349602956,0.23840876794051932,0.15161261574903437,0.28781496152550534,0.5128903270373312,0.2817926017791476
2025-01-02,0.3100224461010638,0.022906652105354076,0.6545791106687863,0.1391273771738989,0.5158194557305122,0.347370307032111,0.6356918264306481,0.3417198388809982,0.3938242988760219,0.3026542997241145,0.24029960691024768,0.15145706051591,0.29125604576096636,0.517234958268588,0.2820558778175213
2025-01-03,0.3070024753387573,0.023881427407191354,0.6580364798744847,0.13824904503636562,0.5126890122853139,0.35121706534967,0.624554053252573,0.34231745911559386,0.38119557358686373,0.31103111779887355,0.24138742841882305,0.1517058924148794,0.289235863042775,0.5155181319752031,0.2774564604167862
2025-01-06,0.31463611267799596,0.020647251647617784,0.663194187933255,0.13784080209801305,0.5080329679617281,0.3249176210045753,0.6301657506703225,0.3283073253500185,0.3544383187465443,0.3059172741707018,0.24138430415288342,0.15332953794809467,0.29583244786341595,0.5076775483193129,0.2796733668147609
2025-01-07,0.3120702716671909,0.016969566762438017,0.663040853451474,0.13892551622898758,0.5064870553243814,0.32775853131190386,0.6208225067146932,0.32539539870312467,0.3550717944681163,0.29351441062928707,0.23608487690571225,0.15471356359247104,0.2982531341947543,0.5023155331654061,0.27796616893907655
2025-01-08,0.31480280207065753,0.028893723364196128,0.6633982001465293,0.14730316418668635,0.5085714312016045,0.331383137859354,0.6214875578753345,0.3273299777377264,0.35407878653612707,0.2963165655035233,0.24661069786816395,0.15890687251593585,0.3003510271628718,0.5037082285758026,0.277923140758743
2025-01-09,0.305719272447191,0.027351129500179407,0.6626156249780126,0.1466969649652701,0.5041097438091943,0.329936321273114,0.6103930910763499,0.3184839224663667,0.3431297043356729,0.2976804107292304,0.24699548661713583,0.15722101318677992,0.2987375127776356,0.4943439016624105,0.274964538946551
2025-01-10,0.29089317402448134,0.017568845043024448,0.6544396545808614,0.14218367670726093,0.4913694235385439,0.32635582319693585,0.6048274740531289,0.31721408029314735,0.32834968467550685,0.29921518908254496,0.2477943862597539,0.1452751685258924,0.3003180752443266,0.4755000006474679,0.2680469256185825
2025-01-13,0.29259654903481175,0.029719508487627857,0.6579264178105542,0.13011044471540836,0.49591068039979697,0.33541331028562205,0.6033392426023851,0.3100000193574057,0.331621446438139,0.3148344264621972,0.23133262685480688,0.15556551316212824,0.28239505886589805,0.48244106312736046,0.2537025601364087
2025-01-14,0.2823779050945727,0.028863401419997436,0.6575405293398308,0.13222607000110553,0.49481011211927656,0.342924582858402,0.586203095726529,0.3198084377301087,0.3283113387887233,0.32035140461653727,0.231359730940765,0.15307701137055274,0.29325609007801445,0.48523847329591197,0.2544191937146942
2025-01-15,0.29923368013557927,0.0333465119769523,0.6755738348780875,0.11299184351186115,0.5041612462448847,0.36384210349487495,0.5893448490189482,0.30021024299158655,0.35951458775858514,0.34634950985857405,0.2234170609055434,0.14397660136025234,0.2599725493498793,0.5260335817081555,0.2386611699707583
2025-01-16,0.30625489917115173,0.0387049324710643,0.682018849563539,0.11446013666755313,0.5056867569729282,0.3677245513397625,0.5906015865000566,0.30397042624124704,0.35383663103918017,0.34809241765273624,0.2261296068553107,0.14264812852261266,0.26295192073881385,0.5241323823959422,0.23829721562615067
2025-01-17,0.31083639457987333,0.03234349723436705,0.6843271479254294,0.11239946635199388,0.5074681087233889,0.3732594185768917,0.5938698643955647,0.32086061050621134,0.38103208212235984,0.35142127767296544,0.21322687807823532,0.12107940869723079,0.2795411112431949,0.5509818917128292,0.23227062011458446
2025-01-20,0.297338206084662,0.019846214770434144,0.6740104568185856,0.10783212342617116,0.5040567655613146,0.3654939627798446,0.5775917963977064,0.29812395155391136,0.37053416062590605,0.3440748968407682,0.21050467842685283,0.11806380932807424,0.29182488595212075,0.5532311740000397,0.24376624393408655
2025-01-21,0.29428419453235116,0.017226835938747766,0.6721561363948666,0.10395213536848993,0.501472501750478,0.3556321748154538,0.5753333039843626,0.294144054266979,0.3662621993730403,0.3375312362123234,0.2122183130581799,0.1251278123991076,0.2875039330301935,0.5504070394422199,0.24335120377337527
2025-01-22,0.2960920176774731,0.012592966482880543,0.6741703808744502,0.11786021272929448,0.5014441403768078,0.34410024943714373,0.5793493207069887,0.31308206149500795,0.3670315848287227,0.3288065783596397,0.17816656199983097,0.12046776686258645,0.31798271343527446,0.5494109670568218,0.25351544584510705
2025-01-23,0.29433385732665646,0.010769682130300412,0.6734440706049781,0.11608472639757718,0.5001776021818441,0.34067872271664723,0.5741948896871879,0.29841816994966797,0.36149577131911115,0.3258843497123545,0.1772753864272393,0.11745452078138463,0.3234245305267813,0.5481493829876216,0.2606777734269141
2025-01-24,0.2912403845091988,0.008503251602179263,0.6721454056073329,0.11672464948287423,0.5011631504573997,0.3390425206855113,0.5692526866582786,0.29952932362026896,0.36087326210169685,0.32252257586621824,0.177475032209884,0.11651005824148253,0.32547349470062775,0.5544356826916248,0.260514450281385
2025-01-27,0.28034998531779276,-0.032126283368184835,0.6827527230426493,0.10767682076797101,0.5147265178917474,0.32225130627961324,0.541918923289112,0.2747456650981868,0.3395008461118208,0.2885750526486682,0.16367260181188792,0.08524709970921672,0.30132843058115333,0.551084606362956,0.24339054589905174
2025-01-28,0.27696787110216403,-0.022480785297754727,0.6849624002310775,0.110388893478259,0.5184640634753381,0.3261954470496534,0.5299020192509468,0.2808910192501832,0.33244282740687703,0.30179938183419264,0.16633523455274357,0.10217652413497037,0.30508441298673405,0.5600225007683302,0.24614373315788074
2025-01-29,0.2820007453499754,-0.025235184589894863,0.6825370517322643,0.13735721141157603,0.5228752688316337,0.32510451773363475,0.5296049692458753,0.288826350730176,0.33509135621008185,0.3087305117807577,0.14851977852663892,0.11451746935170852,0.2999101856329445,0.5560754027394852,0.2540281051670281
2025-01-30,0.2848789911309756,-0.01887578083769404,0.6836386862359006,0.16341640069416385,0.5314512915778283,0.3150412464605484,0.5309156959394543,0.23704169377915,0.3236203199685058,0.3055167148482209,0.10125148981363366,0.10105451820071798,0.27748090664861413,0.5519457276547861,0.23253286214879612
2025-01-31,0.28123710586922607,-0.016825479782452232,0.6869281747970514,0.17269825921907347,0.5319274482944197,0.3137615623888013,0.5259268352883246,0.22702139638242913,0.32297361761117616,0.30561239254996436,0.09983371558110597,0.10161334216986997,0.28623337875855204,0.552447821858979,0.24203195768300784
2025-02-03,0.293024267744982,-0.03493804350200431,0.6918784133789594,0.17841147832931753,0.537928122184975,0.26029549768687843,0.5281003694150154,0.23103670901086829,0.2902249423990256,0.2870947427849779,0.09329197347580608,0.044366476083129554,0.28889200051428443,0.5509524082397146,0.24413480125881706
2025-02-04,0.2964246965308997,-0.020349029439708913,0.6976960055514101,0.18094536447571055,0.536969844682675,0.2524058479706658,0.5253929084348758,0.23241738556232397,0.31191773138976675,0.28241679414891163,0.08697961082526824,0.098977941078516,0.2878534915968818,0.5750883877311779,0.25841959878863074
2025-02-05,0.29059141028222485,-0.0022968169141766273,0.6981090995255056,0.17385017136497805,0.5443025077545866,0.29715372359626807,0.5164405581243284,0.23205999036463243,0.27841139445424795,0.31667504461379875,0.08402534869699778,0.16991850582654158,0.2792194972096935,0.5744440234506185,0.251284072093503
2025-02-06,0.3300627317152718,0.025515127356200006,0.701296921229669,0.1776954545921037,0.5652047323030049,0.3287212926417678,0.5204086100158037,0.24981761484384465,0.32307566171536783,0.32367350232209735,0.09152734154875944,0.20954731433812782,0.2838753403842318,0.5687381140245633,0.2582908539426472
2025-02-07,0.3293479930327793,0.04581179520020045,0.7089674903420143,0.1764739195295469,0.5751699838837376,0.3390658698177898,0.5254041707223744,0.2497910708878195,0.3277639237504084,0.30054986038975756,0.10894727549705677,0.3652073371895539,0.28851822101518737,0.619850082818892,0.2588780302672725
2025-02-10,0.33540824815517334,0.055087002490311524,0.6961196273782296,0.17860884213478861,0.5933993859597197,0.3246284961264138,0.5278755056590014,0.2461852586186363,0.3145460482460657,0.30566815903304123,0.10109176365470036,0.33602391427507067,0.2864825091002836,0.6381595044999345,0.25425816970257126
2025-02-11,0.325607382715874,0.04369371360602023,0.6952661880631928,0.18683901794699614,0.586150989848417,0.31802450662990095,0.5179376095882646,0.2506740719980187,0.31264848509015597,0.2899438035128633,0.11348617003735215,0.32889593461406813,0.30222507178853575,0.6308862680066124,0.26053186040753534
2025-02-12,0.32385471960054146,0.035993157159069436,0.6982242979290578,0.18909400485973407,0.5873032502908103,0.3173537803138964,0.5198453663390837,0.25230978078707056,0.3127190514618005,0.2927629790995805,0.11744707017564592,0.3275161887274139,0.29945560523921244,0.6311114357594175,0.25986561757248555
2025-02-13,0.3109967971812818,0.044914085607331886,0.6969180793807553,0.17250739508252189,0.5870918782977295,0.3259157564265835,0.5163690338400803,0.30009289037947906,0.3139331379403501,0.3073182654431548,0.112714463381614,0.40094716994430346,0.2987867314071343,0.6359797182522934,0.2568530365782554
2025-02-14,0.3092786127149696,0.05222563308620753,0.6959008321894996,0.17779741160403129,0.5927783770462485,0.34167785192305183,0.5137351335093289,0.30118545859218193,0.31998466191449115,0.3286801380972188,0.09889154407514175,0.3856681729158063,0.29912422272387096,0.643016613881263,0.2702692646887418
2025-02-17,0.3116068048786879,0.04705879940647468,0.6966475498897027,0.17860679542110522,0.5899007834590696,0.3448144010315015,0.5142620817217821,0.30072575485176756,0.3198231430695509,0.33555409266494574,0.09703382517045546,0.3564829934849498,0.2982817939094495,0.6385263014441807,0.2710896733141336
2025-02-18,0.308704139051195,0.05312437477482554,0.6965727217627143,0.18440763915728758,0.5895596173240572,0.3496404972958221,0.5120392734854842,0.29260454115522117,0.316490922857968,0.34173571872902225,0.10971577038901459,0.36344638998015677,0.3047296810065681,0.6397186233038707,0.29300792814021076
2025-02-19,0.2967443702065829,0.059898031816340964,0.6955372585496807,0.17846231685234054,0.5921652915708975,0.347698400039517,0.4907897644416958,0.3217727123168096,0.33200934562371937,0.3446786254556653,0.10638661297721894,0.360454477716471,0.28066750693517506,0.6276427707046398,0.3124347974900586
2025-02-20,0.3030279335007457,0.06238916241044085,0.695770197464246,0.1797645294385426,0.5926800142461428,0.31997755418645374,0.49141577146914917,0.3474341409596982,0.3511255842861802,0.34727530246499655,0.12273290182667143,0.37312189981729027,0.28563166131100803,0.6285789783051452,0.31019770826387805
2025-02-21,0.29767120037569866,0.0665970579319165,0.6894182354221714,0.18088156179372608,0.6100657240411159,0.3339427895704924,0.49426089129029305,0.35198047254275683,0.3662982535132535,0.34936444020650015,0.1210372047583814,0.356689532048006,0.2851313706153889,0.616168968734427,0.3063186745898255
2025-02-24,0.29382444439003597,0.11812027312420578,0.7030162674243423,0.17109475792495582,0.6318816660831089,0.35973173265256897,0.49054112098372915,0.3486123918232423,0.3711498712472352,0.37688437590516666,0.13108183414693736,0.37192764750578916,0.2727589842348041,0.6317434795244815,0.3003604018582393
2025-02-25,0.3002762689014663,0.14251666583935738,0.7108482592738953,0.1737874612384073,0.6327560498854045,0.35412657748869214,0.4890383733411297,0.34779372392137065,0.375925380040332,0.38704377836789117,0.12861268979825954,0.3923888088183755,0.27177436799235605,0.6343960527612662,0.3021656809078517
2025-02-26,0.3185215593758582,0.1528674287863107,0.7143524867258416,0.17664713124725745,0.634546244854862,0.37220900928889816,0.4845183051411288,0.34684284367540136,0.38321426646329926,0.3877703340447577,0.13096249894523737,0.39564899615863913,0.27152785302061244,0.6359860188559416,0.30328766675186
2025-02-27,0.3172387057750506,0.15147572932332798,0.7130753386800102,0.16990764347872203,0.6353691186898061,0.35680884367962357,0.48964000085743237,0.3056748383393711,0.383476572918425,0.379519654523006,0.14602760093851405,0.39408542906523575,0.24801815916108522,0.6367486936384825,0.28657345109919513
2025-02-28,0.3202604743903216,0.17255831116178288,0.7167189691597885,0.18937728735981652,0.6494312180991668,0.35416231505470996,0.48711095778262636,0.30344177976769465,0.3797159013268694,0.4083888316508521,0.1992710300318971,0.4251296629238795,0.2795785862553766,0.6522245282921397,0.31228871748348214
2025-03-03,0.32367991882110486,0.15920792837709477,0.714552627552585,0.19356044168912917,0.6479441111413051,0.3486251264818593,0.4884713070035961,0.32807437187114025,0.3701360305779562,0.3992682041784808,0.188555387611179,0.42603763960787494,0.2811128496182643,0.6506983269486161,0.2971676599657651
2025-03-04,0.405188025390268,0.2015763138969803,0.7486024308277216,0.2070715532482744,0.7009852620004519,0.36830298904527886,0.5543099754575914,0.330359329556427,0.4398568613353486,0.425456458380177,0.19354833037509409,0.4333631374322248,0.2881061519141453,0.7036901184024515,0.30165344146421047
2025-03-05,0.344015653862294,0.18686490486102272,0.74360462723848,0.25634769165745425,0.7068796767031718,0.3726334992339599,0.5280669430293115,0.2417287420996017,0.41839186999350825,0.4223528619976629,0.15911987348455797,0.41616715502206,0.29154385484768436,0.7116685658511315,0.2994828949988117
2025-03-06,0.34094328319190714,0.1652904765757941,0.7392576586898046,0.2707958495633721,0.7076657911618881,0.3753541357362093,0.5351609509529487,0.20837312732400518,0.41657113243666494,0.41785440216744824,0.07621995103459211,0.3985071451810484,0.2679130817688596,0.7113388635969059,0.2966182421853588
2025-03-07,0.3452760555328896,0.1633421016403969,0.740818666570175,0.2718091434958523,0.7102248822244333,0.35786874006049363,0.5358207693082528,0.21122481811020752,0.39942194481347,0.39703756944148993,0.0765907690403073,0.3813307646111896,0.2700774867407367,0.6906010415707796,0.29893415254967765
2025-03-10,0.35109018900190236,0.14697400751673717,0.7267186571534343,0.21572890687182497,0.7147266605450939,0.34612061854028287,0.5266050938081734,0.16930476390554064,0.4059284323492469,0.3876117434205036,0.06575284532562278,0.36884132946854514,0.23836626749912848,0.6841660844194218,0.2536065925871715
2025-03-11,0.3642932090128703,0.1716814442786236,0.7321759604364046,0.22760765846120373,0.7211890186307344,0.3685729233947605,0.5425802087491953,0.18306320879264756,0.4210322848645534,0.4158052089263784,0.07801269622778417,0.39113581142263193,0.2534157068047068,0.6956045018294952,0.26597567055430876
2025-03-12,0.3634035608732954,0.16731299524808707,0.7318569123365228,0.2234479639012718,0.7172038767035032,0.3627224082386457,0.5436407055634832,0.17795976454863716,0.42164238518754854,0.4043184044233991,0.08308298488623941,0.37580928678749287,0.24337610529552467,0.6995461062103466,0.25210803980978186
2025-03-13,0.35624141869679793,0.16241676126519317,0.7152034534039924,0.21927625283168045,0.713736895044807,0.3591022592852393,0.547844857490649,0.1826371802637309,0.3987366353148516,0.38972969001765834,0.08231762387771424,0.3693232470531358,0.2512090996944576,0.6564360566906999,0.23637760867266572
2025-03-14,0.4784552969834314,0.21056919846670125,0.6819807983009687,0.20569781446917126,0.6948908204734315,0.3692245265849118,0.6457874162289782,0.18406119761100445,0.4738099520753733,0.44064401372908085,0.0755215111944067,0.40752122491400505,0.22404528378405703,0.6398712047892744,0.21591875202897587
2025-03-17,0.47251251004442524,0.1994926300380414,0.6766443446512456,0.20791314065429717,0.6908375256546447,0.365765247198984,0.6439713458867121,0.19050488742206906,0.4689796163316136,0.43591559798506424,0.08451868374637579,0.39889656726967543,0.23153938317103182,0.6352112355549844,0.22200217070693581
2025-03-18,0.4901439714451446,0.21426623936267114,0.6824070672027145,0.1875106816438685,0.6899757428978917,0.3554085430747592,0.643996327883526,0.20034088856809149,0.47642447345079275,0.43458556259664016,0.09775241634307563,0.40631826391176296,0.2101685899087959,0.6320823264482984,0.22101696205323096
2025-03-19,0.48193546595944453,0.23405525217547293,0.6882076532854517,0.16386236818215386,0.636186541812661,0.3646238508498451,0.6420428595926465,0.19115752728327642,0.4505581404451671,0.4446126673342324,0.08219325911561731,0.37664294082836136,0.18663704726948382,0.58144254024273,0.24755014228591468
2025-03-20,0.47647519059176613,0.2453585580813683,0.6825754042529237,0.16574701684441764,0.6294226361020737,0.30586075921353445,0.639553822772644,0.19320493761836469,0.4435763898562542,0.43934294557134446,0.08328688899899335,0.3705978055393247,0.18707831939319325,0.5784332437396613,0.24795247137840695
2025-03-21,0.4784895801175417,0.2582333242784419,0.6800466319541028,0.16670393064248268,0.63029417664936,0.30818254017364327,0.6419763656999069,0.19315639174475233,0.4437270737600447,0.4423575644286577,0.08319937867569492,0.36815937005017557,0.18905219935927622,0.5850963025968958,0.24699150351666543
2025-03-24,0.44834995670489713,0.22492680989517577,0.6861829572775229,0.15762158975043727,0.5984861077910619,0.32594520139392996,0.6442159369237241,0.15654120766588658,0.4575780168983417,0.42449505021085554,0.09080501094474903,0.3690831106520799,0.19286795571516152,0.5751006981520855,0.2539701532581422
2025-03-25,0.4388337536141826,0.21755054269224006,0.6790752122151311,0.15766099674225167,0.5995744839006711,0.3068552168821356,0.6351409223777075,0.1538501292198163,0.46000158117564577,0.4193900337003393,0.0909017645785052,0.360427925514118,0.19407709704888093,0.5778206400526668,0.25275235343680846
2025-03-26,0.4419918247428055,0.2176761693874105,0.689267718704291,0.15688076291066191,0.5906383924633636,0.2923030243433175,0.640878734010211,0.15285928589023196,0.42587103629692835,0.410400679589716,0.09054122918538225,0.3643588655338384,0.19463457898589706,0.5560679006893471,0.24919135687171903
2025-03-27,0.44829802675162395,0.21567861054715548,0.6904018842150699,0.1599566349163545,0.596266251340597,0.292787751781374,0.645268070670697,0.15656097358952625,0.41544863382120895,0.4076108899233876,0.08837729260504448,0.3699979376688793,0.19827472787903244,0.5569063752996294,0.2472551326813532
2025-03-28,0.4741517148653177,0.2527494660883777,0.7145743911411835,0.18837986158280717,0.5980990451999673,0.31153587080332146,0.6554959483635581,0.15034818263680508,0.43746273765401966,0.4364527253924361,0.10074542920808806,0.3834818417221019,0.21511768636097406,0.5629397118686875,0.2777214153534769
2025-03-31,0.4894168076988028,0.27007713077696227,0.7209653161884026,0.19876477798194905,0.5916430059148574,0.32964203144212606,0.6645845102437425,0.16270932035942826,0.43038757523514076,0.45555348372201704,0.10682700561028105,0.38990179985273776,0.2273664398404737,0.5551022671355134,0.28185987554424297
2025-04-01,0.4999819016130634,0.27266934894364575,0.7233338850081632,0.19850588107939302,0.5621741380949024,0.33315931787215064,0.6713408424827536,0.16029714157617428,0.4177295480912155,0.45735195534910783,0.10599361202692224,0.38408246282245356,0.2239879178559891,0.5301115815042517,0.28495893917567916
2025-04-02,0.499873417882113,0.2740243207214821,0.7251077953030446,0.20155512543972318,0.5497015892740534,0.3340903395853975,0.671597636718168,0.16006969685831446,0.4248044325366407,0.45743951810971245,0.10479384670593755,0.3921187751661532,0.2231545061179255,0.5352818825708524,0.2917334521191657
2025-04-03,0.5910766404690997,0.3820541130528416,0.7854763347299596,0.24734499746977967,0.6592389772573422,0.42716492406091744,0.7352776946005538,0.2087948360167818,0.5542928582992901,0.5474896103658788,0.15098349759992669,0.5024389134929247,0.26999282269352437,0.687965076493705,0.32291598349851447
2025-04-04,0.6376028671827847,0.4459218963416376,0.8095675850387273,0.33638437329779036,0.698386430586312,0.5199828795664849,0.7838009621118626,0.3598016151646994,0.6379286490825627,0.6181399624405146,0.2776053993920424,0.580316057178158,0.39964847871175047,0.739992115986286,0.44556668628851465
2025-04-07,0.6905425778797599,0.5207186663216786,0.8147839058790772,0.4359624223043134,0.74547648037124,0.5947712160897698,0.7858128516623557,0.4680218515394087,0.7078713633467203,0.6474881727746314,0.3865049027729298,0.6484623173974747,0.44371785702030686,0.7374974894566384,0.5558444800508363
2025-04-08,0.7021912758144858,0.42157818157483407,0.8080273824804196,0.49161210757339197,0.7878682567090866,0.5601627902086942,0.7958461133592553,0.4982655133086079,0.7280260619854386,0.6115929593799416,0.3512615117807312,0.5659064660564256,0.47461096275903636,0.7526872864502648,0.595128466990401
2025-04-09,0.7250284785272321,0.462599499211985,0.8340322713724764,0.5534585581427884,0.8120999471383713,0.5844626077107675,0.8091677013226578,0.5406615966293391,0.7488287067918982,0.6336643236718857,0.401882776329799,0.5893567078354404,0.5417034564998412,0.7794175232040564,0.6428302287682984
2025-04-10,0.7590731084708223,0.5230084776124954,0.8502703234428131,0.6148517033861446,0.8359339351857493,0.6329593668800364,0.8299246421252151,0.6084044669198225,0.7796663440226427,0.6689880780886593,0.47656030474966676,0.6380013858049861,0.593512752612808,0.8024478149259411,0.697302204619286
2025-04-11,0.756553034408224,0.5312912428214229,0.8411434935513536,0.6212268886820638,0.8388373092318289,0.6359601480221916,0.8282394303567147,0.6088850514512423,0.7780813921081854,0.6683819128380412,0.49066150411156184,0.6463448052587087,0.5886731504323123,0.795812554123804,0.6975640054233563
2025-04-14,0.7673236754708823,0.5496065124450682,0.8466104103822635,0.6255154280143432,0.8451758171792094,0.6563214927039845,0.8362838636864779,0.61044151140967,0.7880448992475183,0.6825233825258151,0.49882492376675086,0.6659241796194563,0.592838635167282,0.8043379326765336,0.6961741002507503
2025-04-15,0.765470424619845,0.5496557809887769,0.8422656988546302,0.6245590003505685,0.8424258850428328,0.6553968281137118,0.8379802619223433,0.6139005499517387,0.7901413250349937,0.6800499675429054,0.4988140445392783,0.6646060536897065,0.5973071328265267,0.8068271240799204,0.6990553088426991
2025-04-16,0.758810883508455,0.5790492200042536,0.8511003294424927,0.6237222889690873,0.8415599681642616,0.6737777438823721,0.8348736304429055,0.6199558153546058,0.7918926649854235,0.685435316336317,0.4739712436537555,0.6686346497527311,0.5827191691838807,0.802399197196519,0.6957862964832222
2025-04-17,0.7614531386845766,0.5850343521459805,0.8517753439678529,0.6255802333944782,0.8415837736491208,0.6685623328178394,0.834652611511901,0.6115652698054939,0.7941026294392738,0.6877674690057775,0.47017981836537215,0.6729731200759081,0.581722673027752,0.8026012019595798,0.6955717164548565
2025-04-18,0.7615620850844993,0.5841538092970711,0.8514366540836249,0.625302588877998,0.8413824463757343,0.6695093209913625,0.8350865155111566,0.6115230782015598,0.794170353160145,0.6870092697733402,0.4699555214322894,0.6729265684752347,0.5814941873887521,0.8024736955499543,0.6954107195662914
2025-04-21,0.7615115648501554,0.5849378168376488,0.8357730795367501,0.6252817334827748,0.8414414541803289,0.6698761031045315,0.8224901610168714,0.6115099055106663,0.7941622681667285,0.6756809229471977,0.47018694021832524,0.673106919274364,0.5724396568716529,0.7897470209213733,0.6954077567054453
2025-04-22,0.7452929184333479,0.5819576964001281,0.7828500466229616,0.6145076623424984,0.8361587230965247,0.6704230593864875,0.8157505376021067,0.6120768113674576,0.7916424598691251,0.6606053699916385,0.4702646082206788,0.6761892811452723,0.5667587320380515,0.7696559465692825,0.6944895156132543
2025-04-23,0.7552180579892357,0.62378733772691,0.7978044296420772,0.6316062907086463,0.8337209186258087,0.6866430723351481,0.8249867565467502,0.6273460017336309,0.7996704086233464,0.6854316102475123,0.4972333164101435,0.6884234202702364,0.5860535420047275,0.7776189620497562,0.7046005374256299
2025-04-24,0.7535829241159868,0.6234040132028474,0.7900779835599354,0.6302766586501001,0.8312732802243766,0.6823636711295095,0.8232699685588484,0.6277297853891102,0.8013964640528342,0.6719959094746288,0.4937246470024184,0.6770549173010437,0.5857830976686857,0.7805082903268997,0.70679199543711
2025-04-25,0.7543296038816553,0.6236300488503818,0.7895240336484177,0.6313662021123344,0.8300140500747785,0.6828099057224037,0.8233906448079374,0.6286489385647149,0.800879969339524,0.6717892677901034,0.4948791488229013,0.6774522364506574,0.5867925094006937,0.7812004750699832,0.7065564402331685
2025-04-28,0.751598398442578,0.627006977305676,0.787126387993883,0.6312990882522438,0.8329690647968899,0.685181363328364,0.8220245840047368,0.6289488556625009,0.8065304972407326,0.6710145739854013,0.495683948115999,0.676254854634498,0.5858072641540151,0.7836888506639961,0.7072222501312526
2025-04-29,0.751445822327463,0.6277709950023397,0.7860616954574653,0.631559714684569,0.8335660986401491,0.6848785305737398,0.8204017509196834,0.6288651646601766,0.806578553801017,0.6649220987493345,0.4945073726903891,0.6751425729782807,0.5850768194114793,0.7823208805241421,0.7071639091192892
2025-04-30,0.7575054773798315,0.6285463896216339,0.7868797773538909,0.6360514483441356,0.8406978697862114,0.6842771302006773,0.8202537734554737,0.6282509887730751,0.8058217467608104,0.6652377726127225,0.49091658193424703,0.6720862345003291,0.5818528271684497,0.7798531243738533,0.7082980122752879
2025-05-01,0.7307337562323362,0.6072214571369116,0.7954070383288891,0.6143271404622728,0.8127492512905464,0.6844843397420441,0.8065115652464626,0.6282923388793311,0.8060097560698403,0.6558676061181817,0.4909392438528067,0.6720862345003291,0.5730547998242742,0.7690860592201061,0.7083105028649136
2025-05-02,0.7249090861222692,0.6067538780161031,0.7950972960794764,0.6139543674157668,0.8122640606561136,0.6905789729267771,0.8061238460099542,0.6183789619539831,0.7933570528436972,0.6588715899988319,0.4872865819129378,0.6672129818293953,0.5709664715968702,0.7663596977404963,0.7083114147207172
2025-05-05,0.7261716372166196,0.6086063741263856,0.8011421968230779,0.6141750874752409,0.8090538373329799,0.6905180350272883,0.8074698762880096,0.6183702049302516,0.7878220053916928,0.6593919439762888,0.487115272817669,0.6650756744550298,0.5724933726968814,0.7634000423330094,0.7016403963651832
2025-05-06,0.7257064215438462,0.6070246360137946,0.8026210839054292,0.6148321939565832,0.8148361103171567,0.6897962818604305,0.8077733691585206,0.6181172433835129,0.7905553706829818,0.6596503605986903,0.4874234624986466,0.6682291256929043,0.5711928136469643,0.7647513655108887,0.6991071390206108
2025-05-07,0.722072578380657,0.6077541797909913,0.8018557218034646,0.616933019030406,0.8147629356476074,0.6858300850478295,0.806860899384561,0.615939409243091,0.787828456479002,0.6585069425593472,0.48818320946186455,0.6682431920729446,0.5711077599031382,0.764087462611825,0.6999667200079295
2025-05-08,0.7231180198414816,0.6092067030886583,0.8004911380830554,0.6179670021109297,0.8144062562766611,0.6860303026141887,0.8067784055902404,0.6165526081612368,0.7892465164154153,0.6561675262240355,0.48876146854146196,0.6708305997590789,0.5704104204577253,0.7627209777757995,0.7017991637502357
2025-05-09,0.7262191557595551,0.6082587205350174,0.8002168319269607,0.6170746185923164,0.8144935911221879,0.6867984351197125,0.8100630717384051,0.6173127692687451,0.7933201823318062,0.6561304418884114,0.4886963536540976,0.6673429119969936,0.5703875073177955,0.7603946711168749,0.6982599166210739
2025-05-12,0.7328662849662987,0.6313559139464776,0.8066033792983098,0.6361238948259735,0.8189023748265963,0.706733334885087,0.8010272025916021,0.6312819771526829,0.8101803326753503,0.6889514877439689,0.5222479993553835,0.6728227644835868,0.6037592117067907,0.7585025503451304,0.7031800798205619
2025-05-13,0.7332231680094026,0.6299066745534445,0.8078924325229447,0.6289871897594607,0.8184316602899382,0.7055782691793552,0.8028303554882708,0.6282374553442975,0.8101624906112737,0.6911369721072892,0.525841623937593,0.6725726315955578,0.5969094875275729,0.7594710483601227,0.700669310986994
2025-05-14,0.733021039534694,0.631372990464735,0.8080352907522219,0.6219788515733504,0.8187338434117323,0.7077660742237631,0.8030556898971801,0.6203941286783927,0.8106473847123464,0.6959135521462649,0.5153299534381557,0.6790994728533304,0.5891491365657208,0.7597001176337949,0.6905259469848211
2025-05-15,0.7330005737339096,0.63038140817898,0.8080448542706903,0.6173968424515761,0.8187316631890182,0.7058818152975654,0.8029845096870816,0.6144247959466285,0.8106729809454986,0.6946146944457472,0.5196812477085144,0.6776909079255337,0.5846453527813367,0.7596987534471096,0.6847344049131466
2025-05-16,0.7329412776182899,0.6190952326734658,0.8084224258127386,0.6168520486489383,0.819201279552834,0.6966607734314239,0.8020758910871786,0.6141985653371647,0.8131434106104796,0.6847720020751762,0.5141650877114946,0.6735551695072823,0.5844843273683804,0.7627353287171401,0.6853253962886442
2025-05-19,0.7324181527769441,0.6197526867693529,0.8074741062809887,0.6197404364045027,0.8188395789868695,0.6965759457508125,0.7994625467876358,0.6179113432817831,0.8118386722719266,0.6831165800176587,0.5240163496570389,0.6734456806844226,0.5884833944774343,0.7625099015569748,0.6889669671269392
2025-05-20,0.7324790355414044,0.6154463147589859,0.8073035619231173,0.6198032751688607,0.8187022048093296,0.6892739444720196,0.7990054590066993,0.6181515388880565,0.8126100131069173,0.6804888215293229,0.519582685498037,0.666070659365316,0.5882445276262608,0.7616671926891085,0.6891104564396598
2025-05-21,0.730150982889052,0.6154519492978661,0.8047989421330175,0.6249424131865505,0.8177153918664528,0.6871853629778625,0.7980817081279423,0.6238720609645145,0.8115131301429803,0.6781450226497988,0.5232256251999551,0.6651071696001678,0.5974596832859433,0.7600124654016552,0.6951568496094775
2025-05-22,0.7313660852999853,0.6153906164035025,0.8046944530328328,0.6249443705769238,0.8177902990445164,0.6859412257678152,0.7985531315488645,0.6254482951444045,0.8154428314868633,0.6778243375696177,0.5236731560028669,0.6670536871378886,0.5976884979279529,0.7610944651699731,0.6954723669834998
2025-05-23,0.7333946316580551,0.6179904355442665,0.8062198861965808,0.6262170112602792,0.8181064029758321,0.6885549819499651,0.8011364439774752,0.6213406606693197,0.8132353670354517,0.680610680342218,0.5255424420923014,0.668216587754262,0.5948030802621416,0.7602947238043107,0.6955470961835832
2025-05-26,0.7312077035555049,0.6180752603255592,0.805478400168518,0.6301252034829901,0.8182670983564987,0.6902445786225423,0.8044268658788571,0.6248004789974492,0.8149800740320233,0.6811822918944909,0.5253473514119016,0.668702028179801,0.5924761569908362,0.7605649987925845,0.6952302128723418
2025-05-27,0.7310332891939116,0.6209097048868244,0.80628258967991,0.6308735049338432,0.8140816645914349,0.7007788516856144,0.8044519634846341,0.625685225367088,0.8156075276642505,0.6864497718935331,0.5276157078853363,0.6706217430144211,0.5934340958618195,0.7580830730883966,0.6934122881297182
2025-05-28,0.7242954886708431,0.628617797726631,0.8055271744832531,0.6336360372139773,0.8149826605643338,0.7053992132694513,0.8012413818718235,0.6063830220605233,0.8069766875175168,0.6957192849967456,0.547383320104245,0.6781249005094188,0.587468017302775,0.7568475009501382,0.6978109635080189
2025-05-29,0.7240925977374466,0.629085431267119,0.8047445906150217,0.6396852658235058,0.8146274066596941,0.7056155882183399,0.8015744883366136,0.6118858632077677,0.807486305679686,0.6944750344117642,0.5486694018082366,0.677237414539917,0.5887462870991156,0.7574456030110727,0.6999287017281748
2025-05-30,0.7240715483570186,0.6292435961798348,0.8052853724026109,0.6394386024011016,0.8135854200633658,0.7051492648543587,0.8016633318416546,0.610863511693486,0.8052373655154982,0.6951566297456286,0.5500966371192337,0.6783944009294545,0.5894253667479206,0.7564462956639698,0.702092747860506
2025-05-31,0.724703747697054,0.6516254272221071,0.8044225188450247,0.6425723383108447,0.8128377150906796,0.7146399797496834,0.8011775269736574,0.6107595687106815,0.804783881842197,0.7088061088535047,0.5549935315766463,0.6918428966568487,0.5897671551970436,0.7549144915454666,0.702819205740152
2025-06-02,0.7251534140457698,0.6515007270667108,0.8041324777518408,0.6256118295103699,0.8129794646380206,0.7156844036775816,0.8030982647027196,0.6002389698090129,0.8061795721642314,0.7054376423979507,0.5275671020043817,0.6911448242962323,0.5769346058651065,0.7531372721623503,0.6806399689736908
2025-06-03,0.723318631904882,0.6582893662666616,0.8064174084967632,0.6058103403711295,0.8135372624417329,0.7181673902482711,0.8012520009055477,0.5937684317204692,0.80537607114986,0.7085919628778029,0.5255103364091942,0.6950542023085907,0.5617315327997672,0.7540765135718823,0.6686930292132821
2025-06-04,0.7259508838589691,0.6599080456176548,0.807811293511516,0.6081681896507933,0.8138405896925823,0.7167399762342109,0.8011947639297679,0.60444780300524,0.8064341341232844,0.7091128213452929,0.5308029355078818,0.698445061339941,0.568129198358225,0.7554252857371164,0.6708572927872369
2025-06-05,0.7271012383942943,0.6597458594223339,0.7993989319110589,0.6057911653130181,0.8133130562865062,0.7170579035795384,0.8002126634535712,0.6051748928071813,0.8069673308472203,0.7049359355466225,0.529911848643415,0.698159113124127,0.566767090608351,0.7523927965353998,0.6703966011536762
2025-06-06,0.7225061438006838,0.6637744062423645,0.7963754866293344,0.6016961518561985,0.8074362613784662,0.7164279774931841,0.8000772206076374,0.6057078849047081,0.8069643831068719,0.7036100433150131,0.5266831503094948,0.6940733310892265,0.5660973799636002,0.7513848639346575,0.6701187860581542
2025-06-09,0.7238601568385862,0.6645304085049557,0.7956230802528522,0.6018404626392962,0.8073782490732545,0.7153651851938296,0.7996122003244494,0.6053953445001607,0.8082820093084003,0.70322811820793,0.5261127768897276,0.6948230469724892,0.5653375849562817,0.7510467551815899,0.670223843568226
2025-06-10,0.7241005364140888,0.6630248862946534,0.7945329599015468,0.6021735276712565,0.8043264226243699,0.7157993473528286,0.7988400977792592,0.6044831084234727,0.8056466045496595,0.7046795103863636,0.5347674295055047,0.697095077966716,0.5679556437593336,0.7511501644304233,0.6736338992879435
2025-06-11,0.7198852167955007,0.6589454543652575,0.7946167220517264,0.6022650672355685,0.8013079178574971,0.7094669184107194,0.8008885268570383,0.604688648167384,0.8024423387805005,0.7066650263340495,0.536227457224489,0.6894052346973982,0.5670470533679756,0.7539879072771475,0.6755022732656766
2025-06-12,0.7223082862091862,0.6618922171632003,0.796450898776693,0.600968232428183,0.8013444431383047,0.7143915677718834,0.8014008217618337,0.6049297511403129,0.8041509628596574,0.7119493845831691,0.532392181121569,0.6957160328378522,0.5659628263038085,0.7572052203580742,0.6683055109268426
2025-06-13,0.7177284516441478,0.6587230818477829,0.7980925383596874,0.599472552420504,0.7994056513350032,0.7164031020505072,0.8010626939586983,0.6062781327206074,0.8053991604309377,0.7129265356608303,0.5340457913391495,0.6977523178084081,0.5679181392270893,0.7560688714450244,0.6701412532933116
2025-06-16,0.7186232123089566,0.6589364457372877,0.7979983112248437,0.5995512190431489,0.8008762138102492,0.7166857545329113,0.8026726085313924,0.606543155759383,0.8037500338276824,0.7132293940032454,0.5341582339207324,0.6982124812746608,0.568004334301386,0.7574030788791444,0.6708759210441482
2025-06-17,0.7161377688732847,0.6645808109745007,0.7978893258781562,0.5992813554409814,0.7998656118509507,0.710508670305309,0.7983548743147966,0.6059853946796714,0.8039177514459321,0.7203012988664328,0.5379929969734509,0.69799112430774,0.5673438723566621,0.7554590834123843,0.6708086875230876
2025-06-18,0.7224635685283868,0.6652007619476556,0.7976744959825757,0.6065294375359106,0.7983175556664621,0.7116149949820135,0.8022966965311336,0.5970806389554109,0.8085547986046194,0.7188988397754001,0.5387954699235907,0.6951590831978358,0.5698125197326037,0.7551339917081504,0.6751711105837301
2025-06-19,0.7184541544849737,0.6639490775742475,0.7959972314238356,0.6071308309793186,0.7976621449963429,0.7145766447589132,0.8028517144925303,0.5991298207627451,0.8080919139275107,0.7206711621142438,0.5458210312650692,0.6980761173227963,0.5727666858983148,0.7559852179205115,0.6756819493608431
2025-06-20,0.7167674806859996,0.6713443460666041,0.7963790575134283,0.6070638135373555,0.7968478668562419,0.7173009555411869,0.8009441710841732,0.598294043831027,0.8096687151908273,0.7240838847523868,0.5515812552506362,0.7096344605073341,0.5729208502040545,0.7566927688022167,0.6754924956440576
2025-06-23,0.7166411012863587,0.6707139308254579,0.7959843928939832,0.6086534594075688,0.7961129973568658,0.7171932814682237,0.8010174201135678,0.6020158662125739,0.8095156106598081,0.7231942579651562,0.5506457835890813,0.7083623890619769,0.5732227328335723,0.7548067374363641,0.6727523611759739
2025-06-24,0.7202432999496999,0.6699310554027347,0.795291206268425,0.6157557968977965,0.791942881132065,0.7272406845840449,0.8120085647070937,0.5987360592215992,0.8139722838109847,0.7276515073479614,0.5584815771109188,0.7161184030445125,0.5845516406543008,0.7609636172377194,0.6723489891465718
2025-06-25,0.7130362703882098,0.6713994621421474,0.7947361545384035,0.614786083056844,0.792260529533082,0.7230169007632413,0.8093568229283734,0.5971501227998552,0.8088078975614054,0.7272186439931236,0.5590525827583599,0.7190827970664054,0.5847773528822795,0.7617966579367117,0.6720751564077077
2025-06-26,0.713647361894842,0.6739316302300008,0.7965040697472152,0.6152881752877967,0.791378150229822,0.7232776995063176,0.8096975783209807,0.5971727112020898,0.8093799999512401,0.725774131905829,0.5587841927462394,0.7204465366742918,0.5848634158235025,0.7646370813268876,0.6729317139329002
2025-06-27,0.7140716849524233,0.6739361711691588,0.7954639069947725,0.6168436045932126,0.7894390662441161,0.721189147561429,0.8105412956492312,0.591207017660639,0.8030944377836156,0.726455205016413,0.5589184257468117,0.7194944937960467,0.5877225253045315,0.7627859417383924,0.6748860326953566
2025-06-30,0.712634530038986,0.6731374195947579,0.7924253122910291,0.617514915785802,0.7890157835773942,0.7205176637565652,0.8116826939769382,0.5905755469506944,0.7954463113817046,0.7241869811428426,0.5596079660597879,0.718128366486562,0.5878436392608551,0.7553625430169867,0.6724613360206693
2025-07-01,0.7125842630711089,0.6724022491416761,0.7921486855846587,0.616885941063364,0.7887217395489075,0.7169488307171837,0.8141076595141139,0.5914190831335764,0.7968631066637373,0.7261549070332285,0.5605666460938863,0.718562217815452,0.587754614022334,0.7549508538309316,0.6718557885312988
2025-07-02,0.7146005934879066,0.6731439664938694,0.792565096020993,0.6219284504131967,0.7887756658607373,0.7262290581184414,0.8148046588828854,0.6071182257308533,0.7986606575010878,0.7304539720563852,0.5571743004693662,0.7187307177477553,0.5966711472229391,0.755152580555815,0.6774007520384232
2025-07-03,0.7154190563839676,0.6777927813126879,0.7926800227018442,0.6223619378451184,0.7882524507173236,0.7377016800704074,0.8163209258379993,0.6113868177242631,0.7984684168111468,0.7306800688492939,0.5481806809452573,0.7214264054208198,0.593404719250144,0.7563302234051198,0.6759699298739895
2025-07-04,0.7151009471959585,0.6782262765484115,0.7908628206615782,0.6263313957637305,0.7884698390557083,0.7389159527963833,0.8199119720450396,0.6039350077069712,0.8009256432508476,0.7270276327838974,0.5576408513631195,0.7210071493936199,0.5960740600123934,0.7550529407670188,0.6838112989182258
2025-07-07,0.7045398315111344,0.6764964573945725,0.7836809023910626,0.6314781850893235,0.7836181244853999,0.7393222624688077,0.8116754310552109,0.6111030007494969,0.7955723500502838,0.7267607968280619,0.5574081215891247,0.7188366270562081,0.6013771399135522,0.7495459366573036,0.6864471746046862
2025-07-08,0.7338923798546145,0.6888256874537229,0.7848993216770174,0.6143324071738948,0.7863629576299569,0.7398886748095265,0.8265479655348275,0.6559153054189633,0.8067601892249355,0.730878959420329,0.5784875291876636,0.7213608024909196,0.6023159223554653,0.7498053099798512,0.693614795176172
2025-07-09,0.7356726764398173,0.7041920161849811,0.7852124316221187,0.6128698072529742,0.7868126420390208,0.7343415898346061,0.8192361880916559,0.6637027249173436,0.8067021075281852,0.738624400410582,0.6415251389490453,0.730216003772727,0.6208822077431561,0.7484829562322644,0.7006564514068097
2025-07-10,0.7353314015092706,0.7039237479428706,0.7852391706181711,0.6125579934624191,0.7877801722857114,0.7350687938091783,0.8170661160036229,0.6638038387750596,0.8094806023631157,0.7431546072484903,0.6417926269110696,0.7300554444145093,0.6223129465992712,0.7534193445644238,0.7011782118644269
2025-07-11,0.7286349481004903,0.7104769497390653,0.7852609645977373,0.6352018965299475,0.7855844458173046,0.7375542388652979,0.817282502471782,0.681678901392973,0.8079681356204353,0.7435789885351719,0.6451106418910513,0.7318535318446503,0.6318964342989687,0.7528317318316213,0.7151701427272121
2025-07-14,0.7254038763356502,0.7065280617428672,0.7830078919778451,0.6336705080732328,0.7836844685532203,0.7321963851652208,0.8144248634628003,0.680911553419296,0.8065623564725999,0.7384843970204963,0.6426882734563601,0.7278760831911811,0.6315322584238217,0.7512058405723097,0.7141743871529478
2025-07-15,0.7233918559308236,0.7102161444867748,0.7832525319366348,0.6345952755856945,0.7844419632700286,0.7351670858802749,0.811602182005348,0.6736276789179112,0.8051476920166887,0.744757282528376,0.640550131570575,0.7369212026847388,0.6357778423154546,0.7501602636495681,0.7176007560941708
2025-07-16,0.7233142755566937,0.7098794024920521,0.7866908868755174,0.6254985054130909,0.7857108318399292,0.7335372218206503,0.8119176333441892,0.6743466114098656,0.8103796471701451,0.7471666458993812,0.6278423360178287,0.7378997514215908,0.6330301892488774,0.7612139272133039,0.7107954101497516
2025-07-17,0.7236197156730753,0.7096905941471497,0.7873260173234864,0.6254959928180969,0.7862097848590818,0.7229232300126445,0.8118327059615086,0.6900125788983883,0.8094123726708539,0.7383687386121489,0.626155020266601,0.7335151342263658,0.6470048885565984,0.7605088974355725,0.7162784400338897
2025-07-18,0.7255455113341737,0.7133842145098056,0.7879299691599297,0.6215453861689895,0.7857178905926689,0.7214280439893693,0.8111314370125841,0.685018085064943,0.8078922386417418,0.7381112953185149,0.6210425840177953,0.7328727047266467,0.6382414682020174,0.7598584892222099,0.7024778526251225
2025-07-21,0.7287017917678534,0.7172056157638051,0.7874805073708481,0.63635506905145,0.7871003950936165,0.7192237693547037,0.8145826258098169,0.6865007084616548,0.8064765419508699,0.7416775454673111,0.6208663272681781,0.7335177279147903,0.6531617629628561,0.7609613969108472,0.70788302265393
2025-07-22,0.7296618770940723,0.7163793168869805,0.7879144743622455,0.6447514607976631,0.7984862684962758,0.7192777094836696,0.8153556654826397,0.6930709996591121,0.8158861310435521,0.7403990888071721,0.6373756866648226,0.749734951498128,0.6635028341738372,0.7739472586246356,0.7021618168971375
2025-07-23,0.7394783331765485,0.7157551969215148,0.7918296387680113,0.6462961766148207,0.8008191759277858,0.7218643223432614,0.8159951766000605,0.6950398170951898,0.8187187612879063,0.736112368909818,0.6343421400349197,0.748727925006694,0.6637940085849092,0.774012485668653,0.7021715450678926
2025-07-24,0.7401350888842003,0.7141359461867364,0.792192025575407,0.6477236991526919,0.8019961444264532,0.7227225446316039,0.8158822487066211,0.6945866454508436,0.8186555127943808,0.7367352475458543,0.6354674884453767,0.7503187013877769,0.66292546510543,0.7741088119764933,0.7010040442622166
2025-07-25,0.7513758018826463,0.7279450157679682,0.7917834828030904,0.654294984386392,0.8106954588841535,0.7221574146494689,0.8200829504895051,0.6947855900230506,0.8187348895022323,0.7428289098797679,0.635814000752043,0.7507699882991684,0.6647038680268025,0.7766366040581938,0.7009849473260662
2025-07-28,0.7520940702045832,0.7305229200067382,0.7926353663987978,0.6554459148394086,0.8088812405618047,0.7277018079286142,0.8200736162445241,0.6975768895627578,0.8197241386453772,0.7459049196667504,0.6373817802231548,0.7502804116773782,0.6659259635150718,0.7741457040125698,0.7004340719999975
2025-07-29,0.75347726880049,0.7338418175031578,0.792629420203154,0.6551221689924563,0.8142966903612313,0.7377461494159525,0.8196508605804093,0.699432991968499,0.8339855729319466,0.7514090349945772,0.6385593257179184,0.7497862958295467,0.6664325772377699,0.7820816486876008,0.7024791672230947
2025-07-30,0.7530894128141706,0.7343877876279171,0.7923257755856662,0.6546013540227545,0.8128485789972508,0.7399869958247248,0.8193721228116758,0.6983266978568592,0.834196663521278,0.7532143321747897,0.6397302544606462,0.7510426271808776,0.6654318825812803,0.7820087557430735,0.7011982092598111
2025-07-31,0.7408862992509454,0.7223564915443962,0.7837414604404187,0.6576772964799413,0.8160845628443314,0.739741716050953,0.818035096676315,0.6923802286307158,0.8257860286197527,0.7477753810692148,0.6384505939673447,0.7478565065489141,0.6695396596977868,0.7850651375424994,0.7007932294356898
2025-08-01,0.7523742685036725,0.7345268624842954,0.7948099438241129,0.6447913592000795,0.8254296685546886,0.7505094682270368,0.8263041305341756,0.681850234867352,0.8370896342186795,0.7586668087350366,0.6301730237760076,0.7584491583895006,0.6570401842620042,0.7951391462011995,0.697290399629766
2025-08-04,0.7509039323216383,0.733741025825672,0.7937016398048314,0.6463589365733605,0.8291865841895206,0.747908891776695,0.8233048785543134,0.680585703987823,0.8442412154494785,0.7580986744267286,0.6312789853394527,0.7589727934769636,0.6598319133648588,0.7986353135520232,0.6924624231469909
2025-08-05,0.7508449662639372,0.7319200622780622,0.7925284270270028,0.6464974266298351,0.8295226288790182,0.7436260627681246,0.8227915828405266,0.6803245888991477,0.841235960714978,0.7500340621478454,0.6299128520886547,0.7618344060632701,0.6584915305381935,0.7921684520354797,0.6924420454681457
2025-08-06,0.725323426644494,0.7119567055362785,0.7705193849179293,0.641562713350754,0.8105476576209637,0.7196684925053083,0.8065959301743286,0.6785530337795859,0.8276971748889618,0.7269515916740011,0.6234532149282552,0.7388407901877239,0.6669316076309687,0.7585776168481811,0.7035912856984002
2025-08-07,0.7133136711159394,0.694227995912196,0.760461801760006,0.6182721617437863,0.8014008409315165,0.6866611838031015,0.7773319490722224,0.6300736548089971,0.8090966800196946,0.692006412918084,0.5737209832933936,0.7138098350538334,0.6219930909124917,0.7303440006497238,0.6672409237774573
2025-08-08,0.6787723475258488,0.6606030986247133,0.7465118718223278,0.5714632701603516,0.7816054440242013,0.6330131595351683,0.7740842353806704,0.5563534499492618,0.7683047458495161,0.6738650288633392,0.5036487197053438,0.6649363510092229,0.5989742954143695,0.7229515354424418,0.5989990573547151
2025-08-11,0.6531321027593973,0.7576567477751591,0.7467228166968624,0.5359383209523102,0.7474037481774193,0.6784208056886042,0.7654012828392083,0.5275050539979765,0.7532823173418037,0.7056054245130212,0.5475208588721484,0.7563302316611081,0.5832812212247975,0.7195138570234101,0.5656921173066312
2025-08-12,0.602159738123867,0.7343516226032764,0.6956121816195996,0.4472154142348806,0.69779498569608,0.6464938994346464,0.7318322585242724,0.45788638878653826,0.7181008949528859,0.6752875975562913,0.4951464241960615,0.7321193757220583,0.5005111824041955,0.6623263870017054,0.4823697201227091
2025-08-13,0.5295977734539306,0.6949699248422848,0.6603297193379528,0.32859271198882195,0.6406689588321135,0.5854124335507206,0.7002181868025918,0.3112872794936464,0.6490552440359829,0.6384797995090515,0.3938865503273497,0.6856238646205357,0.4261004173976331,0.6199159969204386,0.33665903125439633
2025-08-14,0.5225997815659981,0.6850943332729946,0.6681314744642868,0.3038904519122701,0.6232711819144783,0.575512040720412,0.6971065702366828,0.3006224679524806,0.6430179438665722,0.6397802494852444,0.3778886171029266,0.6760293795475394,0.42480380225164177,0.6245550348310486,0.3142866397818947
2025-08-15,0.49437057040153914,0.668404679796381,0.6554074708817303,0.2928038651303572,0.6020114028237343,0.5408613817400111,0.6821262427042494,0.2861746571652951,0.6080325246604754,0.6225683762119638,0.3676589203663834,0.6463502253696459,0.41672650463630284,0.6063432486376622,0.3013782552521946
2025-08-18,0.4991463184939237,0.6681553822193028,0.6606227221145006,0.294738504505355,0.6085144280732485,0.5441264392614744,0.6755514839329463,0.27380346472721473,0.5997025877675558,0.6242707341350178,0.36775574513741177,0.6519207269058037,0.4074785730439039,0.5969876407740455,0.2880614127485787
2025-08-19,0.5012513939878045,0.6593803542590113,0.6421484907966925,0.3085743710763356,0.6061913542864477,0.5423736598805379,0.6780358602740743,0.2704949207330461,0.5998864310424707,0.61354666359891,0.37329245703703856,0.647784959607625,0.42023166544449325,0.5920167386556028,0.2881931223405739
2025-08-20,0.5002153690359145,0.6640936161584139,0.645468982024663,0.3211982716845507,0.6052379105802767,0.5508336940441984,0.6764422768853182,0.28440831522938415,0.5981517432328093,0.6133890967279008,0.3704761316100104,0.6547723611236219,0.43074735170288475,0.590505489382426,0.29978997359286386
2025-08-21,0.49899869179783646,0.6614140247459296,0.6454796124361156,0.32006888356045277,0.6051062364947812,0.5513237192460714,0.6755273593411647,0.2746907309854822,0.5974398434857604,0.6113427291249601,0.3546233930380512,0.6530595590592281,0.4265408134273055,0.5902460492982348,0.29649687045482626
2025-08-22,0.49832553453937534,0.6599997909026768,0.6620705060018411,0.31041712805852467,0.6044709834486295,0.5520180324740516,0.6966670098542712,0.25567884460007856,0.594378015036503,0.6316278219949677,0.32776448786606843,0.6484132419544867,0.3960396429110402,0.598615965304748,0.29841518792558086
2025-08-25,0.5248860839288932,0.6697565190662952,0.7593052935467978,0.32418211364524513,0.6079280051709339,0.5286347535810392,0.6906358635563955,0.2557303865599461,0.5820935260807348,0.6548854426874524,0.3208097395599011,0.6538287372945039,0.40005540711591814,0.6320546747712302,0.2958868712065
2025-08-26,0.446213929459064,0.5966717858157712,0.7284318015421046,0.23363690418926963,0.564860244108795,0.47461896575476364,0.6586175044945811,0.19224561522019604,0.5472545037801508,0.6113330755329586,0.24963084110918812,0.6208991033114563,0.34728283161794093,0.599942066582017,0.2434035038661197
2025-08-27,0.45253282680787094,0.5730428477272153,0.7537522336886463,0.23672824032814718,0.5615179151349099,0.48489735969684583,0.656184510736295,0.1909483664060736,0.5431101627015925,0.6263680125804634,0.2569993156501564,0.6441851481078724,0.3441929105230296,0.5843982930508894,0.2416649309356245
2025-08-28,0.44673322557629197,0.5716223696627041,0.7554796944045061,0.2341823493050308,0.5662421974101884,0.4833980298069125,0.6578398544613165,0.1874900911470108,0.5362886509589128,0.6266521504983302,0.25565927470451083,0.6368841193792386,0.34438782644010885,0.5782089561580311,0.24146692999108085
2025-08-29,0.4473696927940141,0.5704877948590873,0.7573307665241765,0.23541416315618474,0.566849859095239,0.4863929779814092,0.6636043972982171,0.20876805025168663,0.5383050318250043,0.6370575504753921,0.25864894510260195,0.6408189989707009,0.36235754614879545,0.5811223378965658,0.24775293874167503
2025-08-31,0.4472763042411171,0.5679778720580048,0.7633846007520732,0.2356597499576159,0.5668273529573611,0.4874128692355678,0.6654760580510992,0.20875813882848582,0.5381496287624719,0.6471680287091246,0.2595409104253596,0.6422976139663737,0.3633470088154556,0.5833167386664737,0.24784823488511687
2025-09-01,0.4486053777963169,0.5765799433643539,0.770678956272272,0.21552593400068346,0.5606640870772749,0.4887678849073007,0.665144732256221,0.2086784356958602,0.5366584690231622,0.6461843905797857,0.2683226935749975,0.6455803009727723,0.35512616810534003,0.5871403684751604,0.2163205921025742
2025-09-02,0.5133286307793619,0.6503909442515036,0.7642934595588807,0.25633223542283934,0.6347311932366839,0.4917920066479176,0.6982834948783091,0.22015721080191772,0.5381761574872016,0.6711233939642908,0.27240032474791726,0.6471373393699983,0.3788340795300903,0.6118846689750728,0.22040935812120196
2025-09-03,0.5282535322424566,0.653995204791206,0.7656998790526922,0.2343838062166964,0.6372221913282649,0.4691036309811164,0.7046910283279013,0.20597949136101165,0.5725202824848629,0.6659863518101834,0.26220119903200895,0.6600871926565632,0.345993769727718,0.6193666293529164,0.19602503086158904
2025-09-04,0.5289691337145142,0.650906667253148,0.7665701164094378,0.23858659592098813,0.6438003781779266,0.46538836406305517,0.7062612770449344,0.2133158995554535,0.5765857360733019,0.6614966184293634,0.24804529533269123,0.6686322699282236,0.3531482137989684,0.6303483171131131,0.18978794106032756
2025-09-05,0.5283052008307182,0.6424871370190272,0.7652770751487274,0.24260633858247366,0.6386284007352439,0.4497827850434871,0.7052986096091521,0.20991112484919486,0.5727148681982327,0.6516750628674582,0.2544018669246586,0.6644996193355236,0.354519016823213,0.6267806440234185,0.19408603959953574
2025-09-08,0.5239643923531456,0.6412443978978538,0.7620951642704865,0.2400722704751953,0.6398029093761886,0.4521842688654792,0.7061704871831186,0.21343299450829578,0.5648547711597123,0.6530756935702383,0.25296345451438024,0.6637909130241331,0.3561766120641787,0.6217419838848984,0.1917241458259228
2025-09-09,0.5181476231033273,0.638476362448544,0.7617073673392452,0.23703218489598896,0.6368858585812723,0.45062435953628116,0.6994446818765596,0.2092978205636802,0.5604733193233352,0.6594219755417446,0.24931210681224894,0.6604734228105217,0.35415893449817104,0.619257037858957,0.18875338151733798
2025-09-10,0.5126692496727947,0.6450326854918891,0.7541919076428099,0.2385177101146918,0.634259852128682,0.4486961625231519,0.6998220930021294,0.21064710258445343,0.559274602862475,0.6497546630040297,0.2484051540759211,0.672086880990139,0.35361635331818225,0.626088265963624,0.19498681695663092
2025-09-11,0.4751116137653241,0.576390481934177,0.6961648344688925,0.11747369451492788,0.6044072828483598,0.4005269216390134,0.7093154007737195,0.14967743104067524,0.5382999352096837,0.557017526174381,0.1268634501768614,0.6428988926526612,0.21490225488641643,0.6114905605369888,0.12652512803401855
2025-09-12,0.4709833138776804,0.5912461835026207,0.6900833950098434,0.13278349940114734,0.6085520423304747,0.4046470151259332,0.7081499599078651,0.15790095306300492,0.536823859776857,0.5665186905013997,0.1219832646442217,0.6479332817049971,0.23050957030126548,0.6113433780906672,0.13025798100042796
2025-09-15,0.46058632879836087,0.5899876768342076,0.6869896983649688,0.1448911323758673,0.6073191730573573,0.39465132616722187,0.7056142731227788,0.16752393665097604,0.5194692460118119,0.562517130216652,0.138002162273254,0.6460583928932428,0.2474359325852698,0.6049349717965435,0.14592928770064056
2025-09-16,0.4690344335963667,0.5904887260677286,0.6866889489215937,0.13779958001965087,0.608269354945321,0.40147794238230883,0.6992138392328565,0.176289990946116,0.5187999045797387,0.5654698272103984,0.10919322088582491,0.6503110562225963,0.24952659439523223,0.60531713935971,0.14575309959705007
2025-09-17,0.46713650294836084,0.6069390409866919,0.6769980267561194,0.13742977233283507,0.6076503624815922,0.41295701891481484,0.6951273168600961,0.17601667705346383,0.5180676080144353,0.588926509957512,0.11168429559513139,0.6617679232405035,0.24769732941746597,0.6003839959864173,0.14551201828753574
2025-09-18,0.47950830026503466,0.5937747554170123,0.680624450557334,0.14074767091417067,0.6124369491161592,0.3894977422112677,0.7205783503659847,0.18178666734859075,0.5345100187994484,0.556427109014251,0.10799726065438395,0.6450759385814971,0.2507400338140211,0.6073752385837318,0.14918323428200625
2025-09-19,0.47968843241866865,0.6023254010180171,0.6777824689887247,0.14095873984484852,0.6138040558644973,0.40786465105505926,0.722666556177485,0.18074218171230882,0.5321194806652969,0.5625865484403184,0.11309246690197162,0.668616018411363,0.25029800949653375,0.608491584006983,0.1482251806887418
2025-09-22,0.4873191247533938,0.594676855323849,0.6764112643924926,0.14219277504905684,0.606863103309082,0.4116113302906416,0.715788114922826,0.18077182375495984,0.5284964069181318,0.5519335204710446,0.11320766360102666,0.6566540423239596,0.2486219640856287,0.6107288902311555,0.14731307006228844
2025-09-23,0.4853535635889636,0.5841388558785799,0.6741837723517886,0.13843608365833449,0.6038563579803659,0.3967109970891616,0.7144322350624613,0.1774729459272762,0.5253020436094437,0.5400670572044989,0.10763726379989204,0.6473728606622164,0.24450995473572898,0.6065821122216656,0.14267467320693855
2025-09-24,0.4559523136923479,0.5604058514933189,0.6533870208092266,0.13141041450539998,0.5822739400127083,0.36973284852377397,0.6964473171847201,0.17176724892278797,0.5055005676908898,0.5111104472432582,0.1010324450307487,0.6471083126904635,0.24080291154585692,0.5818389679986257,0.13657511002324313
2025-09-25,0.4667106960873383,0.5676431314653966,0.6546319001994038,0.13583557199481683,0.5896347509095382,0.3680151582765369,0.6883746711191998,0.1792972712436336,0.503829671583565,0.5018906630339799,0.10789385972911782,0.650396591997724,0.24334283095369302,0.5722943101030344,0.14335952401724417
2025-09-26,0.4740545390391922,0.5312294846272286,0.6347825471998374,0.12206460483937695,0.6045313830174961,0.3242968206873895,0.6692933611821732,0.16931089318034154,0.5053567824677953,0.5084891263583523,0.11554621593131799,0.6289178693462746,0.24079701296903983,0.5790331587251957,0.146273653403643
2025-09-29,0.4908945684206268,0.5097452447260582,0.6282238369864559,0.08342361029863125,0.5917894937130711,0.3306217888255169,0.6722775099908953,0.19720839999800543,0.5245910682073647,0.5150147619518902,0.09746223679051189,0.6225674602786077,0.2404191482398783,0.58137802202638,0.10979888823150817
2025-09-30,0.48731094821822013,0.5061987226163521,0.6301805025320084,0.08387155580278223,0.590175182365185,0.33205797179030916,0.666728594633151,0.19516974169089252,0.5234333376861001,0.5110461468438069,0.09541291116162266,0.6246579250018811,0.24244062735761177,0.5710585407903782,0.1083084442515713
2025-10-01,0.4788977788882348,0.5031030408357922,0.6243588485767243,0.07416381799950533,0.5707088794447405,0.32597966287830515,0.6680660208678386,0.19436653383796543,0.5391208301284753,0.5049183870591664,0.08472766621938568,0.6062093939950116,0.2345065774419683,0.5659591183357482,0.086908336457822
2025-10-02,0.48722158871071874,0.5115887102316098,0.6306570461682712,0.07891335370663483,0.5558962218667252,0.34023996341280816,0.6751405941462951,0.1987326969764515,0.521494777968889,0.5165502826459465,0.09059366349969625,0.5851708755437041,0.2385046178759216,0.545163252369134,0.08258467454956382
2025-10-03,0.4887945213836046,0.4953338970659409,0.6258079179164168,0.125868693758234,0.5436710676992226,0.34164766464127755,0.675891702697046,0.21410244441658627,0.5246129748420684,0.5088555921681186,0.15727962468958748,0.5687554697596268,0.27602281424689634,0.5386206673239298,0.13519094208425336
2025-10-06,0.49186670174847746,0.48875487627080266,0.6093471972830008,0.1738605431563454,0.5357650264457703,0.3392878321796335,0.671573452439987,0.22871707187901907,0.519422867026726,0.5014531576169907,0.18105943632333368,0.5645544913282398,0.3181427982101199,0.5345345354135866,0.15688717774762903
2025-10-07,0.4830660943822313,0.4775158735439298,0.5919349053212682,0.1665477504671806,0.5255143374357284,0.33455304300760785,0.670454291359065,0.228105676053691,0.5172220275639339,0.4929109489846156,0.1773184727014738,0.5526195887441727,0.3179298449847529,0.5263389604702069,0.15277784579377734
2025-10-08,0.4862460540429649,0.4769104934259889,0.617099069479942,0.16875628171157672,0.5211157441600034,0.33120105250038984,0.6794489903289045,0.23618648869665987,0.5217755362033666,0.49348004594318134,0.1718198521598303,0.5428245356932563,0.33325878998611436,0.5466502469760831,0.16931299517359918
2025-10-09,0.4858730665100055,0.4599470408854479,0.6248738386338183,0.14562046448489824,0.5491388585463345,0.3219271313186835,0.6793670658018813,0.2450099341986859,0.5179684750060902,0.48910554405781487,0.14326510777467147,0.5556568807239004,0.32967833777548816,0.5451894144381773,0.14714854547206643
2025-10-10,0.4656308285283363,0.45318709777343913,0.5803230604702868,0.1389706262400434,0.542495375098537,0.33312337952291077,0.698014946995161,0.26293553092715793,0.5227926680697924,0.4927536206870546,0.1529313060027443,0.559209369372413,0.34962356831770486,0.5438139492119716,0.15595700574700333
2025-10-13,0.43935698795732214,0.48134436817600623,0.5492935263321594,0.1498152405461141,0.5440912652727815,0.3201606319038591,0.7025795708167721,0.26048783097905864,0.527081988399248,0.4634005623621604,0.14953568246454738,0.5454653246614779,0.33916035275856926,0.5373151089662289,0.1473284480361361
2025-10-14,0.44189323807038555,0.4907902174209721,0.5524855639499636,0.15056427949291723,0.5520614057727325,0.3235458204106679,0.7022468825327456,0.2624834458667748,0.5260096953789631,0.467055060254426,0.14994376877841703,0.5548793988011573,0.34117411274785076,0.5373817037347214,0.1506155298852743
2025-10-15,0.44595886824960856,0.47815159379472477,0.5392503307545573,0.1798519436949122,0.5120149797200867,0.32959081975298776,0.7029277229736195,0.2777486239773602,0.5312767738974782,0.448340831234952,0.19122536730647152,0.4979547912392602,0.3518628250535168,0.51716957234018,0.15636603547866262
2025-10-16,0.43840650111837937,0.4728597261383062,0.5395908540314465,0.1806904617937797,0.5217655570047919,0.31609371272325926,0.6962687518231374,0.26553050962627966,0.5109380732662786,0.4390685430544012,0.17867037833895344,0.4785071177767405,0.3465300692750237,0.5110117176594279,0.1424165019306913
2025-10-17,0.4489885630400556,0.4828974822851956,0.5471189891528563,0.1893829210581919,0.5344173048998841,0.3271347592836566,0.7009450144658294,0.27168672141537564,0.5238467038211196,0.4481412710688094,0.1875148319513827,0.4945231590399191,0.35218848059513397,0.521483353568079,0.15903025684641955
2025-10-20,0.46604058537486487,0.5029180466567909,0.5623146708624428,0.19334220229157864,0.5375656869514659,0.3676208762776124,0.7205762261041644,0.2747510068512051,0.5158245841355802,0.4812165814230314,0.19382496269587773,0.5033291995769348,0.3524496127712304,0.5240183086691381,0.1595444899092106
2025-10-21,0.4671564048720623,0.5044594710508189,0.5676907858238993,0.19684904951372878,0.5020333663786565,0.37030735856099584,0.7183821944407838,0.27361844767730387,0.49523254911212067,0.48581758156724236,0.1965900403722864,0.48248975240321895,0.35290826262065245,0.4862642301349999,0.14274090191750763
2025-10-22,0.4651355274781071,0.5070906704630477,0.5626975115015254,0.19646715017336033,0.5044378143867292,0.35371186652319037,0.7159843330608316,0.2639598765887556,0.473530897114033,0.474110061639194,0.18866284236315237,0.4703485933005215,0.3440056177043229,0.4644807327726884,0.13636773849785455
2025-10-23,0.4682278558358263,0.5064035180956856,0.5617546100982633,0.1928103938642297,0.49445741986278946,0.3559413766428527,0.7198212277312247,0.2674318876507988,0.47456490461424305,0.47371414669781436,0.18770302398043745,0.46561927765271527,0.34265967936361236,0.45974049592444344,0.14278101756930694
2025-10-24,0.4662823456381375,0.5094206752475088,0.5635015665493086,0.1938562976146149,0.49173178098644954,0.35374392004664124,0.7159689443514925,0.26709440759582936,0.4760166412881845,0.47885849867955727,0.18928541842694213,0.45898658438514767,0.3435095267592873,0.45596034853398876,0.1418478760404603
2025-10-27,0.4617865158466539,0.5011247206816646,0.5607573280886037,0.19103781825158758,0.46793453738703455,0.32171238539443625,0.7044138546093972,0.2602757627419846,0.412848600533894,0.4536988283000158,0.17232536855802863,0.4231990947812832,0.3371030277097462,0.39787559906752457,0.09892924244111358
2025-10-28,0.4828807935223596,0.49809452436873397,0.5648954511288589,0.19303147336585572,0.46343992174248544,0.3308512170784077,0.7098924337453835,0.2594567891683968,0.41492148967257636,0.4551178711499044,0.16750240021092178,0.40216869611092765,0.3352628970739831,0.39118957890298056,0.10297951412938018
2025-10-29,0.4802598004824942,0.4908401894649499,0.5644287139964059,0.19194998240068306,0.462865806162609,0.32391246799014495,0.7095357377952479,0.258425455794891,0.40608050915030125,0.4489431727016997,0.1665724900624074,0.4155131118121602,0.3343487802485878,0.38112820500739014,0.10385963873637148
2025-10-30,0.4699259567118787,0.49073192432450174,0.5605211196174952,0.1945073188007165,0.4591244474317744,0.324540053718739,0.7108096420603454,0.270777583741759,0.41926227263828947,0.44807286052605827,0.16688786107894446,0.4108821780197783,0.3374448557827813,0.3807747608326052,0.10683609346227883
2025-10-31,0.4723010439509432,0.4915256408833781,0.5707037713526735,0.19415358594038803,0.45583018741272074,0.3190682413953312,0.7037701349733307,0.2731168296901538,0.4397477556986119,0.4508443585869349,0.1654164744392052,0.4149032551657067,0.3390259114509294,0.4060594124367384,0.10853993329110735
2025-11-03,0.4699754476417734,0.4905045440890469,0.5709582008251759,0.19679146537174452,0.45449563505846147,0.31920199437416247,0.7048994346731875,0.2721096342096865,0.4361781570640078,0.4514670354216945,0.16394317938382708,0.4124652532973341,0.33653610233031556,0.40453711238399814,0.11245865514201075
2025-11-04,0.4705823438526264,0.4922091983821689,0.569712489265697,0.19861539074196521,0.4517388971491395,0.3168476737466125,0.701775816004986,0.2739883791170661,0.4364463797570975,0.45692045306638646,0.16783422881637108,0.4251736733897499,0.34036434622877293,0.4292169925240795,0.12283146623066289
2025-11-05,0.4663999146562028,0.4892630842618254,0.5637348648487295,0.19408648478313814,0.4406550682936043,0.31481432585715796,0.7007074183951766,0.27196815860697754,0.4344708871767427,0.45400263340839836,0.16562099751375314,0.4235272073425444,0.33638102211682136,0.4101811505732267,0.11540385298581447
2025-11-06,0.4822222521918626,0.45432586824979265,0.5820402645766901,0.19441383444107183,0.4205003256921882,0.29471223891774906,0.7024476370851791,0.27364464871632116,0.41806226669595153,0.4093830731713015,0.16131297356372207,0.4308442058823447,0.33321456106674496,0.3786615772177285,0.11342287774857113
2025-11-07,0.4893541198983718,0.4744919988799588,0.605766111919436,0.20114479959369985,0.4540202142262278,0.30908631537050757,0.7076646998864642,0.27716740792800204,0.4334452415540135,0.43066216200058133,0.16817195943948784,0.4511667801881793,0.3365004550414972,0.41380771740105515,0.12367751648449744
2025-11-10,0.5219196931222401,0.4954695274198435,0.6333588496469024,0.2241719488139751,0.4967864776282435,0.33074032288622374,0.7229475391118432,0.2724047047111152,0.4652705849288121,0.45017352754512674,0.16894850193738722,0.4705302921216733,0.33729010201954474,0.4535255958028712,0.11816764206466902
2025-11-11,0.5158873324006904,0.498538447937746,0.637298313549671,0.23911756277918916,0.4956585207498713,0.3565839079700846,0.7399783829112512,0.31609843269508225,0.4577272303599162,0.4474134952283702,0.15582352828894208,0.4742474804036449,0.33354510968958134,0.4575549748673588,0.1321832851614957
2025-11-12,0.5211313570516153,0.49357134406171604,0.6376260934618732,0.2410021218387752,0.501308116806481,0.3497208342524103,0.738458473868878,0.3180686960814578,0.46737115357002684,0.44441570217870513,0.15276754194045528,0.46452279162729476,0.332451572311902,0.45527243058219163,0.1338561831831906
2025-11-13,0.5330620457391422,0.49557953025473506,0.6482247333867108,0.24474039227257885,0.5028874917231244,0.3535245526028719,0.7399657046272653,0.3214872920031129,0.4627840885704125,0.4472827747264079,0.15466145816207635,0.4658462351832784,0.33486715010665485,0.4526358613924919,0.13472826726391648
2025-11-14,0.5431916146039092,0.5155009636454414,0.6399675667563418,0.25982141459118885,0.5248744363388582,0.3708147973933331,0.7366761545741689,0.32999626733731086,0.4741154298423134,0.4439032610500837,0.17351896139398365,0.49273450376032724,0.3347368443069722,0.44499909083017114,0.15441284281352322
2025-11-17,0.529690826682036,0.512153471439129,0.6200183639614741,0.24521830479836182,0.5225050364397152,0.36886278000403033,0.7467340673980586,0.3486190593645146,0.4710708929836351,0.43696721625590373,0.16422390477616097,0.49191436648167436,0.322514987486478,0.4405837263946373,0.1510088493661131
2025-11-18,0.5666311372781333,0.5505632488478387,0.6490774723468073,0.27254183651364183,0.551246814696795,0.41825112834591294,0.7595268398929493,0.3343543742755584,0.5063770252438832,0.48016666687161735,0.19551363357843282,0.5230795173016426,0.3194419233211047,0.47504254208010205,0.17891946255561286
2025-11-19,0.5539295012657294,0.5505835229434004,0.6402740041730062,0.2520116274128723,0.5614295625511992,0.4335970735660058,0.7515489779632768,0.29713961716064224,0.4936478162311838,0.49553113396357684,0.2183063592218338,0.5264855723026208,0.28353242246563093,0.46574291039694127,0.15211844292569568
2025-11-20,0.5531536930132713,0.5532294386147857,0.6226665890993245,0.2598986999634408,0.559238884385701,0.4347519657415157,0.74878600164533,0.2990476355761488,0.4972185654488186,0.49134589052057287,0.21905496674241604,0.5296991258252292,0.29377570700327743,0.46435627545015146,0.17298689945798199
2025-11-21,0.5633204132009022,0.5706613700506769,0.611352972062789,0.26806689581648124,0.5947376349784665,0.44924254983806977,0.7500287463090134,0.3060287138971461,0.513631135477794,0.494580514672965,0.2266503611318604,0.5471652636448027,0.2970132179046657,0.46478458731870215,0.18416865269292026
2025-11-24,0.5569818011433185,0.5758791987380161,0.6127866862242517,0.2763599806849673,0.5809784762976213,0.44945197876694104,0.7460227674339591,0.3102274777320763,0.5051427814393926,0.49929601907213916,0.23177908220014787,0.5437759697371157,0.3039683725479025,0.45297562453528856,0.18547430123063938
2025-11-25,0.5629827708498726,0.5888297377128354,0.6131800129434172,0.2771976874721103,0.5831800136924953,0.43574732611969175,0.7501050765427356,0.30733521410203624,0.4955280857924088,0.5026766845714867,0.22801595612342546,0.5380262341890188,0.3030269201497586,0.4487478827031368,0.18208378449236165
2025-11-26,0.5739229652386136,0.5941959371679446,0.617946556937984,0.2755359751244371,0.5941543987189598,0.443862654221862,0.7497947429480988,0.3084293085007298,0.5086798017196715,0.5064585590906756,0.229857925357479,0.5442448331533764,0.306461515199289,0.4537275475389674,0.1873085093326834
2025-11-27,0.5751726018283152,0.5994396244216083,0.6184898159504524,0.2752146038253271,0.5955416725902791,0.44421552463885633,0.7491343959615154,0.3076646832392113,0.5083773124551942,0.5072204702908519,0.22934703902881512,0.5441389346535832,0.3032859250496272,0.455541490672874,0.18449690416034778
2025-11-28,0.582906933128679,0.593317332737883,0.6130734528891871,0.2666624609299173,0.6023515260547277,0.4504713516950574,0.7586248353873638,0.3132061031245912,0.5085765269068645,0.4979743060973988,0.21889248637945297,0.5491605001146389,0.29523820485360186,0.46337322475543824,0.18904187019368093
2025-11-30,0.5801924695315562,0.5929295597481328,0.6119588208347937,0.2662181233396505,0.6000587300535125,0.44957730492311554,0.758145600432733,0.3129382003256445,0.5057672059457271,0.4972843935605706,0.21857891006591584,0.5485737937750932,0.294848905375674,0.46172822509229644,0.1884079012503164
2025-12-01,0.580007794843796,0.5943826565673871,0.6110156473038727,0.26636461304078185,0.6043689673008822,0.44905386435040207,0.7578340846526554,0.3134397679905639,0.506685348153167,0.49651356922222256,0.22033352338715972,0.5443328955117378,0.29529636091869904,0.46163482481680657,0.19152735947121188
2025-12-02,0.6159655111664128,0.6138426511348297,0.6189585283148356,0.2644414059733364,0.6030882229930459,0.44056434708100994,0.7663971757188124,0.3262215575217705,0.5216793759811331,0.4986492403196635,0.22673788299840672,0.5458397149564399,0.2971978604517849,0.46128847067941275,0.18964239295720978
2025-12-03,0.5266769343066093,0.5524723549739029,0.5135432255793021,0.26537601557816937,0.546218560743232,0.3584939647092003,0.7194147552361704,0.3283579885514277,0.45898109840037593,0.41579006783488526,0.21676626931786505,0.49590665164352865,0.29999948772146945,0.3832290964901454,0.1787519500885299
2025-12-04,0.5117753672327292,0.5522628941321905,0.5074659199509519,0.2674827714414994,0.5324194398007789,0.35669883278280146,0.7197116523854056,0.33492262515730303,0.4345801698894538,0.4130926731276241,0.2166204364688144,0.4964454110361674,0.30068830136045327,0.37439028111501765,0.1812603517323179
2025-12-05,0.5114227443219459,0.5559849920233995,0.5178509932498128,0.266467400029273,0.5382140543421328,0.36185705553452774,0.715403924463009,0.3363779428546684,0.4363599868140238,0.43602103634173967,0.21281004034259893,0.491668334908502,0.30569203381550264,0.4068656713532084,0.17601936687494185
2025-12-08,0.5249972636421056,0.543197032713907,0.5189334722421728,0.2735179722840924,0.5444325546061544,0.36741887049269956,0.7173472602604994,0.3363060763734979,0.43581375341291384,0.4340622522101883,0.217247611299382,0.4987880556931477,0.306834790181135,0.4069593745972794,0.17717484631434066
2025-12-09,0.5149974314002963,0.5316352306618358,0.5137030152977129,0.2710218663237889,0.5322632048847857,0.34554302435222395,0.7151176574425957,0.334579793481404,0.41792080738481135,0.42615045430876775,0.21453284095611302,0.4742485868467423,0.30475207587818126,0.39818866405966097,0.17158974255829645
2025-12-10,0.5193438589993109,0.522812004336187,0.5157891996779498,0.27287546600158763,0.5269410089608019,0.34348596700418793,0.7152836803947109,0.33575128878339744,0.4134010352613954,0.42431824707729326,0.21093774126435266,0.47855976530249156,0.3052790378478994,0.39527576728296826,0.16811293815052097
2025-12-11,0.5045356957177647,0.5303666524691915,0.5219751544697582,0.2684598550730525,0.5192416064987276,0.3212436793063795,0.696006887476589,0.3374498381408825,0.4155214936662791,0.4338789973967834,0.20842862285057814,0.46608911505712525,0.3045186608174059,0.38846670102094966,0.16676097895470546
2025-12-12,0.495713784270245,0.5321621428316219,0.5113632238902778,0.26940131478732837,0.5226857803908186,0.3071051921300901,0.6991413056214313,0.33533205869489974,0.4002283477656111,0.41614560252284993,0.20936740343743596,0.47436879982409536,0.30273232615292867,0.372381426230338,0.16628185605545498
2025-12-15,0.47090648139054375,0.5356221877034425,0.514685177727157,0.26214206108337895,0.5334176672231394,0.29382193408220014,0.6877845804761309,0.3337047315560801,0.38047496041191037,0.4190550869173236,0.20566302777209863,0.47995955028697784,0.2992290735942073,0.37866528541307604,0.16089942145390485
2025-12-16,0.47623077318458296,0.5411427347126926,0.5180668457390806,0.25927097833141505,0.5375201718509163,0.3107106023340569,0.6933329357287857,0.3294510396723091,0.38868292732332105,0.42656860943768643,0.19976440412196905,0.4887503584774024,0.2964493160430313,0.38400852771094635,0.1581911907938056
2025-12-17,0.4736524879159965,0.5382954063613982,0.516822033473909,0.2592681036213949,0.5364493179718574,0.2902552579770879,0.692414149851258,0.3275741371462434,0.3714056917907754,0.4195427991315073,0.19792194535553823,0.49725684988646957,0.29630038705811074,0.3794774448009607,0.1573503611310121
2025-12-18,0.4673834736528501,0.5384868370596075,0.5137952873918944,0.25896530795202116,0.5380028720088236,0.2725261026351165,0.6961557818155885,0.32721931060628595,0.3659862531159896,0.41054751052433,0.19606081654248403,0.493905972368974,0.29682668349102115,0.379640530644878,0.15790499895726276
2025-12-19,0.4737108570782104,0.5429392740263128,0.5131715285470432,0.2576015447176131,0.5449017561849181,0.27585868185491474,0.7025243150196082,0.3311700752532535,0.3642279655570544,0.410932532096091,0.19556563972502367,0.49918370440104454,0.29652411861212163,0.38177358155755076,0.15884980339371277
2025-12-22,0.469331016707337,0.5389810235009365,0.5029118978416626,0.2534436385623964,0.5456282670611715,0.2792212665802482,0.7029014600927624,0.3289412381190638,0.3563400438515721,0.40895583241577865,0.1938317724537067,0.4842664889442576,0.292405836453324,0.3836285076626364,0.15691434860812498
2025-12-23,0.4715409836129887,0.5439639138336948,0.4996345175994311,0.24893032199029747,0.5456806282734805,0.2783098802886091,0.7031920593102422,0.346021296692039,0.35719232173206494,0.41070275644447174,0.21544062694293295,0.48666332267011236,0.29176516756461385,0.38159981108901625,0.15684617191045802
2025-12-24,0.471685999959503,0.5445022184116647,0.5020851556459648,0.26765046972975237,0.5465562547226731,0.27574896403644467,0.7021494674957676,0.38611488750229733,0.36012070679714636,0.40531935014323717,0.25243969714983444,0.4907330321982213,0.35847791272238816,0.3897877717358409,0.15340419503382147
2025-12-26,0.4862896274230264,0.5408269466355504,0.4983057933383971,0.269410980508565,0.5424588801501843,0.3060865253285605,0.7180920428806579,0.3877193440214715,0.38201390614757486,0.3980237917657594,0.25920382127735875,0.4784804906195775,0.35980690811201077,0.3832065082867208,0.15624698070261256
2025-12-29,0.4928856552887781,0.5414598727260017,0.49813816698018587,0.270919226222724,0.5362164554911365,0.28746576356970927,0.7166850089230368,0.3894230507271202,0.3756682989554723,0.37820908190280855,0.26098962732245023,0.44231310998623297,0.3579284943899949,0.38077005465500147,0.15069211841445485
2025-12-30,0.49614920810751645,0.569385877686346,0.49150417325731494,0.2721563130602043,0.552754888128071,0.2956216647203103,0.7204318756093426,0.38801361906432774,0.37620613971352035,0.40410227107363494,0.2645570926432668,0.43485314455318014,0.3598301895536029,0.39605034887124857,0.15186145686988117
2025-12-31,0.49753158982831613,0.5695518519602575,0.4921664001660338,0.2722570548847066,0.5477960889678424,0.29534530754286864,0.7205507084626469,0.38829429331363724,0.3798300945298761,0.4036930110493911,0.2640086199555501,0.43854449922647887,0.360010561611018,0.39829270670177425,0.15024080495014358
2026-01-02,0.49299583805121155,0.5647041844038668,0.4914575611936219,0.2761042304351082,0.5438754386054365,0.301350346280963,0.7108795113296089,0.35464884097054733,0.3850881347383556,0.3982680432266034,0.24899556837658696,0.4439791241998601,0.3349914332501502,0.39403500374576295,0.13106062609723507
2026-01-05,0.4910917384649389,0.5631659185759688,0.48271078925614846,0.2779345027625444,0.5445493296932792,0.3199380528373577,0.721599699100739,0.3733602624093459,0.39256505216431964,0.4198100693607449,0.26753521246570305,0.4500071474241636,0.36226336888478855,0.4009517464043565,0.14260341513864513
2026-01-06,0.49109733673841277,0.5615153450946453,0.4835050884534084,0.30130090621437305,0.544553901557177,0.3153328591051239,0.717326810118917,0.39189221575790845,0.39091892012116125,0.4317985344884207,0.27764923713740536,0.4688629515621112,0.394515575516756,0.41199511334907024,0.18711839911631514
2026-01-07,0.47313731824746363,0.5540420178751642,0.4707029845445863,0.29346011556023005,0.5415772556025376,0.30680667423120733,0.703167893182953,0.37008165645918817,0.3851340133180139,0.4250593971448151,0.2669306383942269,0.4649763383779663,0.3797538396755636,0.40745883293438084,0.1814020521190097
2026-01-08,0.47264768449641875,0.5569380100514205,0.4703455501849958,0.35886283864533336,0.5410439443793047,0.3114717426741915,0.702650600322652,0.4495165790799752,0.3841573416182583,0.4312490193401049,0.2997248867124257,0.46701812659832104,0.4685037600655747,0.40641992725286685,0.231799121737393
2026-01-09,0.47601495554251333,0.5588756868653796,0.4725190585758716,0.37327927604982164,0.5492600437048407,0.3053956110542773,0.7062200567322343,0.47363872094111303,0.4023054401911225,0.4334599553233613,0.3601481712695192,0.4608851208102168,0.48197646573914893,0.42112762832201395,0.2831134600290362
2026-01-12,0.47457060312362687,0.563977404035833,0.472143273492953,0.3784066576666368,0.5410722740951742,0.3218794909621048,0.7063183645380958,0.49538777610729046,0.4062586952651441,0.4403677416246271,0.3494469335534005,0.4626560636509595,0.49110120608588226,0.4180776193191649,0.28558152687293487
2026-01-13,0.48501142767890104,0.5636675537427113,0.47735838341092296,0.38324493916055463,0.5356620524414422,0.3267867965745978,0.7035827163943279,0.4928277228891874,0.4147969325115979,0.4416514727428279,0.3513638046096882,0.4609666442050111,0.48903401836359783,0.41467124388333865,0.28722942145889735
2026-01-14,0.48959066825198827,0.55220552146322,0.4882294863852891,0.38005119132591353,0.529221470597195,0.3220719058496304,0.7050968254552322,0.491229317890787,0.4122189896432833,0.4234180819360422,0.35327356982410135,0.4634716576352838,0.4825392780838898,0.40644982968680904,0.2871886149873913
2026-01-15,0.4995324195741805,0.5504836691795355,0.5102107756564562,0.37418112423341643,0.5244547552045757,0.32991709358656335,0.7041925633076511,0.49043213490656407,0.4104735313133135,0.4376367967436421,0.35012533975691157,0.4619877965060753,0.4755979671444345,0.398281918107905,0.287194621856413
2026-01-16,0.5022796969747465,0.5524039031149198,0.5128969789723103,0.373241806740813,0.5282096308326318,0.33633802391464007,0.7047746037332127,0.4886215837564709,0.41118299431973904,0.44354555106567506,0.3508222143804999,0.47030879864897107,0.47310543646342257,0.4005090463700297,0.28449095591086365
2026-01-19,0.49062425236402335,0.5495963796305305,0.5086687638200441,0.3700528576554563,0.5240358657836118,0.32311445051282633,0.7146392446001795,0.5046944346306702,0.38256271700784933,0.435639167182375,0.34435689077186643,0.46785741379502593,0.4859184934498971,0.38396027993920956,0.2707934332682565
2026-01-20,0.5034334413646112,0.5598904276263181,0.5128669420529043,0.3863766988659689,0.5348342333930982,0.3418885702044283,0.7210908459734185,0.5062364712337971,0.4066975992071847,0.44492848168406907,0.358218995504111,0.47652020726319216,0.490822069719763,0.39549593582282844,0.2881796447049613
2026-01-21,0.4996228143348059,0.5589942348987879,0.5120568746528742,0.3860876504611858,0.529713434388306,0.34159294755541547,0.7327717065671746,0.5190413468986805,0.40303247709574547,0.44410338612003125,0.35655859865863604,0.4719571589607186,0.4901345118084486,0.39294531095058793,0.2920151558014453
2026-01-22,0.5047485692771472,0.5809917933565182,0.525778223534878,0.39598700657113045,0.5341748993563783,0.3600005457060966,0.742711587787262,0.5309229212974781,0.41839313462476674,0.4472456597460582,0.37380631371479345,0.49296277325908483,0.5048558253889305,0.41417381891880467,0.32274239241436636
2026-01-23,0.49407102690528104,0.5944242822420084,0.5165276576126192,0.3891953043756064,0.5280265877640553,0.3843420586888232,0.7279369104972709,0.5235622846798427,0.40411526528242436,0.47670997050903074,0.3838493883490488,0.5058369463865037,0.4979706143478084,0.40228880043669935,0.31568825092692543
2026-01-26,0.4931934860241444,0.5989235176179329,0.5212025748012783,0.3837683926637793,0.5174811343979177,0.3756145272416636,0.7272838076416551,0.5242661039884854,0.40309768756811504,0.4747759717698087,0.37087730945066494,0.4766423133582773,0.498228447732927,0.3968672122564498,0.3176492121896099
2026-01-27,0.48877682215567414,0.5993635992287125,0.5261488556678698,0.38146882113505437,0.5206248451968422,0.36680658623336876,0.7348188118374349,0.5270794456758008,0.4044037531894354,0.48397813565752495,0.36726112222501267,0.48344887725889196,0.4988780918210049,0.3937581153928378,0.3156277977518265
2026-01-28,0.4775633768389958,0.5918857107079333,0.5256953404897855,0.38014371611386727,0.512352003292548,0.3169003681912838,0.7172513652931923,0.5250557906669804,0.35354082762333383,0.48415860258508364,0.35024072186671396,0.5147957053825922,0.49659855094801053,0.3927031547417611,0.3004535854406373
2026-01-29,0.4843754089670667,0.5912818065435834,0.5330729430624629,0.38477011335017974,0.5105356292471057,0.31760367219219526,0.7134833044208816,0.5285737420228448,0.3525898298672399,0.4635074264943641,0.3486480766343624,0.5088786122422067,0.49243144658945154,0.3686700127099441,0.2969967725562235
2026-01-30,0.48732718786676243,0.5756083301192486,0.5399563107528867,0.37545296808732076,0.42870016993393517,0.2993271286273277,0.7177031177635584,0.5178207296548314,0.27010830351239545,0.46267202463331825,0.34352483064477113,0.4936665076526176,0.49466445163510103,0.32313691530771793,0.2786033290805802
2026-01-31,0.47798864728301294,0.6213532016249428,0.5521789932832819,0.38730569696188627,0.430901400340314,0.34144110038750297,0.7344552938468158,0.5337289296641604,0.2717714766155952,0.46212401853040125,0.33861926097622497,0.5075945333730622,0.49289655646746894,0.32424359893596005,0.28005418637573604
2026-02-02,0.4855141143275113,0.6093063639362806,0.5644835412042666,0.3857559708136148,0.412043684535014,0.31855216867089486,0.7415880590002825,0.5273670478148133,0.24926541704709948,0.42710501706182286,0.33484129580449823,0.5190285305465367,0.4855003368926536,0.30000622021768886,0.2785578105989502
2026-02-03,0.48706241468528355,0.5843683601289463,0.544036079434476,0.3822029026110403,0.40214990787356053,0.28898592288940655,0.7306736748543637,0.5214351146672199,0.23261098697207236,0.31903196976565196,0.3518098851121263,0.5457936593271608,0.43385194959697565,0.22609361999329966,0.29350298530558017
2026-02-04,0.5001254295585602,0.5898279116880542,0.5471315046080089,0.37800474894109737,0.40191771780800245,0.3015707355044965,0.732077774800428,0.522035539637657,0.21753183538289594,0.3243572904717539,0.3503628428358616,0.549896410399445,0.43301082539212377,0.22061805564019915,0.2940949941481508
2026-02-05,0.497762124431629,0.586150315035426,0.5436916922707872,0.3732674578343703,0.4263554543709175,0.29251345807701234,0.7283810552381279,0.5169347643922646,0.252914695339466,0.315166548048569,0.3440390262227681,0.5607656740325447,0.42727455730899466,0.24761582654703826,0.30322197378400967
2026-02-06,0.49682384061103757,0.5813985674544873,0.5440873002360843,0.37325054217995257,0.4264990210893169,0.27317305149217275,0.722945685932134,0.5025228297474137,0.2521016503890161,0.31207984713046594,0.3450500942981236,0.5580710301889608,0.4279054467119259,0.24779880159447432,0.30389881191310686
2026-02-09,0.4950681714821146,0.5811093237856424,0.5461567999189385,0.37386837779985427,0.42685257390985987,0.2808734946329717,0.7366016212701186,0.502693004067861,0.2508705407508047,0.31774817228143915,0.3491888796145258,0.5553502533281884,0.44020876518819735,0.24209038571768085,0.3063443822568469
2026-02-10,0.4923845430160689,0.5916336052611142,0.5605546666360198,0.3770814184348288,0.4341270092102504,0.27218584464585616,0.7276689443952464,0.5011442695737557,0.24660898117107052,0.32589019718217166,0.344435676593561,0.5589758282851428,0.4347916963786731,0.2477095344612211,0.3047341075127658
2026-02-11,0.49400258439313377,0.5917383336611381,0.5622930718443502,0.3918674478362202,0.4358034727557851,0.2750590339262173,0.7236650382362299,0.4995891337168975,0.23758073393916912,0.3289950152079087,0.3657811925290141,0.565577012107583,0.41505255643858446,0.2254498515157034,0.28683350431889904
2026-02-12,0.503489695745141,0.5888069656101077,0.5566481880490397,0.5224590186279386,0.43368571113386895,0.2790311151294403,0.7224699408521783,0.5467841916072993,0.24001953249511465,0.31789785068836124,0.4804338983279633,0.5646422447810956,0.48039648245979855,0.21775927419498586,0.3704869965734884
2026-02-13,0.5335752184396589,0.6140347944717223,0.5490828088944341,0.5790488110908435,0.4464805439821834,0.27447827966914223,0.6883778822954821,0.514881154716369,0.2368101171537561,0.2757998841837064,0.49748096711741574,0.5675367067006633,0.4033227749301872,0.19549320823582356,0.3781392361430652
2026-02-16,0.5555674316041856,0.6047818696082083,0.5758996309675005,0.5714011090692623,0.4514496300390925,0.2904204273806712,0.6862247618836423,0.5292020476854373,0.23882334991043203,0.2959755150114242,0.4886361578500206,0.5732523791637281,0.4196104032392129,0.19880897506925316,0.3794461268219051
2026-02-17,0.5480273500271631,0.5907895511271566,0.5744857648442486,0.5705812749481918,0.4479397022840848,0.2936793162539301,0.6838803128107552,0.5200071707351529,0.21855705550524063,0.2929349442595892,0.4757811252549768,0.5407076615036129,0.41722140208786657,0.19275280021147717,0.38081610455356585
2026-02-18,0.5568179357084792,0.5582454191526419,0.5821950984059634,0.5729981279699318,0.4779170744712185,0.2648316781961254,0.6892185900723907,0.531280859582399,0.25297837824872754,0.27518429875467626,0.44027597228905757,0.5250328216072344,0.43733222685023637,0.2187103118343213,0.4329850396459693
2026-02-19,0.5643176344996982,0.5649316073043865,0.5829783534513543,0.5725887610224003,0.4712541805160182,0.2619919074753701,0.6927779188116625,0.5297276570041682,0.268784649777976,0.2764603663407295,0.44166945036312877,0.5251859977506652,0.43516725707677245,0.2237541627594325,0.42237564694485225
2026-02-20,0.5496197905714739,0.557351989688706,0.5752188813255661,0.5649003085261458,0.46098087913234687,0.23095147793141757,0.6929974089150416,0.5173589135441161,0.2549093971990517,0.25693905503037423,0.42150326152175394,0.5082613329413511,0.42878892902646015,0.21456702819489895,0.3995700864494072
2026-02-23,0.5373772274428932,0.5419349438265573,0.5444551099986673,0.5568966908822399,0.45484768293472255,0.19507571622080974,0.6705142358748817,0.5053296248865934,0.2418324767236931,0.19252004342684825,0.4100202576687555,0.516709808887804,0.39093432422428387,0.16316947846171131,0.39978382141036495
2026-02-24,0.5388602946951803,0.5353926801529428,0.5255874109787023,0.5522459977565103,0.48308852928714313,0.1941005162034077,0.6622540644075275,0.5028955936289469,0.24691873738448036,0.19869506624630323,0.3929451999771516,0.5267872264593496,0.354516160187556,0.1686623188734087,0.42923502049234585
2026-02-25,0.5567105742363941,0.5363034765832906,0.5364911685402949,0.5495899142859636,0.4904639435379201,0.19436141060444279,0.6609518154742796,0.5084962916267177,0.26975606048681194,0.19872362707232463,0.3939764310891965,0.5268899251161778,0.3586120893707596,0.18328178799956613,0.42607087088658296
2026-02-26,0.5599194805083494,0.5204025136829848,0.535064623845632,0.5580206759690142,0.5010537983758477,0.19113610138180623,0.661717321941759,0.5052169460622723,0.2662227681236549,0.19747673735782686,0.4019894577060289,0.5095858202877428,0.36261733138798175,0.18248969342724947,0.4106781441335712
2026-02-27,0.5638512649541358,0.5324439330162845,0.5254066993843896,0.5659474859503887,0.49933453510322,0.20126755774927185,0.6645234077714783,0.5102261257937095,0.2660199090227837,0.18625272471678586,0.416185112838255,0.5039560440181861,0.3530708689376103,0.1869990204459384,0.4106314220426003
2026-02-28,0.5617089501330792,0.5358849418746782,0.5235480780196365,0.5691142154091092,0.5161200784182767,0.20506545304340193,0.6628308903925921,0.5083352331975793,0.2827423954015128,0.18901447557388673,0.43930038221365986,0.5049649186829739,0.3486798605773532,0.19974990998988384,0.46964316778574977
2026-03-02,0.49143933152462105,0.5201768013205753,0.527659659187936,0.4731219221134291,0.4816259338258969,0.23646675436519562,0.5868681138428313,0.5879181308967996,0.3390321134843881,0.17437980667442782,0.4680302201189109,0.530981128589694,0.27847331542098813,0.17625619406542448,0.5036640211518131
2026-03-03,0.4640631960195053,0.4687485361208147,0.5298415333272606,0.4475777467594421,0.4334353043115438,0.42360417343621676,0.5892456423085785,0.6729786605888343,0.5044533220158784,0.23280404912597194,0.5895429078253541,0.6631258506330187,0.31864572182866946,0.2351323634973231,0.618327349988539
2026-03-04,0.4773407189103524,0.46662697989035434,0.5375806886844497,0.4657155882482044,0.45185245755783726,0.41756282327236927,0.5996387214495024,0.6910963007098216,0.5271480971431276,0.23242641141520032,0.575227829812846,0.6550293969675115,0.3423340444699845,0.2583418391021222,0.6368196372325053
2026-03-05,0.4539324143822648,0.47226311433164203,0.5384254330626198,0.45608533859306144,0.43907993502538056,0.3906527815427568,0.5860718065999468,0.6914591608246997,0.5342850141786301,0.23498235518114843,0.5620148053253547,0.6367047866542765,0.33910252259537066,0.2532032420597327,0.6397175057914011
2026-03-06,0.46809332337232157,0.5114353089533193,0.5395293219036374,0.5028905861872104,0.47397967553387,0.407490829527054,0.5885697928825194,0.6933172955706105,0.5461719985118444,0.24480724550898159,0.6182061715413047,0.6660188926617449,0.3491885716420725,0.26443283634513964,0.6708628805453506
2026-03-09,0.47029094082106854,0.5135060375149597,0.5431287706617186,0.4412312466286086,0.4783169911714441,0.4115819693645453,0.5902219683443223,0.5967273450382411,0.548697887146697,0.24524725876491316,0.5957203043854801,0.6668045135247418,0.30613175235641316,0.2545397464725955,0.5816503775857058
2026-03-10,0.4978645162493646,0.5350019883622406,0.5474378304080255,0.4733583276703141,0.5053525567644271,0.45139196891544164,0.5883124141913165,0.6417035404628998,0.58954434704763,0.25831641041092873,0.6234866614368426,0.6888252825168091,0.3134339093634516,0.2681874082234806,0.6315441542632282
2026-03-11,0.48765886799132846,0.5539611960306021,0.5383567103806539,0.466868781756004,0.5105703327487519,0.45831764647788314,0.5758108966013802,0.6479198971232556,0.6039330701037171,0.2894107858894508,0.5994182340078553,0.6686924258336893,0.3095909175495467,0.2795362980291578,0.6386231369311697
2026-03-12,0.48651733309462025,0.5561594500168232,0.526478648007625,0.4777072140831434,0.5106704033640049,0.45961962589316896,0.5758790535782974,0.6428769647911545,0.6037309700978228,0.2883004672997439,0.6076696314775314,0.6727673464247661,0.32180928084508326,0.2759790266910969,0.649793344772595
2026-03-13,0.46149321820278255,0.544905187698613,0.49612168068333784,0.4659826820723552,0.49070564367150105,0.4512261457337231,0.5554370074197192,0.6413391572316001,0.5934572470893442,0.26955919810115253,0.608700682882444,0.6696922638002982,0.3126938330828968,0.2471978391707733,0.6506680943557334
2026-03-16,0.4661690275957723,0.533371353139423,0.4996856942311365,0.45679046977313004,0.4922331485917095,0.4394575665514233,0.55766785785794,0.6381467326443232,0.598794371484059,0.25381709930597923,0.6132277996376523,0.66122176208586,0.30048484559352884,0.2505532376615918,0.6434006922193228
2026-03-17,0.46030057318140144,0.5345440663271689,0.5001410016081381,0.4522626210894846,0.48770791037556416,0.44807288386444416,0.5604306958051481,0.6375317012854731,0.5975552453657649,0.25969249676193934,0.624635601219258,0.670531456416314,0.3042742588017903,0.2540664706699142,0.6484689623708612
2026-03-18,0.4571790620390356,0.5112560290444707,0.49489070472819163,0.4435645916803592,0.4978982854683439,0.43028657229177303,0.5583568563000244,0.6313712380760051,0.5997144505353583,0.23743398011313765,0.6232050125136935,0.6271057327637352,0.29449530488690745,0.26569762454776824,0.6308142371248743
2026-03-19,0.4733082547877385,0.5170077507440317,0.517957805486591,0.4599466139698499,0.4791592853028704,0.44660118478195593,0.5787136524849397,0.6535527703178834,0.5769566673755125,0.2622227609085897,0.6314279288988374,0.6120342501993303,0.33239247207831957,0.2627084727609446,0.5955658027584031
2026-03-20,0.4946096514148651,0.5197925537455323,0.5380198928044317,0.46532674321777584,0.4796134956063034,0.45121550962911294,0.5825608353033566,0.6716768209513864,0.5678715744559213,0.2694502489901678,0.6305806624958088,0.6113648038919407,0.34963035635769185,0.2633816512473606,0.5884236283570706
2026-03-23,0.4737483763692967,0.48121175889313295,0.5046723267934516,0.4141529567769705,0.4262636291860595,0.4102377390824135,0.5574432621790406,0.6066928172150626,0.5049198439943939,0.22901344899524734,0.6239658849522146,0.6024136525500589,0.32017106106410304,0.228384191766174,0.604860936249272
2026-03-24,0.4769897278215466,0.4932544452477278,0.5113218283139785,0.4117177715241641,0.41707342932259356,0.40659541103704727,0.5551712166556891,0.6063095388075291,0.5055883387645547,0.23322824828046312,0.6130989058194591,0.6035401580937294,0.31451864386544937,0.22738570658519752,0.6039685858923972
2026-03-25,0.4849988548769977,0.4981814960194253,0.5349553176631858,0.41339269968321346,0.4327123853165058,0.4245347271402405,0.5615099755756643,0.6154260167396979,0.5194074764108304,0.2470319369622909,0.6363095312249367,0.6290489260956863,0.327347997756984,0.23875701339668576,0.6260924883248724
2026-03-26,0.4882775640178045,0.4946085668526375,0.553182035259934,0.42947274813088,0.4163618641648145,0.420424139640063,0.5654669841776904,0.6227458441242055,0.5191717745712126,0.24624600880730646,0.6361111062861466,0.624585848188595,0.3343011633386906,0.2404667224198751,0.6308959234905698
2026-03-27,0.5010813135684584,0.500735878867987,0.5693273449101127,0.45253395202596436,0.42861037879516267,0.4270539731519346,0.5741907867447831,0.6292295138258523,0.5235936890074578,0.2580889770587362,0.6397383717966435,0.6292387132346705,0.36095014588736085,0.25321525893828606,0.6331966685927497
2026-03-30,0.49688677073564674,0.4968228767224453,0.5657526038193408,0.4506150656135525,0.4286703024036843,0.40670258573451235,0.5728976208763942,0.6119817753431724,0.5263712358379656,0.24132210788588354,0.6464861376713035,0.6187935623941686,0.3468836644734125,0.2554322767199117,0.6260511849985552
2026-03-31,0.4838693391618447,0.4785264260699945,0.5566848014871729,0.457933347230902,0.43428331316291013,0.3960210932230414,0.5675467346098724,0.6143591555395723,0.5222573249239303,0.23514150433326417,0.6337067413529235,0.5962713917188301,0.3431663232344385,0.2473267985587566,0.6305465865367138
2026-04-01,0.5111576026849923,0.49622610953444424,0.5790038110655457,0.4882707833313884,0.44657376745388105,0.4252535295365343,0.603315064094811,0.6563497840718246,0.529861710067348,0.27006204963428543,0.6478763255779958,0.6038073625130436,0.4059241603082947,0.26712040538173126,0.6321630862692978
2026-04-02,0.5117643077755716,0.49786730368184895,0.5784777398803687,0.48845232587556964,0.4468166401097465,0.42913394283102696,0.603608778039322,0.6574897170217628,0.5306847620330962,0.27263103688189944,0.6503829056105842,0.6048781187176709,0.4052941215160617,0.26677464301183434,0.6325955185587947
2026-04-03,0.5117643077755716,0.49786730368184895,0.5783901441345412,0.48845232587556964,0.4468166401097465,0.42913394283102696,0.6030393096580359,0.6574897170217628,0.5306847620330962,0.27236352056443414,0.6503829056105842,0.6048781187176709,0.40521578832694544,0.266350854950144,0.6325955185587947
2026-04-06,0.5120418267822224,0.4981426657734031,0.5796009718888091,0.48949503363834435,0.44664578829745627,0.4291148490535208,0.6029323034742251,0.6575522728318904,0.5306635209069727,0.27233955318526537,0.6504492516362906,0.6048620518064692,0.4051970603030662,0.26632705779295646,0.6327434940482877
2026-04-07,0.4965463041801334,0.49181351061883544,0.5650519555226128,0.49075891505144326,0.4433971796474773,0.42859766611228955,0.6070936140830895,0.6448820393929804,0.5316764807333765,0.2707608544995486,0.6468578460053683,0.6087553693089384,0.3953554070877064,0.26965528163575886,0.6304140373035229
2026-04-08,0.5669457396794741,0.5593096728527098,0.6179281127009002,0.5651447445670142,0.5147696826117927,0.5484001444238422,0.6621547775736427,0.7248821069655685,0.6209293350662186,0.37954271620737795,0.724259598729563,0.6805797586893894,0.48614829138938304,0.37004715349674283,0.7028199518109379
2026-04-09,0.5642308125565775,0.5495355713412883,0.6049312761316601,0.5625653826580724,0.5068155766703919,0.548255073460351,0.6595708359133162,0.7251305463487286,0.6204139834137461,0.3890809838430212,0.7227716523986067,0.6840857440377418,0.4855813730449426,0.3772095109317299,0.7021365287543417
2026-04-10,0.5678086034431339,0.5502486322939478,0.5995890595805148,0.5632044759290633,0.5005082991599165,0.5502641689239781,0.6633654573926621,0.7254999166130753,0.622003769214069,0.38568424438962523,0.7226275058090083,0.6809520030052573,0.48630711574316116,0.3705794797858611,0.7028035829969712
2026-04-13,0.5670295837222042,0.5472728941514101,0.5963266377894093,0.5624993324696486,0.5017694300727586,0.5513572808402749,0.6530088914808425,0.7259384732978164,0.6212126111285273,0.3678771024907085,0.7226177374301664,0.6743585465003112,0.47730330406552235,0.37036536153648825,0.7017270522392989
2026-04-14,0.5721658115487794,0.5511725512804756,0.6024797582748495,0.5687081624034356,0.5079244375069368,0.5554532620068747,0.658663606976279,0.7300453472653067,0.6262575274899977,0.3765520495861363,0.7250592747193634,0.6783241446162523,0.4909391025171589,0.38236729627921284,0.7062549679583704
2026-04-15,0.5523778438851391,0.5585776234866228,0.6093988690974078,0.5804010555076692,0.5103836877242593,0.54754197767632,0.6432119181777031,0.6985203388777195,0.6217900139937614,0.38320169486294836,0.7269006907948229,0.6785349322525309,0.5011510548644037,0.3849741030026275,0.701778514751122
2026-04-16,0.5634061248819687,0.5564428439292008,0.6065657322028767,0.5720502128357311,0.5112663459546007,0.5543083606310446,0.6440369862345845,0.6985583784916194,0.6225392160148573,0.3863636528496562,0.7118977552515653,0.6755132011553233,0.4767783372670869,0.3766171204723529,0.7016603660867569
2026-04-17,0.5755940384954793,0.5516016666761371,0.6188963721968904,0.5779414990870068,0.5147499265240791,0.5506007584095829,0.6460987135101607,0.7057566670123744,0.6321988718267884,0.3920317105858236,0.7074161086793217,0.6710048931420609,0.4850258086815018,0.38853151796221386,0.705667529022243
2026-04-20,0.5780324393178862,0.5516673906575204,0.6128807174954919,0.5856675772313186,0.5046789194149127,0.546585462589028,0.6513015483608559,0.7007462268646297,0.6400573032214468,0.38798104462992,0.7088975488011663,0.6664896896410933,0.48640602497614877,0.3860952112019281,0.7076716717734302
2026-04-21,0.5711221495456607,0.5487170375327155,0.6112917840407252,0.5781235736750034,0.49821528218613165,0.5354586343867463,0.6385897335381615,0.7046946667081176,0.640654854316708,0.3879938889747265,0.6960291506144066,0.656506350311678,0.4701617082576763,0.37504631477288203,0.7109267945390004
2026-04-22,0.5742355304808426,0.5499441635057304,0.608787034196701,0.5667152996804863,0.4988979712224727,0.5449352284291812,0.6360000790736214,0.6936177156269601,0.6471129448412644,0.3860452485808384,0.6799924977875101,0.6568736947263049,0.47224205973205813,0.3705763888214553,0.6901614913200027
2026-04-23,0.572069051614018,0.5346121207057918,0.6006756704203454,0.5617547300494572,0.4869490518807956,0.5523689542595803,0.6340499275196385,0.6953876260547293,0.650159378428056,0.3938963863447633,0.6803782747048281,0.65997517401495,0.472535075089982,0.3744048015401768,0.6897433508548644
2026-04-24,0.5723317055097306,0.5336749444306415,0.5972686574068288,0.5631820058947147,0.485949036837982,0.551452160386887,0.6314096779447528,0.6953660365863831,0.649796718781255,0.38682171294794976,0.6790192027209359,0.6598143866501875,0.4717669901345723,0.3700037261938186,0.6894895504090633
2026-04-27,0.5717624419507364,0.5374461775204213,0.5965815086839344,0.5632995574083342,0.48487642212117105,0.5468317870626273,0.6323669620697345,0.6947860584680619,0.6518238678079463,0.38872382188346993,0.6799571921433674,0.6630873398175269,0.4717875116724967,0.3692235483797964,0.6898965359302562
2026-04-28,0.5722827510174541,0.5375203344362104,0.5984699782421137,0.5634046318209429,0.48511304452844634,0.5477881482533661,0.6336659620100603,0.6954074569590858,0.652361667023967,0.3941527831209939,0.6808665739209704,0.6655736331714751,0.4750730836422558,0.3746586154238178,0.6907505829249727
2026-04-29,0.5716729741133966,0.5370873150358236,0.5989844669916664,0.5625750598226917,0.48445192208155136,0.5480049429798041,0.6329545899356693,0.695654759487206,0.6526302015041401,0.3937242469175695,0.6810130654482799,0.6657404361957333,0.47404792389466144,0.3737915156424553,0.6910567246680407
2026-04-30,0.5615827843162319,0.5386305636936684,0.5966006452722482,0.562315285114353,0.48390478964059924,0.5338327749325239,0.6327391172447647,0.6900159265018116,0.6482213230449364,0.3899603870441676,0.6796276538300902,0.6637918291801167,0.4736847585007755,0.37381143489605095,0.6910372472372641
2026-05-01,0.5641367484901295,0.5321988659966964,0.6063816243362955,0.556522287354239,0.48229603028468077,0.5360885801372625,0.6337766744182409,0.6888509079714679,0.647666495695801,0.39027863203325697,0.6810439551863576,0.675614677955689,0.46892016299936773,0.36830428433484386,0.6937775880486942
2026-05-04,0.5555299757130606,0.5214580787300303,0.6007224461254713,0.5561450169548192,0.48188276615925074,0.4810769348311628,0.5931704395969032,0.6696962994686226,0.6287787704416323,0.3964710151380897,0.6746623830442016,0.6701766991346159,0.4670982654579079,0.367309330110927,0.6937633977201663
2026-05-05,0.55398663099797,0.5205242201523393,0.6009870945196722,0.5567017544248727,0.4835344059908244,0.4717028986133458,0.5884112430973507,0.6652460757130598,0.6279254351391105,0.39626102522894957,0.6739579391393931,0.6685885733714902,0.4674135332210502,0.3687808065700487,0.695014066907026
2026-05-06,0.5511177743445724,0.5212955055578068,0.6020942128554475,0.5577490382946436,0.4853611288971341,0.4900769340635444,0.5860447571970226,0.6786137154747095,0.6371173185600061,0.39992008178442673,0.6862610920650415,0.6759499584467324,0.47067402228104105,0.37271395102665994,0.7045080354652499
2026-05-07,0.5435318884661808,0.5228328601797664,0.6106749797291771,0.5577418950472017,0.4847597529483346,0.4749977333642133,0.5655616779841184,0.6709158989722891,0.6331670745402407,0.3962948701359813,0.6819217480687402,0.6744934999346565,0.458432611335594,0.3720256046111305,0.7049848903575529
2026-05-08,0.5419711244957369,0.5219256225163835,0.6084931487396823,0.5569953627648622,0.4826748464998342,0.4770751803807418,0.5698535812662264,0.6698810339477176,0.6359995035799048,0.3904096059895871,0.6819666733730211,0.6719806130589911,0.4562947768633935,0.36986981146517134,0.7037789920889568
2026-05-11,0.5444176084963379,0.5207452406097426,0.6092085436469197,0.5538921774909046,0.4811916625638047,0.47530564027820776,0.5703365631403927,0.6714591762556945,0.6354941899536167,0.3882007256276085,0.6838725493379896,0.6726657723099088,0.4552229721754616,0.36845678318910197,0.7044127484683698
2026-05-12,0.5414659784563478,0.5189810360113993,0.6028432104293654,0.5571684602767218,0.4792569033311849,0.47814438167755746,0.5780776492768643,0.6748914707602593,0.6409997039457108,0.39057870192615257,0.6890911167613454,0.674391572750664,0.462944140267468,0.37987944745457314,0.7070673089953087
2026-05-13,0.5394710121288504,0.5157911310596276,0.6012262717066356,0.5566330580175916,0.4764576267238151,0.4762763995608555,0.574557209950243,0.6764930767362964,0.6382864590570404,0.3882545041675845,0.6879248693164322,0.6740934510746284,0.4626636648886198,0.3760196588814628,0.7072991776745843
2026-05-14,0.5482058392617345,0.5098082055293301,0.6128034113982825,0.5509689985437072,0.47835432946805284,0.472761336594391,0.5814990377196119,0.6723842297433005,0.6371360869417418,0.3813780243646252,0.6877453623378337,0.6738189481252956,0.45539473431980276,0.37582618598724316,0.707090863785242
2026-05-15,0.5477903260636501,0.5110295633556244,0.6144074437614566,0.5515721747999189,0.47985449716256046,0.4793333520292865,0.5876597367797244,0.6692129379016611,0.6451844850676944,0.3880500576669387,0.687515859580189,0.6778145211999771,0.45672974524838517,0.38749853999004547,0.7064766433054842
2026-05-18,0.5461933299071893,0.52026462461125,0.6080116792002954,0.557398508004468,0.485150549787097,0.47940656300619544,0.588323144564043,0.6658899984796547,0.6464336238184268,0.3970734593551401,0.6877507516663904,0.6768445752753525,0.4617768015957625,0.3937575018034553,0.7043140916068195
2026-05-19,0.5430443276481521,0.5154355573643666,0.6005297791456801,0.5611694683026285,0.4905341844372341,0.4780422823295997,0.587855823097077,0.6661598965124441,0.6460889104303543,0.393511559570612,0.6878547055157137,0.6760168971934257,0.4660141787672285,0.3978790597358521,0.7044015359406686
2026-05-20,0.5387318704534703,0.5143372451734936,0.5997792050302152,0.5632640783721263,0.49021523560923386,0.4678121078363971,0.5859544918191727,0.6601560404479241,0.6388578513330138,0.3917053391239196,0.6881822039040602,0.6753646152022419,0.46818671655386007,0.3975165703297999,0.7053834134219856
2026-05-21,0.5410207320774785,0.5159889022658474,0.6037867600773065,0.5648065966822912,0.49221335636514124,0.4692717678984737,0.5780534737812978,0.6573058533930616,0.6487572797939484,0.3951372920787955,0.6906612337564144,0.6763607171012369,0.46433229047147245,0.4067897069000726,0.7106621052824051
2026-05-22,0.5576738452650036,0.5193997246817632,0.6149454592744213,0.5830211049214602,0.4987769065432316,0.4656134701511277,0.5795177245838231,0.6574064173362056,0.6452328698349645,0.3851325211604442,0.6889243484216696,0.6751376697167186,0.4633351820604445,0.3971864335587844,0.7088460824202228
2026-05-25,0.5492619529717807,0.5194475483074507,0.6104994714462473,0.5849222883500517,0.501122949831612,0.45950448464385196,0.5854189979897245,0.650313247959526,0.6387216745150283,0.382700657871307,0.689712822226047,0.6762874402602533,0.4615635912352527,0.3960430832115008,0.7083490238911014
2026-05-26,0.5429869294607773,0.5153876473336637,0.6053942805574256,0.5782430485982948,0.49133216412900577,0.4463875080258922,0.5837041500788017,0.6312431788400585,0.612649834240047,0.37252441936193376,0.6895658105810321,0.6756947142175302,0.4460404762583151,0.3751282373100641,0.7081419392259523
2026-05-27,0.543041614042696,0.5149561011781345,0.605034271110716,0.5768635866667515,0.49136520275571566,0.44686908012725085,0.5827784192127566,0.6310229832327281,0.6135710818356179,0.3701962915508416,0.6895034200203249,0.6753038305313066,0.4415900910828556,0.3740323587511982,0.7073484037494161
2026-05-28,0.5459003638081134,0.5112150490866053,0.6018511866168604,0.5808716239248666,0.49956413330159116,0.4509572736353075,0.5813253299995966,0.6302392044328372,0.6146054355033089,0.364004389612138,0.6946585374867656,0.687541398197587,0.44380608079826617,0.37541472934773124,0.7060433741994352
2026-05-29,0.5450583566502692,0.5073368794124717,0.6047140662436191,0.5870826772649452,0.5004936469267344,0.45302107800062913,0.5807241422857642,0.6272042476939381,0.6148035483954051,0.3628325172669495,0.6942135586102481,0.6873616553564493,0.4479808646611869,0.3768020815993256,0.7067015890089923
2026-05-31,0.5480586621433494,0.5124129121564303,0.6047458033145017,0.587179319338249,0.503355061027008,0.4750589221230224,0.5853287253620558,0.6288903445644748,0.63376926079892,0.3636059543556017,0.7048097084576308,0.681013085136194,0.4483125302195799,0.3767240350481433,0.7138061718985459
2026-06-01,0.5459987678625484,0.5138635433677983,0.5777078840286783,0.5892733164948002,0.5142718772370585,0.4703896516551457,0.5729120185037628,0.6281356694806517,0.6378979864173928,0.3977006280472096,0.7020953477346272,0.6636563407136218,0.45208422821823185,0.37609845133630115,0.7119532943721788
2026-06-02,0.5401855480330112,0.5190289613746962,0.5768477719367191,0.5916179607344985,0.5450302187783765,0.47707087532638043,0.5648996097069563,0.6308851851802086,0.6693700784822805,0.39647545881319246,0.7029615974182124,0.6707988682918988,0.4499833673110084,0.38857608858486326,0.7261157026077206
2026-06-03,0.5399000679052331,0.5188073084753735,0.5746261329945347,0.5918143499138976,0.5452899637476698,0.4800728640577204,0.5683210330870931,0.6307103744834949,0.6691719323657821,0.40160044544123746,0.7025540800148767,0.6705900583612966,0.44951490265397037,0.38877610276206703,0.7262865830103774
2026-06-04,0.5224724752087001,0.5359872258935746,0.5649374617157187,0.5901003256900912,0.5527694045651691,0.480767451716015,0.5641360084177339,0.6311011882493212,0.6757843256839207,0.4108655377277917,0.7023405494844132,0.6673690340226831,0.45171226158005773,0.39825614269132364,0.7279309416598989
2026-06-05,0.5222769935612559,0.5466772212108973,0.5662000970299019,0.5921247530178131,0.5595614464139792,0.4966166297845792,0.5736477752493682,0.6331062960696578,0.6871335364364949,0.48973560116785403,0.701461387591809,0.661816889682435,0.47063945698454557,0.455447022816271,0.7262504514087067
2026-06-08,0.5204875650363768,0.5556199342580068,0.5685472719578741,0.6033175554886013,0.5724256904159825,0.4872541148167663,0.5716651693640139,0.6336655954716492,0.6888625568013734,0.4912948281270241,0.6974617805993142,0.6574500275322672,0.4734317365342542,0.4587225085399171,0.7265400059238141
2026-06-09,0.5162127665141996,0.5533036506563859,0.5290235390172119,0.6075841815091944,0.5641356662886792,0.47174251400578227,0.5525973560551722,0.6328802578077716,0.6846542419303693,0.40435394100750693,0.6890665530052243,0.6626613956545239,0.4459580155767982,0.40842231489024056,0.7338179886732116
2026-06-10,0.5175140819764132,0.5667153387000519,0.5251309421865281,0.6031909626616457,0.5724528841856398,0.4807461378000132,0.5540755111038451,0.6374111207208419,0.68674080886931,0.40391515786726534,0.6839254208415854,0.6703848918218617,0.44654196480365,0.40781534716267476,0.7311051195721114
2026-06-11,0.507289956666239,0.5664362931693439,0.5301667464370761,0.5995031101468347,0.5610332778375553,0.47583220187654224,0.5436389132755841,0.635570541924518,0.6900575664515167,0.4024947825531685,0.6830794794466407,0.6682636743554529,0.44380538834216887,0.40199439821499783,0.7303405567746648
2026-06-12,0.5198655284494449,0.5660114938522236,0.5313640436812783,0.6069840839191418,0.5637332049377941,0.49697669238243514,0.5553174003879554,0.6383174937880342,0.7000382206269629,0.41148479564053453,0.6863737176871575,0.6752738553310057,0.44987962206766774,0.4098038676256465,0.7331818928884698
2026-06-15,0.5147514617289821,0.5833727906112639,0.560434722709118,0.6102285018961112,0.5784844192113224,0.498839846460495,0.5556645399803165,0.6393954201185249,0.7008389478323779,0.43923562859236626,0.6912787842984861,0.68337837092327,0.46188340317847687,0.4380394088830107,0.7382666832694171
2026-06-16,0.5147393510011233,0.5826345230084993,0.549086011284018,0.6097012329227839,0.5806301024015168,0.5000419566023172,0.5499080140992401,0.6399515801208745,0.7026480757656346,0.44978715571589223,0.6913794245757413,0.6823517930493102,0.4652591464476732,0.4403997407026108,0.7381716295496011
2026-06-17,0.5202992914092593,0.5747367405798742,0.5901590052371555,0.6151054981472408,0.5870733915349355,0.5004624888824067,0.5549490916981284,0.635769563698637,0.7019971935072136,0.4629253185598547,0.6864651481388978,0.6817698542190938,0.4720877951347216,0.4465356004863695,0.7359080460749152
2026-06-18,0.5185100001662795,0.5737682759832492,0.5863092138277113,0.611916217490237,0.5768569006544338,0.500838225691859,0.5550862350906431,0.6362437334734806,0.7005009231365119,0.463616738088674,0.6866055585572356,0.6799479774837696,0.47389098705484567,0.4455682145342599,0.7354362575760118
2026-06-19,0.5228457978791382,0.5813285802283622,0.586997325795698,0.6123520713223741,0.574256547415346,0.49948219376947184,0.5562892528558389,0.6376124713349863,0.7087782254048911,0.46596090155535963,0.6900287707515376,0.6910844228089005,0.4740094729662295,0.44654770831711055,0.7356401997708206
2026-06-22,0.5142745424785887,0.5976755021625508,0.5769914214961096,0.61832921544461,0.5623486916862308,0.5035110954858354,0.5508976009785804,0.6376253845744301,0.7047425242060288,0.468464047960948,0.6915120420420579,0.7019753169901662,0.47209341783936903,0.43658616553499946,0.739522454603328
2026-06-23,0.524845953535207,0.581981960695213,0.5989574436299062,0.6019954319815153,0.5660325648134849,0.5008274586871874,0.5579486328810334,0.6361522725476907,0.705708249891868,0.45837036341749016,0.6918870940751559,0.7018420799403403,0.4634574190559542,0.4399071883101602,0.7421218477686906
2026-06-24,0.5271982822203731,0.5666484175467928,0.6024327304830308,0.6022780642877706,0.5593740279590468,0.5043598488344172,0.5542589784125166,0.6365472095455905,0.7042647141760535,0.45308435633212285,0.6848193774613403,0.707681581669314,0.46300857438035814,0.4337830470438077,0.7381274067639241
2026-06-25,0.509573510299208,0.5710592154788883,0.6241546933729136,0.5908031847606436,0.5643054817667271,0.4983832234398898,0.5435075444211658,0.6380706994413912,0.7072584660780048,0.4800625796117733,0.6798531354742463,0.7087332554368867,0.46941736791179084,0.4756647163137067,0.7381535026082046
2026-06-26,0.5132314079559913,0.5804784090726135,0.6371889829060553,0.5885906337277049,0.5623810277390685,0.5017338095026412,0.5487801385890904,0.6385504432337444,0.707135757488279,0.4788159588764659,0.6816806914659963,0.7091036829080772,0.4789124198534126,0.4830271154975377,0.7381337204218361
2026-06-29,0.505927542751232,0.5883092599157846,0.6369386523383925,0.5876308692997638,0.5478839118849115,0.4997972849172009,0.5467881993007763,0.6395405798934813,0.7047117310756942,0.4816150182501449,0.6799767193582437,0.703861230829079,0.47959017618900046,0.4783100675206467,0.740302994423333
2026-06-30,0.5173105199934348,0.5926743975964032,0.6436645198301097,0.5911546224281329,0.5396907277824637,0.4970479425841242,0.552410355997678,0.6391887328765965,0.6998199986453743,0.4809833290288291,0.6798789963071245,0.7114288694759956,0.48116236124982703,0.4762153900030589,0.742107190339279
2026-07-01,0.5214782468188307,0.5810252791854156,0.6371480869558225,0.5936340388222939,0.5477921087150144,0.4884587639594246,0.5337213910655693,0.6381775465524773,0.6931690393515666,0.4864228494465522,0.6761607603735404,0.7184072968362725,0.47265296575030047,0.4798262381648643,0.7409479952756656
2026-07-02,0.5199445952907632,0.5810818502775382,0.625923274788253,0.5936623859256516,0.5455925682978718,0.48674884382001415,0.5083194329605971,0.6367767797722198,0.6954321391976768,0.47852539283255474,0.6761202450409662,0.7149706076479198,0.4630862206212339,0.452121261855601,0.738359800691835
2026-07-03,0.5459202989778552,0.584656970363281,0.6207162374396625,0.6139057825479232,0.5606976072319203,0.4872403512483599,0.5349540533903092,0.6254892384289648,0.6897669528068608,0.48885291490207283,0.6729118789128055,0.7137799686916689,0.47807377526113737,0.46623788044817793,0.7330880205921338
2026-07-06,0.5485474012078762,0.5928874782903495,0.6156961077477527,0.609193736635115,0.5804657277384235,0.4241880228474928,0.5164364356844242,0.6063691759361914,0.649621159946852,0.47146645210937854,0.6625883238890514,0.665798671608215,0.4647796916728154,0.44679678553981705,0.7342219268542665
2026-07-07,0.5440044788787824,0.5973211216038324,0.6128578728780122,0.6021664144431801,0.5735888642400838,0.4308515350706848,0.5185951074603097,0.5935090739431994,0.639163260994513,0.47621430481142674,0.6634082740819504,0.6759850721251361,0.4522844090430909,0.4374698048130638,0.7300622585365136
2026-07-08,0.5634130905370386,0.5928400762538197,0.6145674605904149,0.6093471419408514,0.584481885597284,0.44023599584880474,0.5319782573670655,0.5991823513502593,0.6456170012069229,0.4731702017853488,0.6652350012461883,0.6767700402245381,0.4578895809420202,0.44713510965268144,0.7323701075633332
2026-07-09,0.5630682659152397,0.5604300064573633,0.6217000947256685,0.5925176704613191,0.557195206014061,0.42397178449107525,0.5335683183223457,0.5884379402409622,0.643976616294407,0.4630158134024018,0.6530960809882085,0.6548958476720717,0.4487152747314842,0.4446201160909779,0.7213169976606553
2026-07-10,0.5557884015468607,0.5568339549395763,0.6184230135877146,0.5955506149858142,0.5569626257643782,0.41629311825690607,0.5309616689633622,0.6059181371997547,0.6367429436918246,0.4590228795162296,0.646691534186004,0.6547477703115806,0.4560866519992181,0.4411533419488093,0.7410177433659472
2026-07-13,0.5359465355947768,0.5397836521675069,0.6200281431244669,0.5735088675125378,0.5316072404146742,0.39297319797508445,0.5313434309580668,0.5819719167494037,0.6142649185999512,0.4553757211510109,0.6312394497483723,0.6406413134929141,0.45859093531981115,0.4438622676278125,0.717133084315655
2026-07-14,0.5340517457700674,0.5447009002136064,0.6232266056584058,0.578486052772821,0.533994376909563,0.4003200923008486,0.5302375954993843,0.577998554146614,0.6112783472448282,0.4594582756679884,0.6500767353482784,0.6561010308730645,0.46486242190090193,0.44744990093425113,0.713594097397729
2026-07-15,0.5257101797109095,0.5384360045559871,0.6183618866531847,0.559293312260099,0.5167305883703615,0.39074959068543197,0.5236561436753703,0.5767662910103685,0.608878894620562,0.4541566026673362,0.6405938922587684,0.6467966379806883,0.4529472590723531,0.4362975716552494,0.7028342365257132
2026-07-16,0.5203559990213545,0.5370721657405074,0.6198934119294685,0.5618913803176563,0.5186064705353332,0.38748430542508816,0.5204736669569808,0.5756231883077071,0.6051368559039723,0.45321465773098984,0.637837545483686,0.6438335343423639,0.45414377906944364,0.4370623144286572,0.6997470466236293
2026-07-17,0.5254767835463315,0.5641320156099108,0.6358984911582131,0.5703946032044223,0.5231748719233349,0.4003981521445962,0.525555721078602,0.5823802126154028,0.6082671877326848,0.4852711281817344,0.634915689260852,0.6561215819842554,0.46593488933577515,0.44333683313652933,0.7089609238909245
2026-07-20,0.5238076785803593,0.562302370867341,0.6372812717263436,0.5709125537888139,0.5277096719697018,0.3992528468495888,0.5234004682221065,0.5823251939774504,0.6081481501545913,0.480361680964807,0.6299149401957456,0.6470345328425864,0.4634634088286966,0.4438783870778221,0.7037546357285861
2026-07-21,0.5180126411405956,0.581752480385177,0.6309318320608107,0.5797189359999239,0.5137624274548566,0.41618433813685723,0.5229492369752018,0.5826485206487612,0.6101455151145722,0.5002991510746826,0.6259093068202803,0.6871065061390754,0.46660217059414033,0.43827109849497203,0.7177596025616274
2026-07-22,0.49465276943514985,0.5627770384440555,0.6121015877252333,0.5470778122044296,0.5284607951114431,0.3940336221520809,0.5024942168692736,0.5569131893223649,0.6214094766620445,0.4914113516546201,0.6158817664517496,0.6808586639828494,0.4482299734998579,0.42978980900276526,0.73395430388214
2026-07-23,0.49224052860426604,0.5555572940596417,0.6120555262324341,0.5448650849607717,0.5369508889990489,0.38251466194188355,0.5120824827801873,0.5531687820966832,0.6365684466463368,0.4709227879722525,0.6076610760301102,0.675542663052989,0.4542797322924334,0.44131568775490954,0.7459391511948991
2026-07-24,0.4775920418613107,0.5693077951450244,0.6099417218189913,0.5925325649133598,0.5822392545033052,0.37114084681980974,0.5144735075053799,0.5904664827703495,0.6829291654854718,0.45974888497092786,0.6114898358980888,0.6726232215361271,0.4675856702859136,0.45736014331118935,0.7294893562280782
2026-07-27,0.48148582076894697,0.5644232548529865,0.6096065984049355,0.6072829943610931,0.5842356499867095,0.36320549684952874,0.5137563296655232,0.589042527123012,0.6791790741201492,0.456934546947211,0.6157768143088833,0.6735655678485968,0.4720251412017926,0.4571581441375671,0.7328328996788243
2026-07-28,0.4686022858122719,0.5776973648759179,0.58817872226213,0.6014804323917116,0.5878566972414221,0.34773861075130713,0.5116482403723018,0.5831625316360073,0.6773478145966076,0.44880770762530575,0.5963153118627272,0.6550741651038721,0.4703935797188049,0.45640781840928996,0.7204419835709167
2026-07-29,0.45707802684390847,0.5763828491668554,0.5838781780342847,0.5883286394950297,0.5798720386412235,0.34265086459214134,0.5072843327762241,0.5758849591678238,0.6694379053841135,0.44562000691691966,0.5874045505901242,0.654309363131792,0.464759874204834,0.4497902030205476,0.705588821197181
2026-07-30,0.4312403846382837,0.5740665379828049,0.5591960827537806,0.5578485977674734,0.5706170081030635,0.3268759009196179,0.4917537862377874,0.5616452408914182,0.6689468712976225,0.43562558604854396,0.5822174428717886,0.6454350050386568,0.43761772489185413,0.43938356769008724,0.7029237483640488
2026-07-31,0.42916042770749274,0.5916114768758138,0.5707053505893385,0.5610240405787841,0.5557250549807267,0.32869698250653956,0.4886482843417053,0.5763959802496617,0.6682425940288864,0.458321352282116,0.5723758389181783,0.6236738845474005,0.4554037742716609,0.4317913865372046,0.7094846656056005
2026-08-03,0.43401675665224093,0.5952876713027976,0.5837529584253918,0.5617399825063251,0.5531994262810769,0.32765235616238597,0.49444764097674526,0.5791667277131515,0.6780927795343906,0.44704503877309415,0.5754904608398379,0.6434752982175882,0.464545624660666,0.450927636549534,0.7120304070099062
2026-08-04,0.41553993275137435,0.5783923432472146,0.5773804473428205,0.5458284674869117,0.5557296038458702,0.3031625637758969,0.4731374030088267,0.5441190346920749,0.6701533216507274,0.4276128798908232,0.5651200604506913,0.6229055775664297,0.4334273014966489,0.44929502969424356,0.711934025487563
2026-08-05,0.3924403844251693,0.5784677960458969,0.5510951677162521,0.5374922701651453,0.5488942019088062,0.29373304300543746,0.4721374950528143,0.5385161903882233,0.6663128176844396,0.42041584854597,0.5619055043583481,0.622638159591106,0.4291420428031626,0.4455677102925023,0.7119003833142765
2026-08-06,0.38556779732381924,0.5853528850179577,0.5459156303105995,0.5341946145431048,0.5395381030627205,0.28866248454425525,0.47249329545076774,0.5378584046027514,0.6664592459326036,0.4167908244923047,0.5593288661090452,0.6139906714168074,0.42951907542815204,0.44577012357799545,0.7110599772488565
2026-08-07,0.3840605777721889,0.5869252302915607,0.540700785918172,0.5321703441502955,0.5298519632660391,0.28669469980817497,0.4723238663243018,0.5377814440006714,0.6639020781581364,0.4097126163594998,0.5562433203989727,0.6003863759068114,0.4297116429148364,0.4491206798433868,0.7086272387663081
2026-08-10,0.39295678673652495,0.590147194043164,0.550027983441069,0.5318084207146453,0.5333326956633904,0.28401276632065364,0.4652807383874875,0.5461327821707641,0.663676948662746,0.408126915678078,0.5586241301330428,0.5996199753806783,0.436884900904839,0.44702990629958805,0.7114579353773082
2026-08-11,0.29075521260027565,0.526668909330305,0.5066109048850956,0.44655870200969383,0.4496124062032012,0.10205999632131914,0.3964360170257723,0.3696680441691403,0.5563503072963822,0.332060876464383,0.3999018352723694,0.4764018139474146,0.3526007185921979,0.367962683534839,0.5623872288587437
2026-08-12,0.29346334045110817,0.5349394803439295,0.5175157520107846,0.4495221917345618,0.4578666337845662,0.09752164377210798,0.3961366276456625,0.3672599567126388,0.5557551228062242,0.3187493095523337,0.39433693042230644,0.4663329650513933,0.34442166570237004,0.35275231675127816,0.5588073880839469
2026-08-13,0.29105196885119067,0.5274332713576867,0.5218516634563786,0.45060902657479457,0.4485651228530037,0.0939253699467161,0.3964097581060225,0.3665273037920403,0.5531951121914759,0.3171130031304431,0.3913819870892955,0.4679824123582654,0.3466496221957304,0.3451638391067035,0.5524523676096165
2026-08-14,0.2921086699511816,0.5322847699538265,0.5241620995461451,0.45117371339137685,0.45010714606890123,0.09002776024634053,0.40371454374465743,0.3639912864322549,0.5564627099427232,0.3325618344274355,0.3844079083678315,0.47689314648302683,0.35922503922608495,0.3436360358827415,0.5588987417202305
2026-08-17,0.2854310640784082,0.530206321968965,0.5201271419319802,0.43949811377195924,0.43578137509839865,0.08120188499956026,0.39301823150645554,0.3466537710641065,0.5452181529024003,0.32527031411105883,0.3725927745251915,0.4658312868716511,0.3324880115754918,0.3200112368430469,0.5398249645673776
2026-08-18,0.3212086213693606,0.521062938042203,0.5265366230900853,0.43486247441742676,0.4325546625648075,0.09459336027592147,0.41793532732513816,0.4235335630750243,0.5588110805961465,0.3199663106074172,0.3644914451338911,0.46275074418677015,0.3369390561146619,0.31915326286577744,0.5509297898959126
2026-08-19,0.32784957584844077,0.5313011297399275,0.5159521144542785,0.45910528551028085,0.4135692741609381,0.10515854034225793,0.4238516360325507,0.4318361034930796,0.5501577822955772,0.30483378452155446,0.40330547463667016,0.4519964924382984,0.38358652828692086,0.3301770397660621,0.5486314296601374
2026-08-20,0.31713615131655076,0.5165904171946342,0.5136892430263414,0.44647887983207957,0.402222756994166,0.10196946094039623,0.4176596811330959,0.4008624377373678,0.5338438275428202,0.29922448275271557,0.41252233757170503,0.4547070705085499,0.3746775575016284,0.32139915329740276,0.5302683772221298
2026-08-21,0.3237661172497973,0.5092125020877977,0.5106890313019974,0.44733739156951774,0.3832208291769422,0.1116202713229657,0.4182988015326695,0.4038484480439267,0.5284153368279665,0.30365397199108923,0.4103360988785003,0.4598763962466452,0.3729614115947249,0.3243839711482926,0.5150564002756367
2026-08-24,0.3298566120221761,0.5080772490498112,0.5090288464255336,0.48401795542004183,0.3894413622183482,0.12299826634357287,0.431197405083735,0.39469017881429336,0.5229288111776932,0.29963615993509757,0.46355021083389364,0.4729878947088232,0.4195710308146241,0.33386818730511575,0.5115404417595927
2026-08-25,0.32801757797603126,0.5051038946773603,0.5121986134880686,0.5277386148526566,0.3840897157769019,0.12026293591644596,0.4348295502437077,0.43477922985668876,0.5211555016382747,0.30389312037048316,0.5135273661679463,0.46966008184456776,0.42649728203042886,0.34298022123678806,0.5883418591563547
2026-08-26,0.33529787811173234,0.5237841961814633,0.52255666452379,0.5384325034897884,0.40560752460712535,0.11697527689139235,0.433306654611591,0.43283044319356495,0.5194932600356797,0.29565209037169543,0.5026226191132208,0.4677235872099148,0.42447540574817133,0.33609459757676646,0.5806586247013196
2026-08-27,0.33270228003849284,0.5221482167963186,0.5252694870401657,0.5389495266837467,0.4013947968825472,0.11494589542555625,0.4216106750899645,0.43261881019430964,0.5239658793797805,0.3010795612704411,0.5041721436301018,0.462516932789992,0.4212603766159244,0.3290242284597059,0.581024251341774
2026-08-28,0.3392882742709622,0.522085199762914,0.5284943695264747,0.5302963653127254,0.4045365412498538,0.12175907308541897,0.42790863091965353,0.4228591501382875,0.5268986670653223,0.3031744107974482,0.5003432353497439,0.4651878966781088,0.4086204435736962,0.3333387775084814,0.5725423872379632
2026-08-31,0.34809190128730155,0.5247473731446953,0.5353311075747699,0.5289980651639998,0.4108017510605006,0.12403910314072955,0.4345635201109644,0.41859372599387357,0.5304467548664101,0.3025117645704291,0.49365052763583367,0.4610781610027091,0.400629335046669,0.33349394064458865,0.5630364106019824
2026-09-01,0.35698537422079274,0.5084303887075756,0.532097461016424,0.5410059469681404,0.4181603755253218,0.11400001359424611,0.4349756247971065,0.4245706316393184,0.533366315351484,0.3014201286599592,0.4763603298369884,0.45031934879835955,0.40304162315516784,0.3352618721897903,0.5654607327529763
2026-09-02,0.36777466620891713,0.4989001369900672,0.5319111097201035,0.5395052811068445,0.4174062918818711,0.12964258847975918,0.43509114754203654,0.433692045670046,0.5393659160926617,0.3127502136492849,0.4735308844384984,0.45182987619969917,0.4049565682611872,0.3372092720835484,0.5657883156263839
