Date,US,EU,EM,Tech,EU HY,Me A Ee
2023-06-05,0.14155211793257472,0.1595642812503839,0.13941343837238357,0.17152545355226845,0.052330935060324206,0.09741665418130765
2023-06-06,0.14077276897109559,0.15959262173170277,0.13615914281791777,0.1718152512982073,0.05233304501256439,0.0978344436021176
2023-06-07,0.13916142726502245,0.1573700224717367,0.13602452284764394,0.15349818105385138,0.05055298061788685,0.09887035186950863
2023-06-08,0.1411591494362212,0.1572613531979474,0.13492055416013565,0.15391900474615963,0.05045597326244245,0.09892533722915717
2023-06-09,0.14224241588143682,0.15581452453488406,0.13226848053707907,0.1520570982325266,0.05054685915087818,0.09875718333559401
2023-06-12,0.14218214981388236,0.1560823896360459,0.13092530312472642,0.15284684730288473,0.05063606610608349,0.09938528700797936
2023-06-13,0.14169041802678148,0.15645573520881,0.131224498816933,0.15401031231695908,0.05064399608369493,0.09927241075798947
2023-06-14,0.1415115300222362,0.15608437423973773,0.13146952889975264,0.1539913460962554,0.05060208408736107,0.0994019756406361
2023-06-15,0.14096158331258093,0.15489120041801022,0.13142392797786517,0.15188946128593012,0.05050197544155399,0.09983220530934396
2023-06-16,0.14038780291338868,0.15441613268461118,0.13145139148256563,0.1517336784142683,0.05050107727834786,0.09933683464141756
2023-06-19,0.14036643514697636,0.15500257115095825,0.13141142729472002,0.1518573509760631,0.05049891427199635,0.09906707779564193
2023-06-20,0.14076492481784295,0.15446237199521748,0.12998463565025584,0.15169026543998612,0.05054781906931056,0.09976389059251001
2023-06-21,0.1408466488699096,0.15451329386408452,0.1307630550049711,0.15357981771233273,0.05072626055482012,0.09978386679993662
2023-06-22,0.14042716366763852,0.15439376578546943,0.13056491738093057,0.1481845778931049,0.05072473823272694,0.10185397404376462
2023-06-23,0.1405906379497305,0.15496271795012084,0.1305591908976932,0.14866930171067266,0.0507236164652673,0.10144395327897159
2023-06-26,0.13995279693256926,0.15473226099186801,0.13036645911278302,0.1460729685321773,0.0509207637792604,0.10078134077102933
2023-06-27,0.14077431073982666,0.1549270662137326,0.1288931880498586,0.14598557460187614,0.05170717503536194,0.10066930686563698
2023-06-28,0.14051610020571678,0.15543677454525962,0.1266232683136518,0.14819546118425894,0.051419038930030185,0.10063979133753677
2023-06-29,0.13976765919583464,0.15147084267348865,0.12476579387577653,0.1480049350691049,0.05140239129307766,0.10063979133753677
2023-06-30,0.13969067204129854,0.1499493700852431,0.12420489171902215,0.14820275404434732,0.0514170678276971,0.09913618162401001
2023-07-03,0.13795401818919295,0.149872727383738,0.12534760639454415,0.14824066297361815,0.05139614897074199,0.1024077747709056
2023-07-04,0.13764968980800368,0.14954153917632024,0.12532837724192636,0.14806017546217767,0.05139715414118757,0.10191028778889895
2023-07-05,0.1376835929160461,0.15013741854493942,0.12716925477734028,0.14814675961263055,0.05205475070777152,0.10237393193635447
2023-07-06,0.13643602414086065,0.15593034486396037,0.12862037351512293,0.1476449424862604,0.0540691676394048,0.1035057470572031
2023-07-07,0.13578839797773315,0.15578053144853424,0.12904230152915966,0.1473986992140754,0.053681315319272435,0.10270587769060568
2023-07-10,0.13659427461289556,0.15558741674100046,0.12894125553971503,0.1465341422750419,0.05364954288916098,0.10299681483977685
2023-07-11,0.13642764821569106,0.1557505987455036,0.1295206260371119,0.14680729701455683,0.05467758394450871,0.10493761076313898
2023-07-12,0.13655473930831277,0.15837416398534873,0.12782967647523705,0.14673958078866445,0.05481000035247277,0.10563094248386119
2023-07-13,0.12024591885219159,0.157268341811887,0.11948602724160569,0.13789304336147554,0.05452760177738614,0.10568198398892918
2023-07-14,0.11893600093615862,0.14742205793839375,0.11961586133270281,0.13472365641633652,0.05358547042094868,0.09538675761488773
2023-07-17,0.11727977137226817,0.14490696587554713,0.11869551023126582,0.13232178411384088,0.05378030084230551,0.09490240087222708
2023-07-18,0.11738972323513093,0.13180677874154256,0.11859588064106732,0.13195551644189865,0.051912275080063144,0.09531939444281763
2023-07-19,0.11818967899853773,0.12764639198841696,0.11786799843602158,0.1277346752178312,0.05189148429869514,0.09395316961219678
2023-07-20,0.11808099703587159,0.1255381607922059,0.11827711381869623,0.1290031322912778,0.05174176319606141,0.09399912862811169
2023-07-21,0.11763053098027745,0.12388518346887172,0.11733048439968873,0.1287577597053856,0.04932856525651657,0.09391204315237883
2023-07-24,0.11754579904322872,0.12163081552480362,0.1163890762438029,0.12834011083849656,0.04603548962498129,0.09455784605813347
2023-07-25,0.11788672859430979,0.12153153632776836,0.118448978428204,0.12892934101923256,0.04579482957321563,0.09556915582214226
2023-07-26,0.11754684866258433,0.12297008439502964,0.11893249507762821,0.1289722180487332,0.045811785701532916,0.09563502773355843
2023-07-27,0.11868127214417402,0.12502881143549244,0.12283630314944531,0.13234837263614502,0.045295681823888545,0.09631537520330861
2023-07-28,0.11834360498293309,0.12458033253250081,0.12214125093397395,0.13211080574828551,0.04437786242293126,0.09623422609841391
2023-07-31,0.11639098253552167,0.12458020506324655,0.1210346062786979,0.1315932309172503,0.043176060449610566,0.09703585495105942
2023-08-01,0.11595574948961251,0.1250844127566682,0.12125808340545367,0.1289637491443647,0.04311490340574591,0.09719097345232906
2023-08-02,0.11628303892473169,0.1262102726160392,0.12252754935314014,0.13317230933631796,0.042598225512340014,0.10174332186412113
2023-08-03,0.11648133793191678,0.12607061084356702,0.12276748852342437,0.1322796554444989,0.04265540463360182,0.10253897729632379
2023-08-04,0.11566566011542251,0.12644098713627255,0.12436262390036501,0.13208960576631015,0.04254299903924819,0.10084262465548552
2023-08-07,0.11568090744716834,0.1264593480175048,0.12507607627292233,0.13153634639627765,0.04256526403860617,0.10093884647776462
2023-08-08,0.11330505578824636,0.12791155330938553,0.12573930046470969,0.1315928901013759,0.04234013638689425,0.10054526621327142
2023-08-09,0.11331156545654238,0.12834105253230996,0.12894142098384,0.1315936382675576,0.041391000807796105,0.10064715780310973
2023-08-10,0.11329739990058724,0.1307192833488262,0.12908758621443947,0.13155404305380755,0.0413896118567689,0.10127008978693526
2023-08-11,0.11449545801996379,0.1328493130441515,0.12938111549022038,0.1323813643765099,0.04138880968121992,0.10127008978693526
2023-08-14,0.11540961993439143,0.13259206116789563,0.12768267607398034,0.13259292192325178,0.04039347422301777,0.10127465418454251
2023-08-15,0.11552853810277432,0.13375077281015832,0.12763108805251006,0.1320677577314728,0.04038941697929166,0.10202078374396235
2023-08-16,0.11410521075353179,0.1333060546629595,0.1300686002482783,0.1325993452513478,0.04040855701884799,0.10196835843511827
2023-08-17,0.11178057664705292,0.1343793999958848,0.1298166983089763,0.13310932456920757,0.040564421531016845,0.10196510164514566
2023-08-18,0.11490942638860635,0.13429020650608833,0.12941815017430994,0.13319793747028666,0.04058683194372897,0.0988014552396713
2023-08-21,0.11571586603204019,0.13421420909118084,0.1315001671369957,0.1332858377177818,0.04052661207803716,0.09887525155100892
2023-08-22,0.11571717540900238,0.13506365831740824,0.1295880726584416,0.13483609741011932,0.040484740505400706,0.09864633387294743
2023-08-23,0.11566290226149081,0.13503149991685323,0.1301223659469059,0.1353865348600044,0.04052609025654364,0.09936546165199953
2023-08-24,0.1166200579544414,0.13530468832082854,0.1305295449748086,0.13578866891741243,0.037167505428282614,0.09936553801672751
2023-08-25,0.11790060341382731,0.13531009316396256,0.1303567745484172,0.13398629034493956,0.03389373912878403,0.09936553801672751
2023-08-28,0.11793739945117443,0.1369729688013215,0.12888760323579995,0.13509531035448608,0.033888413249450494,0.10012131540628293
2023-08-29,0.11497062280165535,0.13726862460522163,0.12843066686223076,0.1354574868923906,0.03381927082398559,0.09942369774673109
2023-08-30,0.11443450591529332,0.13724911829011682,0.1254847701621369,0.13506429188273741,0.03273618653759445,0.09801439497153377
2023-08-31,0.11378680514832744,0.1373747542976041,0.12531073872890194,0.13570545847596388,0.03269037290518829,0.0980255293697541
2023-09-01,0.11376621942198906,0.1374845869088438,0.12803801811123405,0.13663129732447926,0.032687075643537684,0.0980255293697541
2023-09-04,0.11307350077285831,0.13747566114672755,0.1312050768823903,0.13645487629434838,0.032704539119494655,0.09840592889253737
2023-09-05,0.11324085513429162,0.13546710815062815,0.1311856165195647,0.1339089926744416,0.03267171147306649,0.0985439330010577
2023-09-06,0.11033024646746896,0.13585296312354783,0.13084505970837357,0.13431525742167758,0.032690939642134625,0.09717984920377569
2023-09-07,0.10963458417530032,0.13585451857811487,0.13298836850764267,0.13549432303543832,0.032803525147853826,0.09728405117587605
2023-09-08,0.10828036900759778,0.13400215927431564,0.13187620099910324,0.13428018238261621,0.032812139404404514,0.09728405117587605
2023-09-11,0.1082782092624667,0.1340561278480175,0.13268607238576843,0.1341486494448887,0.03283080229178992,0.09702716564915109
2023-09-12,0.10748619372974412,0.13388859373126147,0.13271799968894782,0.13414431370568056,0.03282635717589494,0.09706185008074673
2023-09-13,0.10773841029027684,0.1339390151510349,0.13171630433712592,0.13423533027944134,0.032816416238126825,0.09677836294990073
2023-09-14,0.1086144169470741,0.13578476701913303,0.13347897750083856,0.13587711771725466,0.03286901351647087,0.09677699032738693
2023-09-15,0.10866621529124232,0.13578464620596714,0.13332944760363047,0.13660545466782528,0.03294629874181621,0.09677699032738693
2023-09-18,0.10928552694596523,0.13713540811566974,0.1337139659416723,0.1368853008116508,0.032977131307467454,0.09805535762378244
2023-09-19,0.10974618883252472,0.1371375401889012,0.13314245329576546,0.13727559439539733,0.03297396915001455,0.09807868715925556
2023-09-20,0.10959887327922303,0.13782077633185247,0.13482565540001448,0.13681411148104677,0.03296732044527819,0.09807726125878673
2023-09-21,0.11199697883057984,0.1388756507993924,0.13571548649958942,0.13613138201050096,0.033145139405934464,0.0984163350703289
2023-09-22,0.11079155069105162,0.138410035325963,0.135440972490872,0.1361809429655616,0.032890727451385084,0.0984163350703289
2023-09-25,0.11054697104606483,0.13923541517913363,0.13543579074985806,0.13580926434638965,0.03283533110057209,0.09813302569086613
2023-09-26,0.11066401849325402,0.1394891220435398,0.13594862831654705,0.1371948463001596,0.032991528324808506,0.09801943344100114
2023-09-27,0.10774429015610751,0.13556056975770459,0.1364050062493628,0.1336041434597235,0.032669253671542726,0.09790973700523747
2023-09-28,0.10506307466568426,0.13614253172825863,0.14118969963434902,0.13281899300239589,0.032919201773509515,0.09779932491344451
2023-09-29,0.10407858791606886,0.13368579383795157,0.14290882416731004,0.1263097973960437,0.03313599806246526,0.09779932491344451
2023-09-30,0.10407858791606886,0.13355833754328536,0.14290882416731004,0.12629389095257,0.03313599806246526,0.0976934979468169
2023-10-02,0.10374383420946605,0.13440325465587072,0.14248085870407787,0.12633355478311348,0.032949337506606315,0.09768736929619785
2023-10-03,0.10375577787389896,0.13250505175785993,0.14364694953774998,0.12731965505093362,0.03291059415603104,0.09763550011313203
2023-10-04,0.10619893183523672,0.13150797216650334,0.14771693193927035,0.12691937203798148,0.033189580175403056,0.10009305264303187
2023-10-05,0.10354351159141108,0.12877900398338574,0.14162431440973852,0.1251019524176556,0.034430270014667495,0.10069637257046485
2023-10-06,0.10216166500954114,0.12968791593151854,0.14232490334763562,0.1266723441010595,0.03508294314338528,0.09013042512810476
2023-10-09,0.10383481257091448,0.13010742406533302,0.1417579792300274,0.12614441665392925,0.03502134219291847,0.09199944137073703
2023-10-10,0.1042334454157103,0.13541985438252446,0.14127317840057385,0.12722626439974624,0.034090631419627836,0.09274151264643292
2023-10-11,0.10159512313515599,0.1354121148018553,0.14324462828759968,0.126782048374998,0.03436997131867249,0.0932765907499594
2023-10-12,0.10098870099918338,0.13539156049901035,0.14368945478958536,0.12758213597538204,0.03418130433388136,0.09340893486881506
2023-10-13,0.10113107966925658,0.13706811375385575,0.1442629513483622,0.12873015514902425,0.03414485747875828,0.09260977259813569
2023-10-16,0.10065367984121315,0.13659821702965083,0.14433604233726077,0.12735442068928052,0.03420644912242516,0.0926188348399362
2023-10-17,0.10137770758245698,0.1360426072657181,0.14456133861226608,0.12745438449001634,0.03466043628816264,0.09256055672641383
2023-10-18,0.10131778776346742,0.13717917563553994,0.1453393473737131,0.12771444307802785,0.03676045915008264,0.0929328782148069
2023-10-19,0.1019502574363507,0.13668746374201016,0.14631579096452493,0.12781387195736763,0.03685077118163028,0.09518523818049573
2023-10-20,0.10466040058636394,0.13860793327011017,0.14628400272426043,0.13091177291934003,0.038588071683785585,0.09575445226285488
2023-10-23,0.10638031405360916,0.13872188115317316,0.14683901997187013,0.13026284899546836,0.038499268072924184,0.09759306119501043
2023-10-24,0.10654663537411589,0.1390130444168647,0.14616148599737006,0.12859037580946783,0.041391400394481435,0.09778485956784758
2023-10-25,0.10683398586544685,0.1389552110790707,0.14666461147058554,0.13239415081279424,0.04189677027621733,0.09664640286484379
2023-10-26,0.10774130294848257,0.13878442694547444,0.1469310989832039,0.1325462188709481,0.04201372995333474,0.09670669900941824
2023-10-27,0.10813180291822476,0.13936631322258214,0.1467960990760644,0.132416659767959,0.041111680942540044,0.09685006590938597
2023-10-30,0.10653078222942217,0.1391595824938049,0.14679695224930925,0.13242723054940955,0.03986881948491629,0.097469662361764
2023-10-31,0.10634442358066026,0.13905278341153748,0.14677883573843636,0.13165709966203795,0.04003402953362453,0.09828214971516014
2023-11-01,0.11177767476961877,0.1397419853377583,0.14659952653950445,0.1322804044056015,0.040034738137059656,0.10055676937721707
2023-11-02,0.11228234255956172,0.14235045906841845,0.1465958486990967,0.1356462926474277,0.04156001951250608,0.10172903674596243
2023-11-03,0.1122824624063134,0.14237446356027214,0.1486653875629131,0.13660529491388565,0.04281025790632172,0.09861378969543497
2023-11-06,0.11234184790365667,0.14247730315796597,0.1494060544166881,0.13644793084743936,0.04342678415307218,0.09775805197468733
2023-11-07,0.11291637246955555,0.14174984782641406,0.1479447025947899,0.13774763566445886,0.042484129424316515,0.09747304228787493
2023-11-08,0.1121829117677897,0.13461125817736427,0.14682449514864118,0.13403448169362683,0.03979414797295282,0.09637630457522357
2023-11-09,0.11222717264149046,0.1361657275179761,0.14749631809040342,0.13566200023145145,0.03975312036715628,0.09782404080144447
2023-11-10,0.11136768163004422,0.13631867591676486,0.14752741906872466,0.13554046953484256,0.04026625637797512,0.09746700198422936
2023-11-13,0.1118125949703936,0.13679447567540656,0.14709966021337148,0.13554417485368234,0.03960441472480205,0.09547431968307228
2023-11-14,0.11172848793848225,0.135755099353062,0.14676960589055563,0.1361753134785506,0.039812545732188356,0.09467030353794653
2023-11-15,0.11139048227724536,0.1351845200021312,0.14896418110756857,0.1364163630038278,0.03975813796270694,0.09732012271545833
2023-11-16,0.11103433816233985,0.1351931287543065,0.1492867687230562,0.13686770997124206,0.03981579849371709,0.0979235426791164
2023-11-17,0.1108219579918616,0.13466814305752117,0.14770512311407535,0.13694184823886874,0.03953748174488326,0.09764595907024483
2023-11-20,0.11070882985155983,0.13456247121684053,0.1509414837674594,0.13705499780388816,0.03952545848876921,0.0970179238989681
2023-11-21,0.10833307396761706,0.13458383301611068,0.15093785363777099,0.13576284404067115,0.03951552005030465,0.09696828529647715
2023-11-22,0.11045496375779873,0.1349730820555322,0.15209893706696412,0.1347553779970154,0.04110056054843225,0.096867529013606
2023-11-23,0.11045849859933835,0.13478494913697764,0.15238051748823642,0.13498122208651647,0.04112716048848781,0.09687626211423038
2023-11-24,0.11096656343998106,0.13494695724779002,0.15432877383964666,0.13487369138145666,0.04109790040765747,0.09550221298358001
2023-11-27,0.11027216478917083,0.135048174040042,0.15249914961460484,0.1342072626461619,0.04112933372659436,0.09241700845496864
2023-11-28,0.11081157030389235,0.13395707795816533,0.15306314023573714,0.13419726162086368,0.04196955920075449,0.09244263449102064
2023-11-29,0.10909924573857233,0.1281388389285434,0.14980922116162346,0.1321191827389514,0.04237808690290941,0.09150827608034269
2023-11-30,0.1083186967578031,0.12801717535058715,0.14995830732938453,0.13213959807038034,0.04248849797907432,0.09233598186723908
2023-12-01,0.10900228499776526,0.1287249008827915,0.14971214310778547,0.13408294226496195,0.04260149299810618,0.09159101971763577
2023-12-04,0.10889801362685096,0.12634138953614976,0.14920440312280564,0.1340918226352751,0.04269970794203621,0.09217122875411736
2023-12-05,0.10874041213829051,0.1243514510275106,0.15108722458432441,0.12914946172119288,0.04269053987551192,0.08794819742057806
2023-12-06,0.10943551959764798,0.12408801185972915,0.15172906642652395,0.12894938013977286,0.04260982675170574,0.08769370911770617
2023-12-07,0.10941306570092058,0.12374373310332944,0.15104997198995518,0.12868431749330453,0.04261385901681,0.08771930359610076
2023-12-08,0.10984945615549062,0.1249772384194096,0.15038335895482996,0.12955577957812303,0.04260276576582699,0.08717715962500232
2023-12-11,0.11000798237919286,0.12349812635935653,0.15090576897197472,0.12810114156644148,0.04260303520386717,0.08727987525062676
2023-12-12,0.10997757427602425,0.12313254207451736,0.14793856154190863,0.12821971108230357,0.0426095965718135,0.08750846719630836
2023-12-13,0.11079714301338797,0.12069198243574707,0.14892936934648168,0.12821905492879443,0.04271455842659463,0.08684039844233057
2023-12-14,0.11088506626916067,0.11827024253654267,0.1497454863789492,0.12770619628236068,0.04485905928456041,0.08907534045977662
2023-12-15,0.1097796899503016,0.11828731415093144,0.15124708802477432,0.12811556787276954,0.04493494439350955,0.08907176676302452
2023-12-18,0.10976633472627499,0.11750338041571547,0.15168781173550291,0.12789769628385195,0.04492351877878685,0.08869272776525242
2023-12-19,0.10976085720482946,0.1175567362297937,0.14896088323532725,0.12727462455494298,0.04571888504097928,0.08881570451168938
2023-12-20,0.10924709484018541,0.11522976388869906,0.14957933410332722,0.12667641856417816,0.04612873939594778,0.08939378376523877
2023-12-21,0.10720130794993595,0.11495650466526997,0.1495663558378714,0.12697281553583978,0.04608328013955327,0.08994665441859183
2023-12-22,0.10644328140081023,0.11493477744926714,0.147429839297506,0.1266893978219503,0.04606497170456981,0.09142293902725512
2023-12-26,0.1060947795824071,0.11415241225462971,0.14698990771690942,0.1250390892667066,0.04607948303482072,0.09103069150198376
2023-12-27,0.10624502541079855,0.11415880621999805,0.1470623704385398,0.12441911790787906,0.046064235146100134,0.09351416224090356
2023-12-28,0.1051292212241148,0.11345693955765472,0.14739344712407182,0.12405815395279128,0.046057753471350875,0.09351373800203872
2023-12-29,0.10370561333175793,0.1134630774879599,0.14598197732437163,0.1243568283459036,0.04605959401868307,0.09394432546887804
2023-12-31,0.1029906696493929,0.11149951232860096,0.14542269567690863,0.1228619229013742,0.046055546532071424,0.09301302153898461
2024-01-02,0.10309004319489617,0.1108054367716722,0.1456634350617501,0.12214207174843351,0.04594746745742242,0.09495707223307233
2024-01-03,0.10282097218941164,0.11230234388394289,0.14605694800241975,0.12401423478865964,0.0465172733086983,0.09694220467268595
2024-01-04,0.10154957616199158,0.11234622660631283,0.14591335933482372,0.12324241643039449,0.04659635803453105,0.0972517116325851
2024-01-05,0.10187911436355364,0.11224828766678409,0.14362426541105583,0.12219479484338881,0.046806654409993126,0.09725224098293346
2024-01-08,0.10211773970972156,0.11243748885719174,0.14091598165575242,0.12271625532305526,0.0468265058689048,0.09749138640187974
2024-01-09,0.10229757902711974,0.11252235566197209,0.14109244143541577,0.12287306395785595,0.04682909571080841,0.09740551914377871
2024-01-10,0.10364556617948979,0.11175415042013724,0.14097670664502662,0.12268872610164722,0.04715111052245569,0.097335042999595
2024-01-11,0.1028784731187389,0.11202903876692528,0.13779241210830973,0.12095388913821323,0.04725171768873867,0.09777695654042393
2024-01-12,0.10286439550277378,0.11273621601800023,0.13779917114844675,0.12214505315547229,0.0472341630697124,0.09777421840393624
2024-01-15,0.10285660288930436,0.11307500153420477,0.1366479272057685,0.12205870409743654,0.04723617318444255,0.09730433072921414
2024-01-16,0.10323446783391556,0.1130236229903422,0.13724868386503158,0.12220948949209424,0.04737967848718498,0.09734662354518189
2024-01-17,0.10380864743865272,0.11395432005172662,0.14468342623186842,0.12410860660597789,0.047637171987822094,0.0972090151426327
2024-01-18,0.10356618432009204,0.11330664596334031,0.14299805177217945,0.1246897252045883,0.0476334588102312,0.0969264150370804
2024-01-19,0.10387811452288821,0.11324548434836695,0.14303844778072924,0.12425683613535991,0.04760172207044567,0.09693612614895594
2024-01-22,0.1053498526561501,0.11206173901424031,0.14338787827827293,0.12519383028488898,0.04766283464218943,0.09571590553894588
2024-01-23,0.10486552608358034,0.11222581807731843,0.14664021330254506,0.12525967339394545,0.04765250971024504,0.0957369335618622
2024-01-24,0.10481686430678919,0.11696389403615014,0.1481213294666491,0.12546100776933,0.04859735958238819,0.09628255658705562
2024-01-25,0.10000836326346374,0.11405120928307583,0.15049324229440392,0.12138355969502533,0.04917907755599979,0.09591825606502968
2024-01-26,0.09986159807744091,0.11534105262205385,0.15119200483235257,0.12166555351413798,0.04915888782564888,0.09595295226836391
2024-01-29,0.10066358330894055,0.11392520361248697,0.15117439174987643,0.12166713345588481,0.04914511640979481,0.09543999879488593
2024-01-30,0.10000354256653167,0.1125891226447077,0.15390657335642288,0.11992565178725265,0.048957472800395994,0.0958854629387385
2024-01-31,0.10222978906506285,0.1128854114955767,0.15362078022340506,0.12200576336296047,0.04935919282142528,0.09570951330900652
2024-02-01,0.10212605178434966,0.1125833592587112,0.1497153914623422,0.12235129428260626,0.050569773586217566,0.09686058979458385
2024-02-02,0.10520823035272123,0.11246783890651507,0.14779236563304507,0.12392055104543385,0.050476261817754324,0.09685905819983198
2024-02-05,0.10759456413502787,0.1124543382484588,0.1482740016194387,0.12389724274695585,0.0505722934876013,0.09732293439265154
2024-02-06,0.10744436842376136,0.11107578422203224,0.1549279739806679,0.1240575830128503,0.050630394075084795,0.09732445864126686
2024-02-07,0.10743492955155752,0.10951686242410624,0.15379877689301583,0.12245767440650915,0.05033965063151247,0.09737194739836778
2024-02-08,0.1040829392626603,0.10987223295234001,0.15123961359190913,0.12264795921461201,0.04981983433930145,0.0947222668526573
2024-02-09,0.10415951728979661,0.10983631212721662,0.15246542655183437,0.12200931705336684,0.048650420751914954,0.09416991172160001
2024-02-12,0.10390894325083083,0.10932731712288558,0.1515408768337788,0.12132052428873384,0.04831870226246733,0.09456913804285416
2024-02-13,0.10464469901251196,0.11146903479270677,0.1519373040850742,0.12453511614780123,0.048332196527023016,0.09181272479464399
2024-02-14,0.1047649508895616,0.10618093596136677,0.15163578720271684,0.12322760421707335,0.04823991072379797,0.09010934973266066
2024-02-15,0.10498295936050862,0.10655319369437012,0.149576967577462,0.12334095861303122,0.04812747448812337,0.08968723559835234
2024-02-16,0.10421413295433662,0.10664108472105367,0.15092103840315188,0.12261679017506126,0.048796615131338775,0.08984633398555929
2024-02-19,0.10418007514867804,0.10322892860749232,0.15090175877511391,0.12024106193742062,0.049518346724799496,0.09027558348201402
2024-02-20,0.10769413578802021,0.10339261216268718,0.1505844458663377,0.12206773945971237,0.049408245277371504,0.0904131218068788
2024-02-21,0.10671240493039422,0.10340919164942991,0.1506395619713958,0.12187394176684559,0.04920699614877245,0.09011940664948419
2024-02-22,0.1138319359709979,0.1041775648796347,0.15053029349881816,0.1238752895198388,0.0471716524231845,0.08911223616534553
2024-02-23,0.11344216337371009,0.10370554258418858,0.14944155702656955,0.12350428460226534,0.047143332956671224,0.08634112989546183
2024-02-26,0.11121348091786229,0.09928685005097419,0.14951773169126428,0.11913561453893341,0.045360258922236496,0.08633728334616231
2024-02-27,0.108696210987051,0.0992985112794462,0.14941653270164615,0.11820334311185939,0.04545352446203604,0.08287451054498432
2024-02-28,0.10871899527944313,0.09922014766875972,0.1514748267660816,0.11857612544979625,0.04313767111574544,0.08323465724562001
2024-02-29,0.10815425510820549,0.09945355080756235,0.15085002550089655,0.11311173027200817,0.042287950157724845,0.08264390085159477
2024-03-01,0.10692484058284095,0.09848185865814016,0.1506622270719832,0.11213022609538462,0.04206241636770255,0.08269914550230964
2024-03-04,0.10612653466017194,0.0968524029007441,0.15264764189138946,0.11195753555080677,0.042057193307536066,0.08240362408932188
2024-03-05,0.10717185699265266,0.09738015880435505,0.15301084011769076,0.11506032111339222,0.04203143800247817,0.08240359766120015
2024-03-06,0.1069436244208019,0.09690493665381057,0.1538234086843246,0.1136960625096973,0.04196517212186886,0.08181797390982386
2024-03-07,0.10166486480610959,0.09771592043356,0.15469886586817747,0.11338889960451407,0.04199505838416906,0.07965289556748034
2024-03-08,0.10102974727382633,0.09432666688325315,0.15498277110192663,0.10978493286720933,0.04078302774955698,0.07842339718230136
2024-03-11,0.1057640728107485,0.09528934186625083,0.15287657536192406,0.10908394750755102,0.039608858912429816,0.07855927740148873
2024-03-12,0.10715553293664862,0.09588324702779145,0.15371436734044652,0.10959987253736204,0.038761105875578516,0.07838031635473366
2024-03-13,0.10693330253673815,0.09573974527751566,0.15367497053920648,0.10875226907322931,0.03871947431568002,0.07860196167825202
2024-03-14,0.10690711066955311,0.09568522343368643,0.15364760420737159,0.10863876561866198,0.03876330287846511,0.07860388116150654
2024-03-15,0.10715593726016742,0.09429312427610986,0.15353813616414982,0.10853317144304866,0.03935681532549021,0.0769905363438961
2024-03-18,0.10755127297889001,0.09295410168772542,0.15350751847787017,0.10877000734251838,0.04001324878549842,0.0776266033856661
2024-03-19,0.10786966110170729,0.09244823761184028,0.15440826022895685,0.10845971989534599,0.039200263947106566,0.07720571614794142
2024-03-20,0.10827778851762762,0.09017956670388545,0.15436431807966025,0.10794546723480229,0.039823693195465255,0.07733330283988209
2024-03-21,0.10927639111810657,0.09117881593056311,0.152678343830194,0.11121494766016454,0.03996550245574927,0.07557921470896377
2024-03-22,0.10914498121669057,0.09144260420731135,0.15304980873247434,0.11006457976409004,0.04021337242612241,0.07456488345444083
2024-03-25,0.10930776251260814,0.09103631549583546,0.15416296619318007,0.11105841000857615,0.04025322454191171,0.07575213789291817
2024-03-26,0.10915895050115194,0.09121585771641103,0.1508554134696792,0.11099770285367339,0.04034890672800788,0.0755694351240642
2024-03-27,0.1093449205731326,0.09100720065447637,0.1511416607916805,0.11086544819450259,0.04036557487508286,0.0755733709900633
2024-03-28,0.10818057612046818,0.09084689233347092,0.14991949033953375,0.11060627601929422,0.038869978740839015,0.0760325729781292
2024-03-29,0.10818057612046818,0.09087322348284621,0.1492553078950359,0.11006123706328902,0.03886041272550154,0.07598343685463343
2024-03-31,0.10743206882297245,0.09083068645836401,0.1474285189951324,0.11001892134342,0.038869620679630165,0.07586901668560286
2024-04-01,0.1073655922708925,0.09040201165153096,0.14742039465213835,0.11003481854943448,0.0388532414106994,0.07587214094456873
2024-04-02,0.1074390799830245,0.09155930018635619,0.15138053100112833,0.11115261290939642,0.03784413563010295,0.07593775871474838
2024-04-03,0.1073814851594349,0.09157936224826597,0.15143850724300809,0.10952984826590427,0.03734586374254207,0.07607612054728155
2024-04-04,0.10734457540322766,0.09159379111646898,0.15138689243157966,0.10956419479052916,0.03724516881277288,0.0754897592045377
2024-04-05,0.10750688393974588,0.09357586314304167,0.15114084713733217,0.10950086827794876,0.037142509918748824,0.0762336541870101
2024-04-08,0.10715508345543752,0.09404156801243706,0.15119426873229908,0.10955962413961033,0.03700282939159189,0.07571175007273473
2024-04-09,0.10733195685419746,0.09565096472617907,0.1491999362628034,0.10943812021292577,0.03696639837631072,0.07490618001110493
2024-04-10,0.10649510735458008,0.09522784635066163,0.14877740025673905,0.10919950864543103,0.0368932324852934,0.07451935709598403
2024-04-11,0.10644212935176908,0.0959533516523501,0.14825116897116666,0.10917117978027437,0.03711406982405299,0.07445287928488188
2024-04-12,0.1072336562255986,0.09474309980606405,0.14844377026824696,0.1081829291489805,0.0371156829503211,0.07438558324213258
2024-04-15,0.1071833029674513,0.09490289809336946,0.1501448799955143,0.10823680257568953,0.03719822977274682,0.07645748313249015
2024-04-16,0.11281498056428191,0.09774112799339728,0.15807682607297924,0.11207392727821461,0.037928990660152234,0.0863744323354464
2024-04-17,0.11216231478017132,0.0977009646049562,0.157185278231554,0.11294723412165064,0.037807842632062834,0.08610400168722752
2024-04-18,0.11233360173166845,0.09783057614286622,0.1570138932449678,0.11236683548015494,0.03502994979132673,0.08405403615933653
2024-04-19,0.112830969479648,0.09812715096380191,0.15715434532411854,0.11495947373442278,0.034870688598834285,0.08412409462304198
2024-04-22,0.11293811523788655,0.09762372943588862,0.15715291318819494,0.1146419315173281,0.034967309015400946,0.08385047572041386
2024-04-23,0.11318041140753853,0.10043609601139716,0.1567176385788778,0.11645115427046653,0.03367829257305209,0.08376969107771293
2024-04-24,0.11417688400235529,0.10048112882412337,0.15600530183971087,0.11667204217885004,0.03296036817602258,0.08334372312810098
2024-04-25,0.11972367098856809,0.10288063511534938,0.15602323479997732,0.11909776624431706,0.033181841536821154,0.08291016427355513
2024-04-26,0.12454981114581459,0.10537100044862092,0.15758515601532225,0.12477141819791444,0.03382278865336784,0.08307079014235481
2024-04-29,0.12454800687862498,0.10572008021687328,0.16352398335459406,0.12485933361639842,0.03385272705505946,0.08407754633770262
2024-04-30,0.12430470505434388,0.10770444317800067,0.16353703147476076,0.12496236431014159,0.03385070074648525,0.08073455518032949
2024-05-01,0.12719352159904765,0.10843115595861796,0.1626933835227071,0.1261394490761854,0.0338463232785681,0.0806924651205681
2024-05-02,0.12725815998129703,0.1084297106782345,0.16383041648744123,0.12679737104943545,0.03384862555622192,0.08035188565243723
2024-05-03,0.12827743352247967,0.108797955710938,0.16446805131638617,0.12812337416365363,0.03390751324277129,0.08035188565243723
2024-05-06,0.1282885044323574,0.10931548359584105,0.16417799348770043,0.12804908361976744,0.033894032767902614,0.07815934186663134
2024-05-07,0.12822426239580992,0.1088465101206066,0.16327042684367984,0.12664058604733605,0.03345881273770122,0.07544356870027387
2024-05-08,0.1278789821283957,0.1087019108524668,0.1631990978294849,0.1261034055999414,0.03459927842996947,0.0752202223535728
2024-05-09,0.12755054214040482,0.10873276345884068,0.1631980783867386,0.12593126745751543,0.03436374533829371,0.07526176602294604
2024-05-10,0.12788746580219934,0.10890070343848068,0.16754574626031943,0.12549690275312064,0.0343125204031587,0.0747322567268502
2024-05-13,0.12817974745553795,0.10854445248160749,0.16732625024899822,0.12540413100162756,0.03539946976805615,0.074942477788274
2024-05-14,0.1276678029666768,0.10864400820608558,0.16741032681132567,0.1252193154636316,0.0348447998363492,0.07530902824556482
2024-05-15,0.1284372591367894,0.10789998748283955,0.16741413558616988,0.12589785966578743,0.03458332626690389,0.07458468167655063
2024-05-16,0.12856711274136068,0.10742393071287859,0.1683521188560673,0.12487236232369077,0.034660765113304445,0.07459561414074727
2024-05-17,0.12884857634789224,0.10707636640254449,0.16952259481184234,0.12511009746409996,0.034664085278353796,0.07486347669139384
2024-05-20,0.1286325067876308,0.10691894967160276,0.16888307056125587,0.12504563286853954,0.03453185236195721,0.07485372786253348
2024-05-21,0.12833781811532075,0.105719756226325,0.16190583029326172,0.12316161911525474,0.03427734938521111,0.0743551850456292
2024-05-22,0.12797112778739694,0.10505369802529287,0.16203412437289474,0.12089312401069202,0.034228026730209145,0.07461097098266851
2024-05-23,0.12778706056844932,0.10496505251550133,0.16355299121894443,0.1206759996363725,0.03420400931791414,0.07647250098182098
2024-05-24,0.12680869337904815,0.10452366486937943,0.16491675922165797,0.11974104060336539,0.03401833975661202,0.07622081246578352
2024-05-27,0.12682948907334213,0.10438355183284055,0.16226806082202183,0.11897303137250673,0.034016189479762475,0.07659676422776393
2024-05-28,0.12682757341010026,0.09923387744772585,0.1599245861942367,0.11873530189716204,0.03248558163582736,0.07644899129532226
2024-05-29,0.12683458883973253,0.10199870421064208,0.1584725246442399,0.11973935452005091,0.031609745853650936,0.07664977159976792
2024-05-30,0.1269353116036048,0.10062139906466057,0.15799212692439804,0.12048434598438294,0.03151982643306812,0.07897410327927315
2024-05-31,0.12700956053324874,0.10062633273149268,0.15964770767636044,0.1221577111392707,0.031498637303062,0.07903252142104503
2024-06-03,0.12779490241910707,0.10053831542680301,0.15790569039562663,0.12368715689923226,0.03184766620928088,0.08234176486844602
2024-06-04,0.12630160884018624,0.10207828534172625,0.15737707767294273,0.12233949888575558,0.030983416885292575,0.08426193813741185
2024-06-05,0.12692747697071563,0.10558092369256598,0.15690048111298374,0.1243989811372056,0.028867606095165872,0.08245471531274884
2024-06-06,0.12443862091123649,0.1059228631941772,0.1568478628949451,0.12262827827466374,0.02885349030185877,0.0824610031807095
2024-06-07,0.12255718777360568,0.1062190177950201,0.15631964284851516,0.12285299727586396,0.02874870113438824,0.08229198956608497
2024-06-10,0.12250140497078034,0.10649165209603452,0.14989723132548485,0.12273702986865435,0.028755747169847704,0.08590145435239536
2024-06-11,0.12225600182620795,0.10803458202984126,0.150089469210672,0.12278334890600485,0.028783417998997106,0.08593748026287455
2024-06-12,0.12296474289438462,0.10967724020373505,0.14979735961802984,0.123962094995624,0.028927522176960097,0.0859698965452952
2024-06-13,0.1229255229086571,0.11504407270351821,0.14800305913428713,0.1239848928588211,0.028900097835303704,0.08587525958934444
2024-06-14,0.12341403390735828,0.11909835246390517,0.14844256314984675,0.12332092500891567,0.029045473147600816,0.08575223055996388
2024-06-17,0.12221665176903661,0.11717651719805901,0.14843658232280596,0.12049414902931446,0.029065281864839133,0.08574245489170529
2024-06-18,0.12204697466884587,0.11725445050345348,0.14878684287967056,0.12081918818156101,0.029132796701275745,0.0853674494082346
2024-06-19,0.12191349742636469,0.11716705893035004,0.14918966420999036,0.12041907879190447,0.029101107892341813,0.09223115074155729
2024-06-20,0.12207654295800298,0.11865616917631944,0.14680036758604803,0.12076233935212971,0.02765539725756067,0.09195302995895777
2024-06-21,0.1224089236100127,0.1194637731592712,0.1466820024314689,0.12045867542133815,0.026438554407250313,0.09162828799922083
2024-06-24,0.11903571349497129,0.12017074713923126,0.14673471822331854,0.1187707102179101,0.026443433267129363,0.09151073554459756
2024-06-25,0.1190566352733302,0.12021265944553022,0.14635883504150776,0.11884109458941794,0.026451873886166287,0.0915117046912035
2024-06-26,0.11231756844107131,0.11724918064203953,0.14561435658641644,0.1157535812584125,0.027504726378508846,0.09151863547481326
2024-06-27,0.11144704790034045,0.1172599754993621,0.1469823015367832,0.11579518076192823,0.028668264040226026,0.09152662199534017
2024-06-28,0.11121311968607846,0.11728002505589874,0.14713273701216453,0.11580793546942923,0.028668941477604,0.09143123396306299
2024-06-30,0.11108053477114006,0.1170896572519667,0.14656837805033668,0.11581634481195308,0.02861034944650749,0.09142771482473848
2024-07-01,0.11409159545413694,0.11768822830226752,0.14450626865948799,0.11594080784413831,0.02874912504538837,0.0916967007910856
2024-07-02,0.11394942082913939,0.11797783020018508,0.14682844663580719,0.11596224188591074,0.028751790999541352,0.09230476241840978
2024-07-03,0.11318207849050879,0.11954092025482356,0.14691134005364032,0.11564099114990697,0.028765757190254898,0.09211044501048016
2024-07-04,0.11305361320534736,0.11952118318427098,0.14519144431879832,0.11564290605567652,0.028718232054896792,0.09278744031650354
2024-07-05,0.11241224778649267,0.1193733620372155,0.14489792288931458,0.11299993727082656,0.03010982165090894,0.09266613697011136
2024-07-08,0.11254204912026354,0.119159089694816,0.1440358843563748,0.11263892165880209,0.030157253689946678,0.09257574563386813
2024-07-09,0.112511012646938,0.11972525160117782,0.1441553762586107,0.11291691123113001,0.03112195621446326,0.09245012022164831
2024-07-10,0.11204638420889108,0.12085422799793778,0.14446094991761108,0.11304232090403854,0.030995909667454406,0.09243480599873038
2024-07-11,0.1079376708755126,0.12051038762204423,0.14567111110614242,0.11296643536012636,0.031001126361929244,0.09209301736023674
2024-07-12,0.10706299627680625,0.12116585312644391,0.14439568065760244,0.1122769277447735,0.03098446402193369,0.09210711218269746
2024-07-15,0.10692578600899623,0.12285585678775589,0.14520359519824994,0.11197707695363557,0.030911939079602515,0.09167961101367625
2024-07-16,0.10696241493159654,0.12346627783117951,0.14601036689626765,0.11216767101613975,0.03090367393849608,0.09228268692530163
2024-07-17,0.1089681893362674,0.12520587815777784,0.14640819778076547,0.11393824800183712,0.029850813237134326,0.09217170457132856
2024-07-18,0.10858789924419893,0.12544673903495449,0.146406114120958,0.11503092811668765,0.028732022153624834,0.0918918229775729
2024-07-19,0.10876645195841944,0.12605816250758844,0.1468568473936828,0.11609551404686423,0.028723802151163373,0.0919201195414617
2024-07-22,0.10815209040568592,0.128587923958249,0.1473074462062548,0.11603765131222682,0.02761039296590004,0.09187762859268638
2024-07-23,0.10775013979091314,0.12752854870243538,0.14675126331406935,0.11215743520016008,0.027374453064008746,0.0908493639162577
2024-07-24,0.11070043396035341,0.12886179863960368,0.14624603943234807,0.11860376114855826,0.026991209608452554,0.09089641353417383
2024-07-25,0.11332559762222673,0.12996979141578885,0.14517160798091436,0.11878593605436966,0.027438850514400672,0.09123711584272913
2024-07-26,0.1135557285398629,0.13083899524318174,0.14489050845252077,0.11915710081940793,0.02806569889178211,0.09145271879313971
2024-07-29,0.11469765367072207,0.1316377052758229,0.14513410160460477,0.11941541071517893,0.028072315344697635,0.09150195393380828
2024-07-30,0.11396094291871282,0.1319569189155405,0.14444915454728643,0.11912276759383844,0.028096615585300095,0.09106275518370475
2024-07-31,0.11395705424389048,0.132603930645419,0.14469616878375036,0.12181281558578747,0.028119870807961772,0.0910976418135157
2024-08-01,0.11741388032968622,0.13765512565457938,0.14471623339981132,0.12422356218163513,0.0281267008995779,0.09111906920828777
2024-08-02,0.14386125690852308,0.14443844469387626,0.1569808923696578,0.1470903783761049,0.028368799568888093,0.10026969240049477
2024-08-05,0.15693729698982703,0.1456523626178446,0.16847512410708634,0.15373023967068514,0.029514747275446788,0.12970929865491237
2024-08-06,0.15977000827931942,0.1453674074866527,0.17084175375991414,0.15465159551919544,0.029562971767403454,0.13250358835966852
2024-08-07,0.16330687042558725,0.14961728315795347,0.17378631759579077,0.15676907266955492,0.029760838475789787,0.13493265925606715
2024-08-08,0.16396094832469685,0.1485199293759444,0.1742749934890865,0.155707659056007,0.03047411290576334,0.13446468999703048
2024-08-09,0.16418608545284366,0.14795725614522154,0.1744787907237969,0.1556059372604304,0.031027777940233283,0.13446468999703048
2024-08-12,0.16417395249369898,0.14691630558586338,0.17372964108358926,0.1561984242415873,0.031052947715222618,0.1347864865363565
2024-08-13,0.16489281017006163,0.14711464782322248,0.1733436775946758,0.1566452066714437,0.03107462900660356,0.13483469403735737
2024-08-14,0.16479376147337393,0.1472525914051025,0.17333125422030088,0.15654547981970565,0.03085310039330535,0.13518013183675215
2024-08-15,0.16755173611239474,0.15043470846750348,0.1732133024409622,0.16075143912203654,0.03084430889254071,0.13738241283405556
2024-08-16,0.16755275367332575,0.15044203543296686,0.17260816789646224,0.1606718525242047,0.030867929992411853,0.13615047703141558
2024-08-19,0.16420987511223878,0.14925755381512817,0.16554774987338783,0.1580712997702961,0.02991746869912712,0.13017262768453555
2024-08-20,0.16440979526675306,0.14932710875278046,0.16577506952090132,0.15753674850974497,0.029899256787774376,0.13030013428445764
2024-08-21,0.16349525308211257,0.1494520219030622,0.16507749488030252,0.1575335170853639,0.02990032441037776,0.13029355355200203
2024-08-22,0.16318637805768738,0.14930975696080928,0.16343122190060652,0.15494982757818332,0.029904471456620126,0.13025962001845887
2024-08-23,0.16355038078525014,0.1492073986731886,0.16313750535594085,0.15500577594877307,0.029825108280659228,0.13016874418794022
2024-08-26,0.1632986480122961,0.14704036433827763,0.1638675714415545,0.15371016466684248,0.02975730237904612,0.13018472443416965
2024-08-27,0.16305592038410158,0.1470418967928538,0.1637063833618916,0.15336668258722924,0.029809015676033366,0.1303130350999602
2024-08-28,0.1585278274943942,0.14572305158376384,0.16397766232199745,0.15103432328760008,0.029588914293873465,0.13016031818650753
2024-08-29,0.1546411168524658,0.14467168146315007,0.1624140298294154,0.14845156703104892,0.02877601879015017,0.12893300940670327
2024-08-30,0.15459062514036448,0.14451823027948005,0.1561534679114783,0.14886627367382635,0.028804650936749217,0.12819940238890795
2024-08-31,0.15457595742941146,0.14328151094142297,0.15572165880537547,0.14873204141999963,0.02879315890482852,0.1281768445046995
2024-09-02,0.15242049516799597,0.1427483287486858,0.15588062038365802,0.1472823753241967,0.028783537742181176,0.1284827840280855
2024-09-03,0.15267662640866977,0.14429489471255022,0.15446174519306477,0.14894624046032487,0.028793118946046352,0.1287884439900028
2024-09-04,0.1535550259685733,0.14553930255393308,0.15479360753001822,0.14903312658959622,0.02880334051536529,0.12917877898668662
2024-09-05,0.15336160443132293,0.14532121277578194,0.15491220335201464,0.14916501321544792,0.02879342013029948,0.1291433185546625
2024-09-06,0.15350885912747236,0.14608832934838492,0.15470388073451402,0.15076028990861923,0.02860195676857641,0.12914683391680273
2024-09-09,0.15330179750278805,0.14668004140433502,0.1564069122979303,0.15180554882033892,0.02717769812995032,0.12969118251519263
2024-09-10,0.15361635633172643,0.14664858894028288,0.15664111973282235,0.15192775973400335,0.027171566664075567,0.1296761056004256
2024-09-11,0.15323564395488903,0.1463370901822482,0.152069630641603,0.15194434162360185,0.027302344595702195,0.1314561367668135
2024-09-12,0.15481086627952373,0.1474487672546552,0.1533699480984148,0.15358219154762087,0.025844060520816226,0.1315907335332354
2024-09-13,0.1550513982153327,0.1478544518355597,0.15327340486170402,0.15418417987756866,0.025839910899477625,0.13147643788871322
2024-09-16,0.15420215851930655,0.14773729867017232,0.15333604729427466,0.15420498450241438,0.025851801890702034,0.13152590675226355
2024-09-17,0.15403298305252813,0.1482409848629025,0.15266137548542874,0.1547110705757102,0.025781809478629816,0.1318319973208801
2024-09-18,0.15405663086329094,0.1484008626357538,0.1507924061016162,0.15526483961431234,0.025768731750322894,0.13163384335341283
2024-09-19,0.15520855512031037,0.1529626339213175,0.151697684513005,0.15918931411814796,0.026052051995583945,0.1326011835523946
2024-09-20,0.15501166852212264,0.1546188749995978,0.1516682365185449,0.15950490185483682,0.026031173096549603,0.1326496066381377
2024-09-23,0.1549008385499761,0.15456977029837235,0.1521368457271905,0.15983724243826392,0.026016440858833482,0.13356206283812563
2024-09-24,0.15492940234497748,0.15558680129725963,0.15452618334490664,0.16008347896727856,0.027215458573769828,0.13288644462662463
2024-09-25,0.15457052747658245,0.15572480899831626,0.15244014013141144,0.15979504560500157,0.02825710276507869,0.1328041099737982
2024-09-26,0.1552539491548387,0.16026830965981573,0.1623627567351101,0.16068844448085276,0.028261887112591314,0.13419957054888756
2024-09-27,0.15544916575595857,0.16049032265689808,0.1698451918802861,0.16089519844640177,0.02822482385540651,0.13458109968622955
2024-09-30,0.15556266595164006,0.16046047900672974,0.1731141658454625,0.16048286916702298,0.02813958715266409,0.13599015390223718
2024-10-01,0.15593241601095473,0.1610917715777397,0.17297715010620518,0.15977695005934256,0.02814346964539716,0.1344657374335463
2024-10-02,0.155490637553873,0.1611062765301827,0.18379725347082695,0.15902238499039822,0.028152717980934973,0.13656049343717325
2024-10-03,0.15493466755228666,0.16153924396579833,0.18661074275711803,0.15776391301420153,0.027877170154910286,0.13524494952744182
2024-10-04,0.15526003391423357,0.16095933838933735,0.1876726611234068,0.1585642677273402,0.027945931837028218,0.13414913435162049
2024-10-07,0.15462089740555285,0.15836739026785912,0.18880972264083712,0.15703767527553006,0.02801935595036373,0.1340742222638357
2024-10-08,0.15418415249371858,0.15805134663537795,0.20460248055159055,0.15695040643870653,0.02805669046727695,0.13423082851616996
2024-10-09,0.15406817792946717,0.15833054075367367,0.20644444473285364,0.15720607843627538,0.02804523309426687,0.13403298406987343
2024-10-10,0.1541119239344937,0.15797773164826961,0.2065322398273137,0.15711931342766564,0.02796702339822055,0.1320676729006734
2024-10-11,0.15444038537261962,0.1574139873659634,0.20644057370507668,0.15722115197256067,0.02793131013299652,0.13212524269673448
2024-10-14,0.15546960630949577,0.15620946599575958,0.2056720378741734,0.15605744535808394,0.02781264605057105,0.1321007436628559
2024-10-15,0.15547091898640042,0.15514951478751815,0.2075225612038886,0.15593523798411446,0.027875487753657852,0.13218783002077272
2024-10-16,0.15523180415495666,0.15211722966403726,0.20784797883146672,0.15593779723490453,0.027565367345008057,0.13239253682475274
2024-10-17,0.15765218543960013,0.1520969574673552,0.20932339471264305,0.15627428797066537,0.02750767290120882,0.13240965606516905
2024-10-18,0.1576067793228451,0.1521376555037372,0.21178816909982826,0.15604664843220084,0.027467878551534174,0.1324169088742538
2024-10-21,0.15770664425761047,0.1526302748428673,0.21139757849302018,0.15618986018281955,0.027484128903417775,0.12780834307793407
2024-10-22,0.1575389398298276,0.15120393263233148,0.21142349982203484,0.15588603705870693,0.0275847427034939,0.1278457584541278
2024-10-23,0.15733881729744376,0.15072348276810946,0.21112745222941498,0.15587367941687055,0.02759910154761397,0.1280571194455002
2024-10-24,0.1579892444202258,0.15005843523979423,0.21232105553783098,0.15630076923361513,0.027599794903412914,0.12794409168058296
2024-10-25,0.15857695003698125,0.15002235267981834,0.21282702301897022,0.15670991697400333,0.027609130229047953,0.12807528779797717
2024-10-28,0.1585661807926992,0.15016780550185357,0.21400429332521562,0.15653499015317837,0.026609671588518354,0.12886036784978916
2024-10-29,0.15859857675559694,0.15025813657559292,0.21306344871206917,0.15680487111857694,0.025117380066234055,0.12879798829284334
2024-10-30,0.1582645739145155,0.15128165372143662,0.21463705709829317,0.15810020579314926,0.025083582274886117,0.12885375056668794
2024-10-31,0.16296785699621352,0.15294831156633648,0.21501503274884937,0.1617424624976196,0.02530564513863141,0.12946197610815904
2024-11-01,0.16151112066858783,0.15342090160303049,0.21499402304138546,0.16207080293960519,0.02517583063990803,0.12942078880110786
2024-11-04,0.16259531321284054,0.15342416210287138,0.21347250839997306,0.1623194740069668,0.025161667483154977,0.1295005026287758
2024-11-05,0.1627772194166788,0.1520680983289082,0.2144102179625901,0.16249721838130052,0.0251483428888511,0.1296335078450439
2024-11-06,0.17473953742222798,0.15354194824275574,0.21427178261222363,0.1678621145239195,0.025213886413304618,0.1310731583234969
2024-11-07,0.1750441734545988,0.15464835834694657,0.2155305814948873,0.16870886735945653,0.023659425205700284,0.13158589422491287
2024-11-08,0.1754542905210614,0.1555346987105211,0.2164855317171141,0.16871024952519115,0.023615095207195083,0.13157993619875266
2024-11-11,0.1764493726304269,0.15508035302163542,0.21594635892762815,0.16862892261796464,0.022009197148377173,0.13192194606410623
2024-11-12,0.17650358109057795,0.15870809223289745,0.22055694144415824,0.16911510759600493,0.022012249934725503,0.13207259566849616
2024-11-13,0.17650365396661205,0.15856099316937936,0.21906301321593322,0.16919253186298902,0.022026411993530143,0.13215403708491705
2024-11-14,0.17605910382596718,0.1604409278152839,0.2187588463488202,0.16898791059765603,0.02306928348783369,0.13212282193439695
2024-11-15,0.17786025621686313,0.15972521275384433,0.21831817036814236,0.17096490916092855,0.023078484329658866,0.13214335188739418
2024-11-18,0.17917318211622182,0.15929828126917367,0.21767588192121523,0.17079709416074787,0.023103258555365713,0.13169023314510767
2024-11-19,0.17776384782914223,0.1585245130095468,0.21692970956494415,0.16883686173150067,0.02312123843325536,0.13189692250605267
2024-11-20,0.17812230871613785,0.15853295843482937,0.21699989952370444,0.16805847806662857,0.024103395512363682,0.1321637269857243
2024-11-21,0.17776340626751072,0.1581097586385639,0.2161838960392297,0.16801229296040046,0.024126265147944678,0.13242884699775034
2024-11-22,0.18083483654488589,0.15658232239863104,0.21606134899728585,0.16914162857538312,0.024122059243418537,0.13323925315330484
2024-11-25,0.18085970662807901,0.15647089108369974,0.21614928296174238,0.16863916389244252,0.024158837230605804,0.13360208271276502
2024-11-26,0.17883941970320466,0.15585228012476854,0.2160303500489526,0.1640548479931728,0.024154677848109443,0.13361031822880096
2024-11-27,0.17700888695741687,0.15515644003057666,0.21599810613487502,0.16540035408678685,0.023559051492046585,0.13336110089458164
2024-11-28,0.1769479130783029,0.15446438404885876,0.2163802441592952,0.16526587789645147,0.022654619123314214,0.13311009062848927
2024-11-29,0.17627660602882905,0.15440637400986487,0.21595918229125866,0.16531093135160063,0.02265518610863432,0.13308244834834912
2024-12-02,0.17696863557119163,0.1549548005005054,0.21748699343347314,0.16673280981598843,0.022635493118956213,0.13478819814187717
2024-12-03,0.17710505231872495,0.1548856898584937,0.21736965123498808,0.16508506923611319,0.02305356787231089,0.13481985399950033
2024-12-04,0.17509642975098003,0.15072708104853336,0.2173684460063568,0.16366526507987358,0.024490072767654428,0.13553004416834633
2024-12-05,0.15353584605865073,0.14387457842187312,0.20898287358678005,0.1425171708505954,0.024206597287427748,0.12880307876233985
2024-12-06,0.137948183286462,0.14180397541961254,0.19538459749128806,0.13350613458977986,0.022668517839981733,0.09775916448183677
2024-12-09,0.13604235326970868,0.14180304996103257,0.20001424117455546,0.13368821280784637,0.023800671212536612,0.09513787634187641
2024-12-10,0.13247931190271342,0.13860791068171635,0.19953603658082428,0.132094051331979,0.024297224829458324,0.09203960832058102
2024-12-11,0.13100957888036702,0.1386052863511597,0.1995672868603372,0.13211526587698258,0.023449703862976543,0.09190514159671768
2024-12-12,0.13119814932998508,0.1386007932467049,0.19954257975769168,0.13210842638158476,0.022646987405968804,0.09188196801751912
2024-12-13,0.13133511264719205,0.13858550318868096,0.20017464211201164,0.13225568707750227,0.022650294384196804,0.0915788838583525
2024-12-16,0.13077606479254955,0.13864992982788676,0.20011658268285729,0.13192884115598846,0.022636066636916957,0.09155988465349513
2024-12-17,0.13194053405212366,0.1383094886575028,0.20158466028718394,0.1318680243075352,0.02262192468522503,0.09255482748035247
2024-12-18,0.1277211490941785,0.13514209720902196,0.2017134628626204,0.1273632170556307,0.022617815009038412,0.08954286101725507
2024-12-19,0.1317762995454604,0.13757347383397556,0.20045685309869898,0.13024338582148276,0.022631717348711278,0.08952075963359839
2024-12-20,0.1333941260955241,0.13726657188766417,0.20037748813359027,0.1303191725591527,0.022656370314103974,0.08931819882534958
2024-12-23,0.1355164050545302,0.13721997166190555,0.20009394900568475,0.1301618689166511,0.02265841797175124,0.08922287564645374
2024-12-24,0.13547644283715812,0.13704224484212907,0.1999909190454929,0.13088169979101705,0.02265794832674725,0.0892306913711281
2024-12-26,0.13549148861534802,0.13740140730163927,0.19990353715146048,0.13092321028516596,0.02266313248454992,0.08921020492302209
2024-12-27,0.13513157317012214,0.13714784001922606,0.1999160444423522,0.13276119991901486,0.02265802304746683,0.08912395563571472
2024-12-30,0.13855004917651884,0.13744087238623925,0.19960965089452157,0.13307518147934533,0.022632786315322114,0.08915239910791849
2024-12-31,0.1386846405824755,0.13769262942078492,0.19967276703970932,0.1331493442327179,0.022571551239324618,0.08900882163271365
2025-01-02,0.13936933778913121,0.137920806089084,0.19942715422573354,0.13316406537172448,0.02257045217109992,0.09019167613525092
2025-01-03,0.13924048807364006,0.13771759036377385,0.1994188390279499,0.13082611899405167,0.02257582096589395,0.09017478841089141
2025-01-06,0.13962366929609465,0.14348925646227764,0.1995894791226879,0.1311631364570976,0.02250834751942164,0.09023206943035986
2025-01-07,0.13970702918071812,0.14367193546264562,0.2004324088835624,0.13185286297023316,0.02252251980419772,0.09023988541093124
2025-01-08,0.14033527107780822,0.14371780830256348,0.20207429972582056,0.13194810211402452,0.022634231388500098,0.08988992683004153
2025-01-09,0.1398666224879594,0.14233765752133437,0.20206645320949082,0.1290519174723688,0.022796173175691457,0.08933078869578034
2025-01-10,0.13797421842202565,0.14121406118912097,0.20213411264598252,0.12951515097939648,0.0228087487729636,0.08863076929091679
2025-01-13,0.13849844722677815,0.14097296542900553,0.20316542670973797,0.1301871549956864,0.022963600348048775,0.08905161829240693
2025-01-14,0.13804690343113887,0.13856169777068467,0.2035447462400322,0.12733183714468832,0.02295885504301692,0.08903744101874461
2025-01-15,0.1392526095301285,0.13888457409469096,0.20249493773044844,0.1290107229182536,0.02314677051550256,0.08868017405520649
2025-01-16,0.13909152681992742,0.14037069183585935,0.20279019900824177,0.12915046556285417,0.023169264852269427,0.0886678796204311
2025-01-17,0.13882321542814954,0.14086903010648466,0.20174865123469624,0.12966836110900634,0.024111602214452695,0.08567712211206749
2025-01-20,0.1371441074315422,0.14010822711043364,0.20108626476361274,0.12870560526057037,0.024745264638894808,0.08585206581160955
2025-01-21,0.13682781356180276,0.1398771609796733,0.20356282746528961,0.1281595495855631,0.024715886951280693,0.08593235922093194
2025-01-22,0.1368800328390037,0.14039061340164793,0.20442634643344515,0.12757101709815974,0.02562508244460917,0.08585799298243654
2025-01-23,0.136807593331176,0.1400212386698781,0.20409876675843408,0.12731098011759995,0.02648860752056332,0.08577614716197338
2025-01-24,0.13663997448930873,0.13962454364980764,0.20395675827580953,0.1269807068478316,0.026489888287118752,0.08615025705571296
2025-01-27,0.14264487881554216,0.13547998951557422,0.20453179137487895,0.12490259057053521,0.02619675295029302,0.08620736766531722
2025-01-28,0.14299729344525713,0.13314337109329255,0.20588292312445447,0.12560889938349257,0.02621073331293379,0.08724164754980268
2025-01-29,0.1439228651012384,0.1334214494795455,0.20550335689084656,0.12519952059997913,0.02723047054114003,0.08606806453584011
2025-01-30,0.14378221979837533,0.13353553662130857,0.20342883864940042,0.12532294585671383,0.026328893562318812,0.08562794354620588
2025-01-31,0.14456501911538988,0.13328806007702418,0.20341837440286942,0.1259152790553414,0.025352622400407927,0.08568160359623929
2025-02-03,0.14678080978233715,0.13001531393158042,0.19617076414156565,0.12629854852719308,0.025379408019892927,0.08384427160921168
2025-02-04,0.14649742668629204,0.13040565248459446,0.19016595527107222,0.1261158120442114,0.02538747013687706,0.0821867763049928
2025-02-05,0.1465687213633317,0.1284023072256446,0.18708420154961602,0.12584154509796033,0.02546783192588262,0.07981750885645442
2025-02-06,0.14841046416067977,0.13012125110172343,0.18981053325303754,0.12611525580409555,0.025468493331723165,0.08330548529568556
2025-02-07,0.14823868918518732,0.13062267115109916,0.17791568982519299,0.12575781909649578,0.02545682618948816,0.07985129912931149
2025-02-10,0.14814601431755448,0.12985418519551675,0.17407076498471524,0.1275609194344763,0.025426584445762727,0.07836357885396013
2025-02-11,0.14798587025641136,0.1298382727036898,0.17222723407187504,0.12645609078355605,0.02536014888246027,0.07819074488866767
2025-02-12,0.148230641811605,0.12982607991864498,0.17249806604504558,0.1262281175943369,0.025307810339272006,0.0781991930010602
2025-02-13,0.1482740678140783,0.13290371903016143,0.15424570382124722,0.1262711012233981,0.0265552885658364,0.07804085987217846
2025-02-14,0.14820207402520227,0.13264971598731656,0.15208015525330282,0.12576168236944701,0.026937784103016102,0.078382530055747
2025-02-17,0.1480084622237904,0.13263055591311199,0.15524168394202445,0.12595544410570986,0.026936292820886262,0.0784296510604509
2025-02-18,0.147894144229638,0.13231402841297007,0.15530851937600235,0.12607714447389054,0.02790765719186375,0.07902189058384085
2025-02-19,0.14607740242751752,0.1340329736503446,0.15519500854567272,0.12603976901835312,0.028764567835765417,0.07964813054347679
2025-02-20,0.14614237006392383,0.13069192253484516,0.15334776698023062,0.1263710217357237,0.028693150490389386,0.07956709090576959
2025-02-21,0.14622126529007545,0.1299842100440305,0.15265096638069847,0.12667473668917592,0.028685080995910533,0.0795847345574127
2025-02-24,0.14606745324874543,0.1297728003786757,0.15051972625132884,0.1302459858220676,0.028654426725093017,0.08081684559321688
2025-02-25,0.14697820883193524,0.1294736935119586,0.1473943690163442,0.13150345603122315,0.028645559184586847,0.08091340780379817
2025-02-26,0.14740862074636624,0.13036454768487388,0.14879309039293803,0.13138147752799037,0.028647074040530743,0.08103457482000256
2025-02-27,0.14742299083878457,0.13174695143929913,0.14916932750224837,0.13182258596442184,0.02917215214463093,0.08094491385501215
2025-02-28,0.14821044568928207,0.13160110391499152,0.15459844949885465,0.13406572432025674,0.029992047975608883,0.0812531232369032
2025-03-03,0.14761097083354208,0.133310744771638,0.15295429660863422,0.1335825861495203,0.03080398700677664,0.08125120856607003
2025-03-04,0.1566042836984883,0.1418499741969949,0.15317715448887378,0.1430913892491196,0.030864488073314097,0.08522209116889391
2025-03-05,0.16000131751181176,0.14514773715162121,0.15212195772898662,0.14332491175040019,0.032344809336535205,0.08429261852243858
2025-03-06,0.16056025288645948,0.14502970555607692,0.15501360170863124,0.14294458857030568,0.034683139027414975,0.08438891980967073
2025-03-07,0.1608320679345728,0.1447810784659153,0.15249538023950343,0.14397521076934827,0.03469509481817802,0.08337707576382244
2025-03-10,0.16164439339505976,0.14533858940179215,0.1518841728212452,0.1408508929029072,0.034857478445842235,0.0839821396512292
2025-03-11,0.16320648969919788,0.1469414228853033,0.15399211810546373,0.1455629103256003,0.03497147568906697,0.08522610479060853
2025-03-12,0.16279724988718464,0.14698301046722104,0.1544237912488202,0.14624817864988765,0.035066537617236805,0.08572378656846999
2025-03-13,0.16278631683079697,0.1474101596511692,0.15306182613780184,0.1469813827798403,0.03514836609004313,0.08687627937257189
2025-03-14,0.14929450597830565,0.14687240130210988,0.15436963733630443,0.14364470342704772,0.03515793136673628,0.08504528955980414
2025-03-17,0.14858206987506478,0.14659944694898433,0.15368931420411955,0.143083087059997,0.035238429002893805,0.08440704411724936
2025-03-18,0.14796842636801713,0.1454590075288852,0.15240597633961137,0.14344465426000644,0.03608707809992422,0.08440853897478655
2025-03-19,0.1471006016415595,0.14466130854565556,0.15295250142419295,0.14426542340043375,0.03652593315741263,0.08646986325583414
2025-03-20,0.15034106078515458,0.13974470278654974,0.1452336376461146,0.14369079625440287,0.03653632616813433,0.0861900489658014
2025-03-21,0.15148744902859276,0.13985486769359773,0.14620136063054448,0.14352182145429115,0.03652730437963875,0.08596952893982247
2025-03-24,0.15740695181338182,0.13675656158575014,0.14668496037520368,0.1448985215654232,0.03579781126149276,0.08600356573417271
2025-03-25,0.15594484942812026,0.13719284781045202,0.14704423337344427,0.14271177755619108,0.03579781126149276,0.08611472622048594
2025-03-26,0.15492036603891352,0.13924752534892265,0.14726696033945488,0.14340692226662352,0.03579328673936668,0.08690577837855336
2025-03-27,0.15506189319868602,0.13881763106069805,0.14731228257180318,0.14370492839095936,0.03588149058526827,0.086215884129991
2025-03-28,0.1602406302891933,0.1395755743453498,0.14980178981649375,0.15026923192189306,0.03533986868044324,0.08628333885178366
2025-03-31,0.1621291787607515,0.14227824981925005,0.1505878925425461,0.15101516078312172,0.03541816185754784,0.0859628274266437
2025-04-01,0.16028095761099573,0.1434211372240257,0.15074824835103431,0.15203112643722833,0.035417215799138896,0.08461503625405907
2025-04-02,0.16007962868427994,0.14357931221359863,0.15076986917012175,0.1520384832530622,0.035373040548293426,0.08509568714054325
2025-04-03,0.17801553065425757,0.1552079303526375,0.16059784723122697,0.18040186098660582,0.03581252998767163,0.10853506662929999
2025-04-04,0.18610817220561632,0.17394612764315978,0.17212872601306917,0.19710998843838307,0.03936668469141593,0.11921327587873416
2025-04-07,0.1997390878673862,0.1902705667488694,0.1836604176539091,0.20146612962092653,0.04327943543357178,0.13616455069968203
2025-04-08,0.22522580582005355,0.19480120710663312,0.18430457524752558,0.20631443788347226,0.044747451711873346,0.1471865269052025
2025-04-09,0.24160232391896078,0.20136190378490468,0.18779869643767327,0.22178673655679307,0.04735653893359954,0.15452358206045033
2025-04-10,0.2575731571566194,0.21414432810415593,0.19850531318823608,0.2324376688612873,0.05129337900817687,0.16553830502673625
2025-04-11,0.26032605288727695,0.21395174853291576,0.19967796620599387,0.23170678148395132,0.0506905644691946,0.16600571823192042
2025-04-14,0.26468026210081536,0.2180450754804559,0.20450871497871873,0.23600134478060983,0.05082125413429272,0.17036165207413445
2025-04-15,0.2646733888554146,0.21905748009976628,0.20453998096685289,0.2379533258751853,0.05103905675182946,0.17129607462856503
2025-04-16,0.26805178616293845,0.21908370773850985,0.198717254397625,0.23928798841861967,0.05036493997210876,0.17088671311280526
2025-04-17,0.2680028402223798,0.21904497522878238,0.197492593420516,0.23927076409672984,0.050306030137412,0.17093518697822466
2025-04-18,0.2678404677378959,0.21903459205364006,0.1970236663612687,0.23903274117273332,0.0502949869339519,0.17087031768294952
2025-04-21,0.26787311222746113,0.21903020325093464,0.19683779241172739,0.24268125449372457,0.05029436714474628,0.17085929590663415
2025-04-22,0.2705128683168224,0.21935998521954314,0.19631772489059546,0.24769227590344706,0.05031716679316171,0.17087701290265286
2025-04-23,0.2879556883867033,0.22380068389650895,0.20547148182470118,0.25578304370831745,0.05123686436288695,0.1735934269712045
2025-04-24,0.28785890854444757,0.22389480840724324,0.2051652588795949,0.25741448746261625,0.051262894052620495,0.17320803509967517
2025-04-25,0.28855348555212645,0.2241863894085709,0.205156926881065,0.257279539218679,0.051308715384952526,0.1732170777027195
2025-04-28,0.2877677819325361,0.22248328442886808,0.20629048713246867,0.2563058266241297,0.051294495139859016,0.17327597484939541
2025-04-29,0.28737274568860605,0.22239616511897142,0.20675308199769157,0.25668077900522457,0.05129143833592561,0.17326462267416193
2025-04-30,0.2861212387883717,0.22235986685623582,0.20686868197449965,0.2567556044850548,0.051405094980910296,0.17348872464896994
2025-05-01,0.29590819711826544,0.2223125267768445,0.20686868197449965,0.2603284308005205,0.05140452135257937,0.17348872464896994
2025-05-02,0.29607935801434004,0.22583438505442624,0.20835732385133138,0.26123821185185264,0.05140440005962667,0.17348872464896994
2025-05-05,0.2959056300673672,0.2258334356764732,0.20841113931207494,0.26057751916232563,0.0514044987720733,0.17505329056158048
2025-05-06,0.295129838935151,0.22564496149272414,0.20808190683095495,0.2606774466001412,0.05142396864944019,0.17522197888667362
2025-05-07,0.29464392373029374,0.2258462543253302,0.20821915929816173,0.26055983235344865,0.05144436918503957,0.1751332504094432
2025-05-08,0.29450086543656007,0.22634907467690837,0.2083077979935616,0.2629699119420051,0.051476783702552396,0.1746651348235516
2025-05-09,0.2948977166911074,0.2257233661867814,0.20829286325007998,0.2630070941294758,0.051473888749909276,0.17557070844449763
2025-05-12,0.3007427913480184,0.22395907947146437,0.215639110232295,0.27704952789869375,0.05310784098384618,0.17706757521918198
2025-05-13,0.3013686938827462,0.2239783165763253,0.21505535292290295,0.2773795208348617,0.053225159909659744,0.17706605354185215
2025-05-14,0.3012523219838326,0.2239110566778789,0.21349039670579534,0.2774572604126439,0.05358950366992071,0.17720735924726275
2025-05-15,0.30126261717218616,0.22384456852543388,0.21415101397165998,0.2774393070433452,0.05414112474220457,0.17720611609971712
2025-05-16,0.30156223713098307,0.22338125724672983,0.21471339085061894,0.2766652761637373,0.0541225752524251,0.17725338611480337
2025-05-19,0.30143321258999456,0.22318336924290896,0.2134215136092625,0.2767388467832256,0.05404512258226037,0.17720457257203315
2025-05-20,0.301446762955392,0.22319746018476233,0.21426543475579315,0.2767293867337708,0.0540534528543152,0.17737256751424563
2025-05-21,0.30125342028181595,0.2226870440395119,0.21434003885074587,0.27525425531018105,0.05398370335260334,0.17701186584702638
2025-05-22,0.3011988572497466,0.22175659069224568,0.21405241461458735,0.2751700897644989,0.05399302994464703,0.1772127682827624
2025-05-23,0.3022155240071774,0.2236272309960228,0.21476442923978326,0.27672691041093744,0.05347735928843401,0.17720182691357494
2025-05-26,0.3022155240071774,0.22444754255200003,0.2149252187569608,0.2772959034817877,0.05321184497446492,0.17730599156602123
2025-05-27,0.30314640621800115,0.22448689762091936,0.2123766455177049,0.27780834998835663,0.05324825907300369,0.17717901033961642
2025-05-28,0.3037707967030352,0.22427533383431505,0.21198241052145694,0.2773875721434709,0.053548184496299986,0.17780374328152362
2025-05-29,0.30375942818593676,0.22436557234298926,0.21191961457967495,0.2778390140304375,0.053147440087092095,0.17798873055851408
2025-05-30,0.3038279449966819,0.22435837266136016,0.21216917223049933,0.2777444135619279,0.05328557235670329,0.17855602417501362
2025-05-31,0.30111103738168504,0.22407769587626006,0.211108945025809,0.2768743828247705,0.05327584435095206,0.17800263677010078
2025-06-02,0.3010866490147629,0.2241048038827884,0.21110454130035483,0.2761751982435513,0.053942955449148886,0.17781958331862655
2025-06-03,0.30152152450834674,0.2239328908955432,0.21143010771579396,0.27733957559045436,0.05379730459640266,0.17801107108308015
2025-06-04,0.3019636225144548,0.223365248041913,0.2124970034776582,0.2775742560401989,0.05363673011062511,0.1788112812379701
2025-06-05,0.3016052439114913,0.22336166805905688,0.21244430202796086,0.2782186776158303,0.053608055312701165,0.17874221381761435
2025-06-06,0.30266091136185735,0.2221970161474765,0.21348845600775945,0.2778946636235246,0.053588100621667877,0.17852007885286011
2025-06-09,0.30267949755100926,0.22172905842143426,0.2131581932184613,0.2779712792654783,0.05356683655197787,0.1785167833691457
2025-06-10,0.30263848903241425,0.2217398158163557,0.21288852561203372,0.2781133793869432,0.053579793624062684,0.17894141984291878
2025-06-11,0.3011960548974127,0.2201172153049651,0.21055093020874938,0.27794959687603876,0.05355453775008247,0.1771811362368931
2025-06-12,0.302056462117652,0.2201381672165231,0.21239088188269306,0.2786976239459523,0.0535553923917119,0.17933172224514013
2025-06-13,0.3020773145014463,0.22110652756201915,0.21304109588152237,0.27782767361319527,0.05362391600269071,0.17948238992256327
2025-06-16,0.30204942183260364,0.22138167706275888,0.21308595155380938,0.27788916317406986,0.053627153775489024,0.17935420064654833
2025-06-17,0.3020356907409309,0.22197853357064162,0.21210793102069828,0.2779726264213689,0.05362209979858394,0.17949233173644863
2025-06-18,0.3021131392479979,0.21980911520727842,0.21211550776864113,0.27785766317623667,0.05294323412012426,0.1795815146044632
2025-06-19,0.3021106159312385,0.22085005162305324,0.2124828201614098,0.27833311467921285,0.052821301156281183,0.17963039322809102
2025-06-20,0.3021290815499097,0.2210631360373618,0.20980761672105858,0.2781209550621972,0.052819781598463275,0.17972294611510578
2025-06-23,0.30191649449435704,0.2210357853199725,0.20952290607876398,0.2779058343112897,0.052230194209622,0.17929853828534437
2025-06-24,0.3022355163327944,0.22192865722218202,0.21157883246264622,0.2796804193056232,0.05191165876261,0.18205471476282192
2025-06-25,0.3025565202168459,0.22271850028691806,0.21127410245857395,0.27955883142241583,0.05191276711632538,0.18208062302899705
2025-06-26,0.3026493546178806,0.22276245348246518,0.2114081653444147,0.27930000703838476,0.05191204909732134,0.18195453155392996
2025-06-27,0.30201728540968387,0.22456646664842758,0.2113652375154369,0.27817107557617793,0.05191248961745642,0.1815944581974611
2025-06-30,0.301748666556743,0.22468946390517797,0.21110841755928603,0.277896207650368,0.051913937843767126,0.18244180334948545
2025-07-01,0.30142433192627116,0.22331993965556263,0.20993390504974307,0.277860446564295,0.05191099256843026,0.18233013549889232
2025-07-02,0.3015032960050648,0.2229576093719405,0.21030980680971792,0.2779692706674415,0.05152297454090489,0.18235173720018058
2025-07-03,0.3015794853709928,0.2230987951567441,0.20688127823501531,0.2781299715352925,0.05113772326124428,0.18303857547265032
2025-07-04,0.30152131088819606,0.22251694650528797,0.20697534833881623,0.2786322787139731,0.05058609606783437,0.18303768025524347
2025-07-07,0.2968489185885864,0.21814287136267346,0.2062679882360097,0.2737491393053588,0.05057211467246652,0.18130134376894855
2025-07-08,0.29497697785578664,0.2157414893575772,0.20593800583336302,0.27369920393724373,0.05034643146363383,0.18143080547366067
2025-07-09,0.29466333974134157,0.21681205106767454,0.20370555354703584,0.27378285981298756,0.04921664440146104,0.18151095851553567
2025-07-10,0.29444149452049795,0.21622534229929863,0.2039828671384321,0.2726368389925442,0.0492173835638622,0.18152871096128897
2025-07-11,0.2914004932423672,0.2153607901206474,0.2039803167589579,0.2723994399425514,0.04900681685715733,0.18098918592347218
2025-07-14,0.2899546428633779,0.21394878534456607,0.2027330415069399,0.26936722223937987,0.048934732962074165,0.1803812690409092
2025-07-15,0.290021377968229,0.21365705060026943,0.20270262523484786,0.26914840131488676,0.04949343763936316,0.1796485731957959
2025-07-16,0.28993073376612444,0.21420304446339808,0.2026486920589071,0.2688049199760148,0.05038549752941732,0.17886510802632882
2025-07-17,0.2899916950459363,0.21431318008536626,0.201397237191921,0.26868412968024796,0.05102476793909642,0.17868529263240418
2025-07-18,0.2900495651956017,0.21386512271886257,0.20043171528126646,0.26841213501120487,0.05159524035577927,0.17863112739196788
2025-07-21,0.2897620961906986,0.21369587005130372,0.2003185898266203,0.2681417829027516,0.051004365256308304,0.1787409133856601
2025-07-22,0.29013039353941883,0.21409887602546462,0.19957189971136985,0.2682692264155256,0.050675745089656006,0.17820694767984294
2025-07-23,0.28863758187932503,0.21445901551845453,0.2016931637728422,0.2683559053180879,0.0506800853617178,0.17843659490337044
2025-07-24,0.28792947270081776,0.2144261871652574,0.20111371197863354,0.2683172866136847,0.05071283014178713,0.17845813893016155
2025-07-25,0.28516642941613096,0.21434700623386396,0.2009957271717964,0.26767768327710084,0.05071285115138949,0.17846605752397116
2025-07-28,0.2856904119994173,0.213295873064785,0.2015440618930437,0.26835541390923145,0.05077588946135259,0.17835276085255553
2025-07-29,0.2857737091966905,0.21250191278505878,0.2013756060753923,0.2679696427880953,0.05077387304229396,0.17807117522253935
2025-07-30,0.28562440275094647,0.2123262138142328,0.20168157919539034,0.26777565237539486,0.050696629893623404,0.1786220351164126
2025-07-31,0.2822392461518434,0.21298463617604593,0.20046233241513448,0.2636838727403225,0.0506689595123362,0.17842144603787982
2025-08-01,0.2898310775767555,0.21707421563178983,0.2044796013949991,0.2705992925848426,0.05063004563778852,0.18110174638328863
2025-08-04,0.2893532246502052,0.21763373678038492,0.20424326332550627,0.26969975730628354,0.05062883696380168,0.18229510495419743
2025-08-05,0.2894002786707867,0.21757082014891074,0.20520889180215043,0.26980006606736934,0.05063495504268356,0.18250512387357878
2025-08-06,0.27843519752376883,0.20919890702117444,0.19839360114231966,0.25033191056090354,0.05028258708482789,0.16944251252785647
2025-08-07,0.27228546708753043,0.19423817591659803,0.19049963770663392,0.234649319879763,0.04733801892912524,0.16189251120484394
2025-08-08,0.26041500717762844,0.1769731275550861,0.17823547167548578,0.2291856917128907,0.04335835783766256,0.14652642200977317
2025-08-11,0.2417947563231101,0.17210552661364786,0.17733997345932537,0.22583010474641865,0.04213474175712833,0.1367110617888965
2025-08-12,0.22127202125363618,0.16252456470467413,0.17046611244586476,0.20525084188829648,0.03866881332904826,0.12497441959915336
2025-08-13,0.2059536527568881,0.1468240569253208,0.15947862045384967,0.19600157092317497,0.03372316730123599,0.1116356530405431
2025-08-14,0.20060626260496053,0.14666264519433886,0.15758618696351967,0.19580466205978145,0.033283127232035685,0.10927784373890251
2025-08-15,0.1966355581621877,0.14089825804211378,0.15177639895853914,0.19235978080495536,0.033144903887832776,0.10343664018394605
2025-08-18,0.1966383686141453,0.13952469477455604,0.1518758758958357,0.19075469255674726,0.032905289027058436,0.10233472214266517
2025-08-19,0.19028390376027288,0.13986853835443672,0.1502601534809219,0.18646032355551675,0.03292479809593223,0.10203344243902537
2025-08-20,0.19075731080878935,0.1394473796522113,0.15004864227078457,0.18836128239597338,0.032818669904690165,0.1018603345453033
2025-08-21,0.19077870473695865,0.13949580596850267,0.1502792208483873,0.1882479195891621,0.033282377871793875,0.10183632641775643
2025-08-22,0.19075254181616716,0.13957027444800654,0.15049278488414977,0.1821058928124086,0.03441829286384759,0.10193105656687944
2025-08-25,0.1852740347654088,0.1400257360080129,0.15235059473040705,0.1774955616429512,0.03441890577618339,0.1023887022488818
2025-08-26,0.16140477845636791,0.13442224186755392,0.14169264775879414,0.16865831054391905,0.033244810912793424,0.09877730437636477
2025-08-27,0.1610998312364399,0.1342519219516295,0.14125509572001332,0.16773704221408808,0.033228452907565854,0.09914510676920468
2025-08-28,0.16080387652985487,0.13371684639704545,0.14114254282268576,0.1677590929304727,0.0331945829337344,0.1007853985805859
2025-08-29,0.1606257843528151,0.1345277114535101,0.13992523879821803,0.16895254069770613,0.03437066562584988,0.10093066575513236
2025-08-31,0.16029580293215984,0.13450932476737995,0.13911754136954016,0.1687626625780142,0.034373597188452544,0.10091742886996424
2025-09-01,0.15906408874943154,0.13453487328167435,0.139128612908988,0.16876917449586945,0.03499429140421196,0.10059299014786725
2025-09-02,0.14393089296902528,0.13710796255614513,0.13945412355280576,0.16576951223707379,0.0351127528835194,0.10079982400439251
2025-09-03,0.1440197674044226,0.1310671645218967,0.13745295733675472,0.16542562164196617,0.036334516215326504,0.1009885616334037
2025-09-04,0.14410039042211037,0.13121085132691537,0.1374462490025665,0.1658980823129404,0.03724723025840369,0.09865419074904332
2025-09-05,0.14283973946255926,0.1314091307284065,0.13848024142427484,0.16540728172468952,0.03729331552667908,0.09816706361981498
2025-09-08,0.14293490960455751,0.13174597379821185,0.1382561151568611,0.16558629375982042,0.03728644448260074,0.09836822644662055
2025-09-09,0.14228350081598068,0.13052984483046573,0.13880115523008404,0.16222691239125342,0.03725180634857318,0.0980115944567883
2025-09-10,0.142519867527752,0.1302877413377215,0.13959775412049408,0.1624150639511755,0.037247725137266,0.09642061852013441
2025-09-11,0.13063914232447565,0.12748620822840953,0.12786823450705323,0.13754277757343938,0.03498691514222274,0.09405166876277421
2025-09-12,0.13003802898188752,0.12723049155709026,0.12815038464440545,0.13660609954521044,0.03478140238440847,0.09432936663429185
2025-09-15,0.12989159585077223,0.12860830285674357,0.12783102308259142,0.13644332001492263,0.03420141570018224,0.09423768410555193
2025-09-16,0.13027002664602394,0.13103449662515565,0.12671962778953838,0.13648288820991625,0.03318607883830476,0.09432232024082308
2025-09-17,0.1299621205512152,0.13092540256023186,0.12554882165057063,0.13702088411310845,0.03318447224145805,0.09426928557492607
2025-09-18,0.13065213106148382,0.13370298343441664,0.1258451483994311,0.13991905820315695,0.03321169757345118,0.0949023672334148
2025-09-19,0.13073083429933907,0.13341836685032776,0.1239866813792879,0.14007600852217594,0.03320615868283388,0.09466929156987246
2025-09-22,0.12863523633389717,0.13350386150384302,0.12335115684148913,0.14061611938645782,0.03320583900667328,0.09466967635687755
2025-09-23,0.12828142814048876,0.13352723411027442,0.12351879664243796,0.13990269371958938,0.033156056963097855,0.09418169304645402
2025-09-24,0.12466619652257502,0.13001198355622653,0.12274155532030182,0.13530007297429597,0.03312173247455404,0.0947249939918048
2025-09-25,0.12530006937939592,0.12844254372225883,0.12335183196697158,0.13426056834158967,0.033165613963762865,0.09513606135209318
2025-09-26,0.12458677954859644,0.12953514520826845,0.12671047066929114,0.13387484823772267,0.03313045207040111,0.09501389877093533
2025-09-29,0.12324018890042147,0.12921467148152105,0.12813700470863254,0.13449728389658872,0.03188151772123076,0.09392927850096901
2025-09-30,0.12322061300064835,0.12921495270913957,0.12833666434096694,0.13343131333834873,0.03189092274713728,0.09335762843252145
2025-10-01,0.1229196506513728,0.13010846281052382,0.1278525717135053,0.133073398091991,0.031645994680043275,0.09302231777378804
2025-10-02,0.12376196118165608,0.13137893591328836,0.12936050519982867,0.13468722441402173,0.03167733644076964,0.09328109034295794
2025-10-03,0.12226655343566056,0.13132256331833703,0.12651027502974183,0.13401078727867596,0.03056231903930276,0.09186007683554566
2025-10-06,0.12012287750159367,0.13146487865459117,0.1259944957537606,0.13262096597970963,0.02988791943164176,0.09157940818290329
2025-10-07,0.11989756043372653,0.1313322201262173,0.12427358680246746,0.1325169404975064,0.029885897715493426,0.09037019691509107
2025-10-08,0.11874675623862117,0.1317319797205947,0.12424192120949576,0.13263081945300728,0.03018683208260778,0.09109646988698579
2025-10-09,0.11480821239402667,0.13191197885766792,0.12305853361354623,0.13261299013408062,0.03148112565028011,0.09119738706066988
2025-10-10,0.11471032205928075,0.13487601037333152,0.12360334642371106,0.1402340020907763,0.031710746923985546,0.09153004086750728
2025-10-13,0.11701007487556613,0.13524303273657873,0.12422012140560607,0.14067993839351048,0.031639798344585406,0.09075959007096406
2025-10-14,0.11782106414685287,0.13513937187469321,0.12593622891064873,0.1406842643122254,0.0316379313074048,0.09080897043924571
2025-10-15,0.11638662813659764,0.13553683336051597,0.12469803706729402,0.13905547857472192,0.03225254294605392,0.08480527349295011
2025-10-16,0.1169699650750007,0.13424770967600494,0.12343798062114827,0.13845136654157753,0.03212857159000145,0.08313789033232533
2025-10-17,0.11805555657036396,0.134320569880311,0.12466722119894295,0.13934581343968463,0.03222919632084688,0.0863956287536587
2025-10-20,0.11950808098413214,0.13470259863534736,0.12862614520991786,0.14338827865341613,0.03225181387762174,0.08584316561579981
2025-10-21,0.12002705593031668,0.1344816004665585,0.12872678696737352,0.143563772942853,0.0322567685130439,0.08789769700881103
2025-10-22,0.12006807368742423,0.1333047422901079,0.12724670101579033,0.14331411796765922,0.03218480256753626,0.08750952765535285
2025-10-23,0.12001645071849859,0.13306932639366784,0.1272111751396346,0.14323216275929215,0.032232238425006145,0.08832093103406735
2025-10-24,0.12020459462520199,0.13296990871528427,0.12786636094145234,0.14363693187175233,0.032242000029869766,0.08835971804048115
2025-10-27,0.11989543909400698,0.13038900543511264,0.1254000605065014,0.14083511335121165,0.03223588572860859,0.0857405354174853
2025-10-28,0.11945272970265293,0.1288364623341327,0.12621111868345325,0.1408726928831491,0.032250806218735315,0.08639369920412143
2025-10-29,0.11861487063115665,0.12867159531151737,0.12629294761005835,0.14081716623654617,0.03224553970376952,0.08783744352259791
2025-10-30,0.11800784952422949,0.12571368038687625,0.12624636211072415,0.14035494452305125,0.03225312082396871,0.08857257083714402
2025-10-31,0.11780565155865676,0.1260648674196963,0.12636488723749925,0.13963912392122993,0.032266015342121,0.0872671409675639
2025-11-03,0.11761028482140862,0.12600081021696904,0.12639342497571443,0.13970469263498977,0.03231130993340613,0.08726010953496029
2025-11-04,0.11769180023807456,0.12581879946980762,0.1262022633965656,0.1415202809866866,0.032358399411421865,0.09019027241099437
2025-11-05,0.11709677336933051,0.12564541585228878,0.1260240223179023,0.13988045477801042,0.032318014894169446,0.08844634135926809
2025-11-06,0.11858553279018617,0.12568761039468132,0.12739601742290785,0.14269487535716965,0.03232270953163038,0.08873159453842858
2025-11-07,0.12181533904163881,0.12566829182522035,0.12906525311204534,0.14688880964835627,0.03236720620942224,0.09133910153369461
2025-11-10,0.12563836970630216,0.12854650178705732,0.1305858287052155,0.15159089737484185,0.031396751616142936,0.09496271578972648
2025-11-11,0.12551613131209416,0.12766089677371698,0.13056117911214726,0.1513714779449631,0.030731596366589245,0.09483824626691004
2025-11-12,0.1260214391789807,0.1287401028051136,0.13046114893203856,0.1511009512146112,0.030724688321390727,0.09554062672400698
2025-11-13,0.1280635047168827,0.12820581491344643,0.13065812408341346,0.1521241875393063,0.03075052730781673,0.09523149324507894
2025-11-14,0.13052552069712015,0.12906348420377503,0.1331747580575435,0.15212111470302422,0.030928201374549658,0.09768038897719003
2025-11-17,0.13056347485604988,0.13011804847775857,0.13295729688652771,0.15254172864649523,0.029857866380468775,0.09762705965286987
2025-11-18,0.1358743975001627,0.13291661556381765,0.13866089254641958,0.1567503062793635,0.028419952603489777,0.10014555759605996
2025-11-19,0.13787312283182354,0.1306653174037219,0.13857723142254716,0.15445645502151148,0.02706431754365083,0.10103606133730685
2025-11-20,0.14011641275396733,0.13072108083327463,0.13886490089858422,0.1545715620478246,0.02601078220931983,0.10097936334373223
2025-11-21,0.14726653074791066,0.1317745260610559,0.14077060656395327,0.15490522969742307,0.02606986647645102,0.1045291602729391
2025-11-24,0.1475364880591977,0.13101719047072471,0.1413408117696249,0.15518009071775565,0.026124816275343802,0.10353105935117196
2025-11-25,0.14755366915508197,0.13024090573726343,0.13874563249174235,0.1554530768240777,0.02610155906689042,0.10318062863789541
2025-11-26,0.14874572631231808,0.13235688488337088,0.1393820211699788,0.15590399187638765,0.026031050772754506,0.10426294274004483
2025-11-27,0.14860197766791827,0.13235639923964876,0.13906974994350943,0.15616977927051984,0.026052474529670556,0.10441140738896709
2025-11-28,0.1476445218434096,0.13234451327301086,0.1380987687737483,0.1552918305905447,0.025915215436841103,0.10452088857101362
2025-11-30,0.14716389637231556,0.13191938718400203,0.1380354425086592,0.15512343197712,0.02591273424922981,0.10425489685137068
2025-12-01,0.14736029026289274,0.13187486864927978,0.13756801779453923,0.15504797551632699,0.025912164356037753,0.10338466683630136
2025-12-02,0.14638990282712175,0.12981063105566648,0.13767582857074365,0.1551921821466521,0.025900251714942164,0.10332721953799974
2025-12-03,0.1281137530047977,0.11944219725544371,0.1303024874893261,0.14086467687090048,0.02585631004085078,0.09843565482687404
2025-12-04,0.1266518542991016,0.1166433637900982,0.13018044906916026,0.14031098167660067,0.025855941253206234,0.09643690803392228
2025-12-05,0.12704070253362623,0.11662036761801525,0.1294627574992657,0.14094680257924797,0.025828997264701104,0.09691104377157109
2025-12-08,0.12478739337227511,0.11659567545329716,0.12883171517860462,0.14082316569380346,0.025832434676699274,0.09724750693680094
2025-12-09,0.12369869851989602,0.11511017244572372,0.12601947285675172,0.14026695571428144,0.025816726291766224,0.09575610996163916
2025-12-10,0.12361012432570147,0.1151455871654136,0.12621933401374985,0.14028977049549557,0.025833899872416195,0.09604803114234427
2025-12-11,0.1241704488097278,0.1157311039598545,0.12783587142885214,0.14114906261111607,0.025730852829162498,0.09609470283940064
2025-12-12,0.12433098322083096,0.1162568406036271,0.12851655170309734,0.1418904690582071,0.02572510244465358,0.09671250288042532
2025-12-15,0.12512064305787574,0.11580532071634074,0.12885969047295864,0.14222346144681372,0.025711236266419833,0.09787954425202325
2025-12-16,0.1255607943968966,0.11554991588176272,0.13117477386628337,0.14271542772922222,0.025703399892685164,0.09841269849453227
2025-12-17,0.12538887514005148,0.11618883346929966,0.13258537212053428,0.14265174633249983,0.02570277723301619,0.09909353482678997
2025-12-18,0.12539239416498163,0.11741435280946565,0.1328504519360202,0.14319747930543816,0.02570771272152694,0.09889354143342755
2025-12-19,0.12597920975045324,0.11683739433444078,0.13342477418027793,0.14320648799437466,0.025702468542875178,0.09921870365330587
2025-12-22,0.12500935842719965,0.11685767019995207,0.13418403881826085,0.14089818270235097,0.025669278092405157,0.0995814449551975
2025-12-23,0.12490433991972098,0.11682032505372249,0.13395895824686252,0.1409855696589838,0.024901552436340256,0.0995826598797351
2025-12-24,0.12489890404457239,0.11665495536757851,0.1336587887053663,0.1397829551020597,0.023526223124602143,0.09952008042364116
2025-12-26,0.12449791123662571,0.11583075330333141,0.13124093026961725,0.13943729952283387,0.023526223124602143,0.09864692438138234
2025-12-29,0.1246390407074562,0.11427648227902813,0.1335185245314592,0.13904277360458164,0.0235403005863023,0.09888797647408025
2025-12-30,0.12384462824149152,0.11484612027793661,0.13231862818264495,0.13810807677119644,0.023540272303211793,0.09848027307950924
2025-12-31,0.12351137320751569,0.11486519599343338,0.13230981078081147,0.13812005314106393,0.02354590478771206,0.0971703002907096
2026-01-02,0.12340432946052443,0.11480099014688853,0.13303261621788198,0.13686220798090415,0.021889947202367557,0.09759705389324495
2026-01-05,0.12347898848306174,0.11664921654230676,0.13457117256754036,0.14202055916744585,0.022189691734356278,0.09794118494336672
2026-01-06,0.12356856577780895,0.11663092544258433,0.1365756831113836,0.14302033655134874,0.020792584839490452,0.09886045654469246
2026-01-07,0.12278291038233818,0.1133844594513882,0.1361930837125661,0.14031555200351806,0.020697024147716573,0.09864917939668175
2026-01-08,0.12275679238587048,0.1132928862915584,0.13705529837295,0.14022386736802897,0.01855509809430565,0.09857723369798656
2026-01-09,0.12294038593757038,0.11581083882612446,0.13689965927101597,0.14068197816143302,0.01657530226954021,0.09928673648950832
2026-01-12,0.12301416720969725,0.11530764803800057,0.1359224743419807,0.14061910992632914,0.016414901788583534,0.09993146030081142
2026-01-13,0.12277591510925338,0.11465950191727756,0.13590890092235425,0.1404572131485046,0.016389011774111683,0.10054232743959433
2026-01-14,0.12378621886046637,0.11501301848832046,0.13554926196015593,0.1423929253690662,0.01638829297027421,0.10055427282255679
2026-01-15,0.12400958591887516,0.11521882705426237,0.13522729257823385,0.1443262897338851,0.016382402028141327,0.10056667831469464
2026-01-16,0.1241937829468662,0.11525156371105745,0.13521041033886075,0.14459658281470522,0.016379871785315716,0.10070554553943066
2026-01-19,0.12371693430197324,0.11898616412048875,0.13490511496093197,0.14666381471579615,0.016553840052791407,0.10069992024091964
2026-01-20,0.1304135601186032,0.118276287093635,0.13612063416767814,0.1473350623661558,0.01661068535154308,0.10134423811122434
2026-01-21,0.13000220742820387,0.11521090929327694,0.13603733132027157,0.14724963291982893,0.01663958344384671,0.10147823094017087
2026-01-22,0.13027600902420297,0.11620534598828353,0.1353933689756247,0.1482189341114098,0.016977270267378282,0.10391793673358674
2026-01-23,0.12941558964327415,0.11339450084472588,0.1351389123980173,0.1444389033608111,0.016897159448186518,0.10337518224790128
2026-01-26,0.12963539960672857,0.11339161405728121,0.13764676798600944,0.14441896017896882,0.016896451705984986,0.10382644338347448
2026-01-27,0.12966915201711474,0.11348491414795046,0.13763323964456073,0.1437725685402283,0.01691952542617268,0.1036975991677287
2026-01-28,0.12958624584739947,0.11480457670870646,0.14159862069120477,0.14378858882312,0.016925807225768447,0.10627729217223608
2026-01-29,0.13047743396135109,0.11552611406123944,0.14094721859032355,0.1508130918465225,0.01695664250774094,0.1054572666043378
2026-01-30,0.1305669771818679,0.11618926120305618,0.14060897097587,0.1509894166379385,0.016895583283828616,0.11357445949844204
2026-01-31,0.1295353180610237,0.11499752561864457,0.13741038520627083,0.1507573644703319,0.01686386932382184,0.1135909261679423
2026-02-02,0.13015875657361822,0.1159779187178018,0.13725689647039738,0.15128620034893045,0.01685030559355472,0.11459524716929587
2026-02-03,0.13011260777596753,0.116021324429351,0.1429959394142203,0.15710646857613927,0.016925392205877753,0.1171296050265437
2026-02-04,0.13159393815920972,0.11544248055892249,0.14369316158121198,0.1571238235387653,0.016923647418677547,0.11617821592520881
2026-02-05,0.1315126528391905,0.11482370746721554,0.14276506288100652,0.15603185242211706,0.016860513047611707,0.12097881044786096
2026-02-06,0.1315913951238157,0.11656283404842765,0.1431860342490562,0.15607999287208302,0.016834165114703127,0.12098551938481125
2026-02-09,0.1316055662317435,0.11737282378485668,0.14357524612571645,0.15621411944214092,0.01682027513029049,0.12089602853574459
2026-02-10,0.13213753998527863,0.11732751116121441,0.14482175595665067,0.15658304182656269,0.016789292088422215,0.12125140079298302
2026-02-11,0.1321369065885257,0.11700338329318036,0.14477197210753562,0.15622584943278495,0.016191144480034336,0.12087379031203166
2026-02-12,0.1317288836683737,0.11696355817860837,0.14449768459187765,0.1597430014862267,0.013563971310918634,0.12077773610291129
2026-02-13,0.1350021241398528,0.11354663826080397,0.1469557547674947,0.15462213993788498,0.013246863598263698,0.12108277045683956
2026-02-16,0.1332119079477106,0.11322377018350213,0.14545529373869484,0.153984241256276,0.013155456188229532,0.12121879018851808
2026-02-17,0.13271422014106304,0.11351325368391013,0.14486561755195296,0.15388271187480945,0.013158507103337018,0.122397407640188
2026-02-18,0.13387809529459627,0.11466008302521122,0.14227866130269287,0.15497854588724785,0.011649081413887295,0.12583899255833947
2026-02-19,0.13351162463430938,0.11481065442681873,0.1420734809985184,0.15517855156607857,0.011650475467309249,0.12732240777181078
2026-02-20,0.13271314197645984,0.11527127460065441,0.14149043218232274,0.15524942534885186,0.011361190752810585,0.12537140795059548
2026-02-23,0.13120738366353396,0.11368177787304391,0.13767158203732766,0.15660122144116728,0.011296689194406583,0.12676356357753488
2026-02-24,0.1306309963195099,0.1136765770549693,0.13790097922216774,0.15826491004382653,0.011336194858400872,0.12509670704702203
2026-02-25,0.13140233016248143,0.11358748460332618,0.13790813767524537,0.1580211251561643,0.011333544704565827,0.1262504877779782
2026-02-26,0.13174675618121054,0.11341014707820561,0.1389830498923825,0.1580202839633033,0.011191246046972338,0.1263795455047975
2026-02-27,0.13303431858940873,0.11366627249373899,0.14157395602100475,0.15706309772905344,0.011284501913855379,0.12632448002658372
2026-02-28,0.1327840384967065,0.11333069118313022,0.1415025118257288,0.15674555623108932,0.010939248449067568,0.12478712175109181
2026-03-02,0.13334682581413976,0.1210359250501797,0.1420751575338759,0.1573506039454982,0.012043468921572053,0.12746475051961453
2026-03-03,0.1334111063426198,0.13605205748947372,0.1671075121021414,0.15945990633436263,0.013419232274507675,0.1508836121922989
2026-03-04,0.1342855282535119,0.13919448984840593,0.16709009293036256,0.16093147602167732,0.013886364472779638,0.15389421794658448
2026-03-05,0.1348716991115527,0.14100860262903864,0.16822008874089822,0.16102036855761,0.013917809514448015,0.15456594219431294
2026-03-06,0.13900529026354444,0.14210163211735408,0.17720765851779138,0.16129781148678488,0.014849547120280415,0.15988562571205742
2026-03-09,0.13927980491805933,0.14236125854105777,0.18001666097130808,0.16015175679868562,0.018498231441310437,0.1589716545075034
2026-03-10,0.1418231734072871,0.14900273670378889,0.18515220551353773,0.16068702702296322,0.020489632515497316,0.16696770551921913
2026-03-11,0.1408276395957287,0.14841597487849373,0.18502806223174886,0.15742262848886368,0.020768290603876378,0.16781934911934182
2026-03-12,0.139416453009811,0.14837153698833916,0.1860595793679164,0.1549820160060656,0.02155859273911707,0.16899338976231917
2026-03-13,0.13543938866496,0.14589297009617463,0.185517040683695,0.14995612338471379,0.021920715662012192,0.16744771350639076
2026-03-16,0.13577955294873797,0.14499104669652818,0.18627642985963985,0.1507403872092637,0.022005535340962844,0.16762753080767798
2026-03-17,0.13516864904340464,0.1441502232896284,0.18861045323043896,0.15093176227181496,0.022238860996156438,0.1684296412437398
2026-03-18,0.13424020607062245,0.1438973337930226,0.19086406138032633,0.1503394486036197,0.02224136484136375,0.17074562450955144
2026-03-19,0.13456403643845796,0.1477199690521015,0.19225292394035023,0.15285551223567823,0.02314066363062207,0.1694125762613008
2026-03-20,0.13427921516482322,0.1505521212681405,0.19248151955560744,0.15322691418567647,0.0234372530796871,0.16940769674250153
2026-03-23,0.1301748963124568,0.14881503940239077,0.18917339506034045,0.14845164050772994,0.024003792961061757,0.17219040311851275
2026-03-24,0.12815853802326854,0.1488234196333056,0.1900365212420446,0.14866255114758015,0.02405875179426832,0.17138486086300392
2026-03-25,0.12589948371193915,0.1501463629197123,0.1982728741506034,0.148979141690421,0.024625904010518243,0.17609714312490024
2026-03-26,0.11883294602420541,0.15149687727240024,0.19730911934201656,0.14946944176718793,0.024823706500039067,0.1749683619994264
2026-03-27,0.12042334068524303,0.15251295693474495,0.19807682754392747,0.15250291016535017,0.025313187160517066,0.17548098787978733
2026-03-30,0.1203631488240247,0.15229033367182818,0.20054239326080991,0.15227080325142947,0.025513702327703103,0.1755046856525984
2026-03-31,0.11938383970024394,0.15054928633994313,0.20036234784135157,0.15164630442928817,0.025632353458835095,0.1772684374203622
2026-04-01,0.1216465118550013,0.15839717177211354,0.20353974962373905,0.1571630547340958,0.0272321935580707,0.17842478678514043
2026-04-02,0.12162941510303026,0.15869784264143563,0.20458997869181564,0.15687694111341338,0.02726042656097656,0.17850618575482158
2026-04-03,0.12162941510303026,0.15869784264143563,0.20458997869181564,0.15700548174788245,0.02726042656097656,0.17850618575482158
2026-04-06,0.12149203451281447,0.15869526043763707,0.204586568711443,0.15703959566090195,0.027259944818618813,0.17849188462853038
2026-04-07,0.12173767433120858,0.15970955079373755,0.20397072064355834,0.15764085384148535,0.027284237691909338,0.17858387036562307
2026-04-08,0.1281073652696286,0.18053758765905734,0.22811976639984494,0.1668230774953262,0.031143952102602138,0.19601166877640128
2026-04-09,0.12823139224872618,0.18052673303133673,0.22959993305169868,0.16815774967559857,0.031155522704633676,0.19685705517633742
2026-04-10,0.12808388566090265,0.18072142112020953,0.22984812541869853,0.16706556016652113,0.03115907271789081,0.1960134833119297
2026-04-13,0.12807647496487454,0.18085916236820565,0.23092824019678845,0.16834646944373968,0.0311832255255409,0.19586141831665466
2026-04-14,0.1287931123001951,0.18202281871363157,0.23160722588713994,0.17148315331271857,0.03150218036556231,0.19704622908526517
2026-04-15,0.13014245588894266,0.18250388751015975,0.23213527090884653,0.17268119257124287,0.032121433513793395,0.19712634269942442
2026-04-16,0.1295983633811566,0.18202869595626578,0.2321763684928364,0.17411046486345308,0.032303451917153336,0.19726114165469066
2026-04-17,0.13001671932299538,0.1848952071224229,0.2316829126485095,0.17431387103997148,0.03254788746875948,0.1980058124116534
2026-04-20,0.12886056329021967,0.18577053406189747,0.23154607683905915,0.17400144133800136,0.03254712442704403,0.19758814535988717
2026-04-21,0.1285064888039036,0.18598266819987586,0.2308800314253836,0.17431237479191772,0.03283751343992158,0.19770661427004171
2026-04-22,0.12856039977430844,0.18566935035077226,0.23055571580030199,0.17452817954209396,0.033190265696240145,0.19805527667801204
2026-04-23,0.129225706771693,0.18487413622952648,0.2314121827333348,0.17442506480055459,0.03319260791508531,0.19864951374790218
2026-04-24,0.12873956823401664,0.18482340249956106,0.23165544716060482,0.17480493045996984,0.03319260228082424,0.1985889992357609
2026-04-27,0.12873327589397146,0.18491117184601982,0.23161206372748985,0.17473153947350642,0.03319348653738453,0.1983855147598864
2026-04-28,0.12869607319741577,0.18505786974076419,0.23252722181675153,0.17530094297743928,0.03322632360989894,0.19907734782204187
2026-04-29,0.1287057484253458,0.18511982431444055,0.23257112388000198,0.17528550539001192,0.033245170911586866,0.1991660426825219
2026-04-30,0.12886089948626647,0.1863437835963184,0.23327521309165924,0.1753129347938209,0.0332465019693367,0.19916475416207818
2026-05-01,0.129858054036721,0.1866993329359663,0.2314104623758986,0.17739600063609162,0.0332258456974932,0.19896175019967338
2026-05-04,0.12989773543773236,0.1919175502241006,0.23340609646630398,0.1780011221239769,0.033223990584715944,0.1989609623870426
2026-05-05,0.13000435383850048,0.19474750728486645,0.2334126758843964,0.1780274093867017,0.03324060597969126,0.19908756531524252
2026-05-06,0.13016099884736929,0.19951371968729656,0.2366623999766949,0.17831906091040273,0.03357396933472214,0.20102495091553677
2026-05-07,0.1303102535603191,0.19893282115946417,0.2364919105448144,0.17528167769620298,0.03334815596034463,0.20086719238402395
2026-05-08,0.13021305665544958,0.1994907294104465,0.23518023445133374,0.17492217358744458,0.03332019455403421,0.20057608511879288
2026-05-11,0.12996587760804282,0.19949033286046566,0.23558630763094848,0.17496104418313924,0.033267654511426055,0.20066161610634006
2026-05-12,0.12976277749943405,0.20102263211580376,0.23570577870941453,0.17667728954284703,0.03331921459639944,0.20216056800699203
2026-05-13,0.12959719721598806,0.1998371505436313,0.23598437195153543,0.1760965287280755,0.03331047875262852,0.20170109820646326
2026-05-14,0.13118864318617815,0.20090610234257858,0.23592690355082618,0.17899116680050398,0.033300026436347094,0.20136349187530686
2026-05-15,0.13130073803016434,0.20328073689571535,0.23691450026789868,0.17973337050399968,0.03331812183415849,0.20257120245259957
2026-05-18,0.13039470492356278,0.2034227824624659,0.2367859388132699,0.17814258628834165,0.033357335714108864,0.20257476416225098
2026-05-19,0.12974887459411158,0.2031835110089495,0.23646963065820847,0.17637127023985985,0.0333656345641169,0.20282053229877614
2026-05-20,0.12961668251259054,0.20638170588829194,0.23640553032747338,0.17630417806888993,0.03336833418520484,0.20278240960947222
2026-05-21,0.1297523373870757,0.20454830555411016,0.23767151258791847,0.17462320809827095,0.033334083367065316,0.20289735912897358
2026-05-22,0.12332991751481436,0.20487031418670937,0.2370642045061714,0.17641480302601192,0.0333348826957715,0.20258038700266554
2026-05-25,0.12327449577243615,0.20734925356682213,0.23705915991002638,0.1773549143743435,0.03331082918526267,0.20234477399591072
2026-05-26,0.12276198047116929,0.20765047609141818,0.23701125344706256,0.17649294040944472,0.03328392537075356,0.20285909093094914
2026-05-27,0.12277207652722402,0.20763306061835501,0.23697968667592034,0.17681417727470475,0.03331555586810685,0.20272810610069233
2026-05-28,0.12238930339089703,0.20770196217341394,0.23601961643277408,0.1768824891492631,0.03330621044743933,0.2024446009787519
2026-05-29,0.12305201968929257,0.20750105732171475,0.23590090091121665,0.17734234560706227,0.03340013718048004,0.20257560920139356
2026-05-31,0.12305484944998046,0.2067206144001846,0.23280015862721146,0.17730165718112034,0.0333990488534176,0.20086348171760748
2026-06-01,0.12189953490750703,0.2063918243884674,0.23455289373417063,0.17468981951419651,0.03339423065829214,0.20132932572105589
2026-06-02,0.12141010886586771,0.20673575603075242,0.2346672394981702,0.17475851055066116,0.033420490877155186,0.1973852992292667
2026-06-03,0.12141987048207767,0.20733026298909152,0.2353453549048847,0.1760151094855089,0.0334301098323745,0.19744894678957423
2026-06-04,0.12189818935289641,0.20708516948036276,0.23557860906591044,0.17513184720431782,0.03343052508887237,0.19702837266173107
2026-06-05,0.12190396639439967,0.20744369625203515,0.23273854250878312,0.1749646882536928,0.0333679283371761,0.1957024164222689
2026-06-08,0.12092912616042492,0.20728563183660564,0.23677081939319009,0.1750920373614506,0.033394907222272126,0.1957053356735517
2026-06-09,0.11992408719435915,0.20690026911371354,0.24197738527870138,0.18125220305781617,0.03341233556414839,0.19383157038734186
2026-06-10,0.12158183764055545,0.2062405433918066,0.24475126648101414,0.1812783977190672,0.03341671777439208,0.19531246179558293
2026-06-11,0.12239667385457315,0.20592061891335459,0.24449521679546432,0.18142534718875322,0.033390666576929705,0.1956377646265242
2026-06-12,0.12183135608814076,0.20905730684328955,0.2480834636062307,0.18228216179265344,0.033504706243439444,0.1973674006087897
2026-06-15,0.12634421081857355,0.2093207867035462,0.2517067918057582,0.18490355995408875,0.03369442960345063,0.1994684137705032
2026-06-16,0.1266399554640124,0.2092440547083635,0.2516326689526162,0.1828587308235347,0.033697155173820825,0.1996341478464354
2026-06-17,0.12255459706716378,0.20935758208234043,0.25038756190996186,0.1822703986026638,0.033658212668749375,0.19941266718080072
2026-06-18,0.12362200848767144,0.20938571529659936,0.2505220620589232,0.18195535080645148,0.03365817762477323,0.1994884343535905
2026-06-19,0.12344795126866696,0.20934721634640516,0.24974617326407006,0.18198465450769408,0.033659882329799246,0.19951685178254744
2026-06-22,0.12133234553186925,0.20821144523668644,0.2500792156817758,0.1809501267363442,0.03365728387222794,0.19731957582318504
2026-06-23,0.12477172528740679,0.20924197705623307,0.2500685045313664,0.1850112331500407,0.033650520041945096,0.19719604758267345
2026-06-24,0.12490537941258584,0.20840445898429485,0.25278028656721807,0.18461757709933097,0.033641192277806625,0.19792568980613048
2026-06-25,0.12627731546738238,0.2088168488483036,0.25328227699257283,0.18182843982207159,0.033653773558009616,0.19685582205656935
2026-06-26,0.12694284957682947,0.20922129945633622,0.25424308961171227,0.18037140734305562,0.033640774597467775,0.19684517692648346
2026-06-29,0.1277417991056596,0.20867132524673396,0.25588265986199227,0.180470291786187,0.033650818578814086,0.19572128603063768
2026-06-30,0.12868391547968455,0.2104053537963366,0.2550831270774866,0.18138330944011796,0.03367152019513122,0.19543193698065706
2026-07-01,0.12655162700024403,0.21080059674943266,0.25438862586979666,0.1834909124386154,0.033640338214309784,0.19581123477065987
2026-07-02,0.1265335092223645,0.2114681234891727,0.2543889156229469,0.186657059574425,0.03364129150396045,0.1967005238746586
2026-07-03,0.12617853648604074,0.20756950181093142,0.2551010111722058,0.18694943927312702,0.033252668334425334,0.19520389990924628
2026-07-06,0.12574816024321542,0.19768628465989002,0.23946730087163728,0.184964958859354,0.032751045213039905,0.17744050833549785
2026-07-07,0.12519243382024883,0.1974073136958912,0.2399201948607567,0.18578739108923906,0.03255892236005202,0.17450625942692174
2026-07-08,0.12488918545626856,0.1981992934193886,0.2390702760790581,0.18639918749195372,0.03267861986671188,0.1761333043491355
2026-07-09,0.11970275725608664,0.19842999766394226,0.2324022477625124,0.18675208818730563,0.03221873809849461,0.17164210524226026
2026-07-10,0.11947113788761222,0.19813405185435953,0.2303656805329621,0.18637250026220015,0.030144297377177075,0.17176433624315812
2026-07-13,0.1170636238615369,0.19351981600794646,0.22692604416109774,0.18604804618179238,0.02890906571272764,0.16398849764837634
2026-07-14,0.11753573585938577,0.19302911321850694,0.2265440774030928,0.18683559647798423,0.02872228278955483,0.16309194993193252
2026-07-15,0.11602421248198863,0.19256520450291675,0.2255917403114735,0.1859218759900752,0.028030353319392676,0.16054680022299125
2026-07-16,0.11656380098754512,0.19229424738605536,0.2248189905084832,0.18616291697379753,0.02764030344913448,0.16002059484508815
2026-07-17,0.11903411354381903,0.1930489666428559,0.22744642099922693,0.1902887437684769,0.02759806839870776,0.1605464104080891
2026-07-20,0.1192518748824095,0.19293564566797572,0.2260771559664826,0.19046268199669508,0.02743877811601821,0.15929315097611066
2026-07-21,0.11816249787828129,0.1931615686205871,0.22617496349683816,0.18994878811465327,0.02743191615034313,0.15705461989011268
2026-07-22,0.11481670881804967,0.18930971722058892,0.22417598629682656,0.18831393886505543,0.026422248049120325,0.15785454911124597
2026-07-23,0.11462067553317692,0.18855362195326117,0.2239360266358944,0.19234971090237263,0.026314668420512943,0.15866596085956242
2026-07-24,0.11423876706289893,0.18816394762754599,0.22673066712437873,0.19245268362228038,0.025604871468790785,0.15400343110369172
2026-07-27,0.1129454060154354,0.18824398067587744,0.22869907489679187,0.1922233591666157,0.02560578684098096,0.154287892988209
2026-07-28,0.11518936710698947,0.1872733963135292,0.22478657065203508,0.19209415098233076,0.025121168006390467,0.149746725905807
2026-07-29,0.11396804113098125,0.18563306211101818,0.22443723214627626,0.19150479152831784,0.02514884521507667,0.1485227740348674
2026-07-30,0.10929041704561183,0.1861961994084535,0.22329344622543074,0.1874735208907539,0.02442079514793496,0.14839545367496115
2026-07-31,0.11103480204415693,0.1860153928577889,0.22847951198988822,0.18863947389996183,0.024169094789134475,0.14846965499771192
2026-08-03,0.11117464470452056,0.18655286106449154,0.2280997856204203,0.19113133081403705,0.024184167400526115,0.14637208854138975
2026-08-04,0.11079390078283714,0.1811926881447958,0.22564817087594066,0.18884504460839105,0.022647192974322113,0.14799762281955578
2026-08-05,0.1137793566558355,0.18081171348638705,0.22548263064987478,0.1887557066261851,0.022550650351987583,0.14795846261750892
2026-08-06,0.11479387704698547,0.18083178925677215,0.22718123252518532,0.1887371759638405,0.022547050325609,0.1480151036799265
2026-08-07,0.11492513669677859,0.18082149921548418,0.2278683855636663,0.18911940664037516,0.022543465090252467,0.14883223274017252
2026-08-10,0.11483769462552078,0.17951427525621583,0.22768999938701728,0.1880950693837543,0.022540022185486744,0.14866215824130968
2026-08-11,0.1086488397751089,0.15970475193160458,0.2043830579707024,0.18080293112784762,0.01726144804021495,0.12479288568372052
2026-08-12,0.10870275359316874,0.15966562157406192,0.20263515755478662,0.17951920137050173,0.01721087237388245,0.12349762376772132
2026-08-13,0.10876922698890044,0.15951630790587903,0.2020437377923614,0.17993194878054317,0.01722214530333853,0.12391862594115165
2026-08-14,0.10914763577914027,0.15937263591548576,0.20092220575343783,0.17911145666704206,0.017143937234833446,0.12390246296315051
2026-08-17,0.10908799115267843,0.1582719935924375,0.20036552829732826,0.17702652003357444,0.01664745100952665,0.12193057024487643
2026-08-18,0.10963857102341044,0.15887123319175972,0.19956710460721727,0.17817175613843966,0.01575389264211782,0.12174935980972057
2026-08-19,0.11113149237470817,0.15913732541607575,0.20063944292358235,0.17636350478072044,0.015335583527389543,0.12203636720130796
2026-08-20,0.11144644122370953,0.15573736607647104,0.2013217380724926,0.17596079510305274,0.014857689793262898,0.12023694340528071
2026-08-21,0.11153896148608357,0.15462286123826025,0.2013164287775941,0.17613923429056574,0.014862677590363478,0.12254781272456362
2026-08-24,0.11145094977431998,0.15400034903945412,0.20054051956003033,0.17594730415969162,0.014141306148864363,0.12194525534085039
2026-08-25,0.11156610300520148,0.1538238899608334,0.20013886503276807,0.17571582356051801,0.013365024554964142,0.12106141246372991
2026-08-26,0.11088806527724966,0.15370380967514083,0.20042623295064205,0.17542567605335663,0.013342849458210104,0.12053726087154125
2026-08-27,0.11075400697728698,0.15442382315391803,0.19978582905160813,0.1759285588189666,0.013345233170743128,0.12083197572255695
2026-08-28,0.11094785165330102,0.15481128526557228,0.19938704290135373,0.17692065389091655,0.01339153374362218,0.12107740883314526
2026-08-31,0.11171385300606679,0.15576828490529682,0.1988208066662039,0.17775012911650126,0.013267785491067746,0.1203821460252807
2026-09-01,0.11263674108292848,0.15641137340892322,0.1994536487074755,0.17769634359435596,0.013325487168138897,0.1206299010401863
2026-09-02,0.11245723886887897,0.15514829244131964,0.20033776142614834,0.17760803689105412,0.013318276562051416,0.12069727371130877
