Date,US,EU,EM,Tech,EU HY,Me A Ee
2026-05-22,288.79,27.99,287.73,67.02,265.17,155.06
2026-05-21,286.67,27.72,287.82,65.79,265.17,155.21
2026-05-20,285.53,27.8,283.55,65.77,264.96,154.2
2026-05-19,284.86,27.21,284.05,65.4,264.85,153.89
2026-05-18,286.51,27.2,283.39,65.49,264.98,154.83
2026-05-15,286.87,27.04,284.25,65.4,265.25,154.45
2026-05-14,287.71,27.55,287.93,66.02,265.43,156.96
2026-05-13,284.07,27.2,287.93,64.73,265.43,156.38
2026-05-12,282.62,26.95,289.73,64.28,265.38,156.01
2026-05-11,282.88,27.36,292.25,65.4,265.73,158.29
2026-05-08,283.46,27.4,289.67,65.4,265.59,157.59
2026-05-07,283.33,27.64,290.49,65.85,265.63,158.64
2026-05-06,281.92,27.89,286.88,65.04,265.53,158.19
2026-05-05,280.74,27.13,279.56,64.56,264.76,155.33
2026-05-04,279.75,26.6,279.94,64.32,264.58,154.34
2026-05-01,280.42,27.34,274.53,63.68,264.58,154.19
2026-04-30,277.49,27.14,274.53,62.6,264.58,154.19
2026-04-29,278.45,26.79,277.31,62.32,264.62,154.14
2026-04-28,278.08,26.86,277.86,62.08,264.79,154.62
2026-04-27,278.54,26.97,281.06,62.6,265.04,156.09
2026-04-24,277.8,27.09,278.59,62.55,264.98,156.09
2026-04-23,278.52,27.12,281.09,62.05,264.94,156.75
2026-04-22,276.23,27.19,284.59,62.38,265.04,158.06
2026-04-21,276.83,27.28,286.72,61.98,264.27,159.41
2026-04-20,275.87,27.49,283.34,61.34,264.95,160.5
2026-04-17,274.47,27.8,281.59,61.52,264.88,161.33
2026-04-16,272.27,27.23,281.34,60.88,264.24,159.28
2026-04-15,271.05,27.25,277.63,59.9,264.77,159.85
2026-04-14,267.98,27.46,274.31,59.17,263.77,158.87
2026-04-13,265.87,27.11,270.93,58.04,263.07,156.7
2026-04-10,265.74,27.21,274.79,57.34,263.27,156.22
2026-04-09,264.04,27.06,271.83,57.24,263.13,156.03
2026-04-08,263.11,27.13,275.93,58.0,263.28,157.62
2026-04-07,256.98,25.83,260.03,56.15,260.96,150.28
2026-04-06,255.66,26.12,261.07,56.71,260.75,150.76
2026-04-03,255.66,26.12,261.07,56.59,260.75,150.76
2026-04-02,255.66,26.12,261.07,56.38,260.75,150.76
2026-04-01,256.56,26.28,264.27,56.55,261.04,151.36
2026-03-31,253.22,25.53,258.72,55.18,259.63,149.4
2026-03-30,250.93,25.4,260.61,55.15,259.24,146.77
2026-03-27,251.51,25.23,265.64,54.84,259.79,146.44
2026-03-26,256.18,25.51,269.16,56.05,260.65,147.56
2026-03-25,258.45,25.91,270.93,56.56,261.2,149.16
2026-03-24,256.59,25.58,261.8,56.18,260.33,145.61
2026-03-23,258.98,25.54,264.61,56.5,260.1,146.09
2026-03-20,256.74,25.2,266.63,56.34,261.0,149.38
2026-03-19,258.54,25.71,268.13,56.97,261.6,149.38
2026-03-18,262.59,26.28,273.47,57.92,262.71,149.38
2026-03-17,264.83,26.43,268.61,58.45,262.55,151.88
2026-03-16,264.4,26.29,263.91,58.15,262.02,149.97
2026-03-13,262.99,26.19,267.19,57.61,262.33,149.23
2026-03-12,263.09,26.33,269.85,57.73,263.0,150.52
2026-03-11,266.1,26.53,274.14,58.38,263.93,153.07
2026-03-10,265.93,26.72,270.77,58.27,264.45,154.66
2026-03-09,261.86,26.03,263.85,57.8,263.06,150.01
2026-03-06,263.45,26.19,269.11,58.13,264.8,151.15
2026-03-05,268.93,26.47,278.18,58.56,265.63,154.84
2026-03-04,266.92,26.87,274.58,58.32,265.78,156.07
2026-03-03,264.37,26.4,273.93,57.58,265.18,153.06
2026-03-02,265.71,27.4,288.98,58.49,266.1,160.81
2026-02-28,263.86,28.09,291.9,58.02,266.89,163.33
2026-02-27,263.86,28.09,291.9,58.02,266.89,163.33
2026-02-26,267.32,28.19,296.73,58.07,267.12,163.16
2026-02-25,269.04,28.2,293.21,58.06,267.0,164.29
2026-02-24,266.65,27.93,292.1,57.64,266.92,162.32
2026-02-23,267.52,27.91,289.85,56.76,267.1,162.8
2026-02-20,267.75,27.99,288.23,58.21,266.97,160.78
2026-02-19,267.88,27.66,289.88,57.68,266.83,160.06
2026-02-18,267.64,27.86,290.16,57.95,266.71,161.76
2026-02-17,263.36,27.48,290.49,57.19,266.49,158.84
2026-02-16,264.11,27.29,286.86,57.13,266.54,160.48
2026-02-13,264.11,27.32,286.82,57.4,266.45,160.87
2026-02-12,268.99,27.42,291.43,56.8,266.79,161.81
2026-02-11,269.39,27.54,290.28,57.96,266.78,161.45
2026-02-10,269.37,27.59,289.22,58.72,266.85,160.6
2026-02-09,266.69,27.65,285.51,58.2,266.83,159.55
2026-02-06,266.32,27.37,283.28,57.67,266.62,159.6
2026-02-05,265.5,27.03,284.83,57.49,266.69,159.23
2026-02-04,267.9,27.23,286.15,57.96,266.77,162.37
2026-02-03,271.09,27.35,288.2,58.21,266.71,161.91
2026-02-02,271.16,27.42,280.92,59.72,266.38,159.41
2026-01-31,268.94,27.15,283.8,59.0,266.37,160.69
2026-01-30,268.94,27.15,283.8,59.0,266.37,160.69
2026-01-29,266.95,26.89,285.23,58.67,266.4,164.74
2026-01-28,269.41,27.08,284.36,60.28,266.52,163.98
2026-01-27,268.96,23.2,277.94,60.03,232.24,161.5
2026-01-26,269.61,23.2,279.03,60.03,232.24,161.59
2026-01-23,271.04,23.2,283.16,60.22,232.24,160.42
2026-01-22,270.72,23.2,281.97,60.05,232.24,159.74
2026-01-21,268.71,23.2,278.97,59.26,232.24,157.4
2026-01-20,269.12,23.2,279.13,59.23,232.24,156.5
2026-01-19,275.81,23.2,281.87,59.69,232.24,157.58
2026-01-16,275.81,23.2,281.07,60.5,232.24,156.77
2026-01-15,276.81,23.2,282.09,60.78,232.24,157.29
2026-01-14,273.98,23.2,279.91,59.82,232.24,157.25
2026-01-13,276.42,23.2,278.24,60.62,232.24,156.88
2026-01-12,276.0,23.2,277.25,60.78,232.24,155.44
2026-01-09,276.63,23.2,276.23,60.73,232.24,154.21
2026-01-08,274.84,23.2,275.96,60.05,232.24,152.89
2026-01-07,275.99,23.2,278.04,60.42,232.24,153.18
2026-01-06,274.43,23.2,278.19,60.26,232.24,152.81
2026-01-05,273.5,23.2,273.85,59.58,232.24,151.28
2026-01-02,272.65,23.2,270.14,58.2,232.24,150.4
2025-12-31,272.43,23.2,267.15,58.06,232.24,149.32
2025-12-30,272.51,23.2,266.53,58.09,232.24,148.63
2025-12-29,271.88,23.2,264.74,57.92,232.24,148.47
2025-12-26,270.8,23.2,260.03,57.98,232.24,149.2
2025-12-24,270.8,23.2,260.03,57.75,232.24,149.2
2025-12-23,270.8,23.2,260.03,57.51,232.24,149.2
2025-12-22,269.97,23.2,259.49,57.68,232.24,148.91
2025-12-19,269.22,23.2,261.45,57.45,232.24,148.02
2025-12-18,267.15,23.2,259.27,57.29,232.24,147.07
2025-12-17,267.29,23.2,260.61,56.82,232.24,146.95
2025-12-16,266.82,23.2,257.4,56.85,232.24,145.88
2025-12-15,268.45,23.2,261.01,57.21,232.24,146.71
2025-12-12,271.47,23.2,262.62,57.58,232.24,148.01
2025-12-11,270.09,23.2,260.04,58.03,232.24,146.97
2025-12-10,272.35,23.2,263.04,58.52,232.24,146.61
2025-12-09,273.25,23.2,261.13,58.55,232.24,145.89
2025-12-08,273.68,23.2,262.45,58.55,232.24,145.56
2025-12-05,273.45,23.2,263.9,58.56,232.24,146.18
2025-12-04,271.45,23.2,261.62,57.9,232.24,144.49
2025-12-03,271.03,23.2,261.54,57.68,232.24,144.0
2025-12-02,272.63,23.2,262.37,57.34,232.24,144.08
2025-12-01,271.84,23.2,259.69,57.04,232.24,144.22
2025-11-30,272.98,23.2,259.84,56.99,232.24,144.35
2025-11-28,272.98,23.2,259.84,56.99,232.24,144.35
2025-11-27,272.32,23.2,259.89,56.63,232.24,143.8
2025-11-26,272.32,23.2,260.08,56.9,232.24,144.24
2025-11-25,268.91,23.2,257.75,56.45,232.24,142.85
2025-11-24,268.36,23.2,256.4,56.03,232.24,142.92
2025-11-21,264.95,23.2,253.98,55.37,232.24,142.87
2025-11-20,272.17,23.2,257.32,55.68,232.24,145.17
2025-11-19,267.96,23.2,255.35,55.85,232.24,144.83
2025-11-18,263.76,23.2,254.6,55.65,232.24,143.3
2025-11-17,269.67,23.2,260.37,56.94,232.24,145.11
2025-11-14,267.55,23.2,259.71,57.46,232.24,144.93
2025-11-13,271.45,23.2,263.42,57.51,232.24,146.74
2025-11-12,274.96,23.2,264.24,58.21,232.24,147.01
2025-11-11,272.9,23.2,264.66,58.07,232.24,145.85
2025-11-10,272.99,23.2,262.68,57.95,232.24,145.84
2025-11-07,267.8,23.2,259.14,56.62,232.24,143.44
2025-11-06,272.27,23.2,261.95,57.76,232.24,145.18
2025-11-05,275.1,23.2,258.56,58.89,232.24,144.42
2025-11-04,275.68,23.2,258.05,59.06,232.24,144.23
2025-11-03,276.34,23.2,259.65,59.83,232.24,146.05
2025-10-31,276.44,23.2,258.65,59.58,232.24,146.26
2025-10-30,275.87,23.2,257.37,59.42,232.24,146.29
2025-10-29,274.82,23.2,256.62,59.31,232.24,147.11
2025-10-28,273.82,23.2,253.82,59.3,232.24,145.54
2025-10-27,273.63,23.2,255.65,59.37,232.24,144.44
2025-10-24,272.4,23.2,256.05,59.03,232.24,145.96
2025-10-23,270.71,23.2,253.6,58.43,232.24,146.1
2025-10-22,271.49,23.2,253.36,58.41,232.24,144.82
2025-10-21,270.63,23.2,253.45,58.95,232.24,144.1
2025-10-20,268.51,23.2,252.05,58.5,232.24,145.79
2025-10-17,265.34,23.2,246.75,57.26,232.24,145.29
2025-10-16,267.64,23.2,248.97,57.75,232.24,147.14
2025-10-15,269.24,23.2,247.22,57.71,232.24,147.09
2025-10-14,265.93,23.2,242.75,57.28,232.24,146.83
2025-10-13,267.93,23.2,245.54,57.48,232.24,147.4
2025-10-10,271.52,23.2,248.23,56.93,232.24,147.28
2025-10-09,270.5,23.2,249.64,58.46,232.24,147.8
2025-10-08,268.79,23.2,247.78,58.54,232.24,147.19
2025-10-07,268.84,23.2,248.07,57.7,232.24,146.0
2025-10-06,266.93,23.2,247.91,58.04,232.24,145.9
2025-10-03,267.13,23.2,247.41,57.56,232.24,145.3
2025-10-02,266.73,23.2,247.66,57.44,232.24,145.0
2025-10-01,264.21,23.2,244.42,56.65,232.24,145.45
2025-09-30,264.86,23.2,244.72,56.38,232.24,143.97
2025-09-29,265.35,23.2,243.32,56.67,232.24,143.67
2025-09-26,266.02,23.2,239.89,56.14,232.24,143.21
2025-09-25,263.4,23.2,243.79,56.39,232.24,142.93
2025-09-24,265.12,23.2,245.55,56.21,232.24,143.73
2025-09-23,265.63,23.2,243.14,56.41,232.24,142.31
2025-09-22,265.21,23.2,244.8,55.69,232.24,142.06
2025-09-19,265.21,23.2,245.79,55.69,232.24,141.33
2025-09-18,264.28,23.2,246.45,55.88,232.24,141.0
2025-09-17,261.85,23.2,247.46,54.74,232.24,139.83
2025-09-16,263.1,23.2,244.13,54.3,232.24,139.91
2025-09-15,264.73,23.2,244.62,54.41,232.24,140.18
2025-09-12,265.17,23.2,245.04,54.21,232.24,140.63
2025-09-11,263.33,23.2,243.3,54.14,232.24,139.9
2025-09-10,263.48,23.2,244.22,53.92,232.24,139.24
2025-09-09,261.06,23.2,241.82,54.11,232.24,138.96
2025-09-08,260.59,23.2,239.67,53.83,232.24,138.81
2025-09-05,261.63,23.2,239.8,53.45,232.24,139.25
2025-09-04,261.84,23.2,237.05,53.51,232.24,138.99
2025-09-03,260.55,23.2,237.58,53.05,232.24,139.2
2025-09-02,259.06,23.2,236.81,52.54,232.24,138.53
2025-09-01,261.42,23.2,237.93,53.34,232.24,138.94
2025-08-31,261.42,23.2,236.86,53.32,232.24,139.41
2025-08-29,261.42,23.2,236.86,53.32,232.24,139.41
2025-08-28,262.1,23.2,237.78,53.87,232.24,139.78
2025-08-27,263.42,23.2,237.79,53.87,232.24,141.14
2025-08-26,261.07,23.2,240.38,53.3,232.24,141.82
2025-08-25,260.92,23.2,242.33,53.6,232.24,142.25
2025-08-22,259.25,23.2,238.52,53.2,232.24,141.06
2025-08-21,258.89,23.2,236.99,52.55,232.24,141.28
2025-08-20,257.73,23.2,237.87,52.35,232.24,141.01
2025-08-19,260.09,23.2,237.88,53.12,232.24,141.21
2025-08-18,260.4,23.2,237.53,53.16,232.24,140.64
2025-08-15,260.15,23.2,238.15,53.09,232.24,141.1
2025-08-14,261.16,23.2,238.15,53.2,232.24,141.1
2025-08-13,260.73,23.2,238.52,53.1,232.24,141.02
2025-08-12,258.53,23.2,237.17,52.81,232.24,140.59
2025-08-11,259.07,23.2,237.87,52.85,232.24,140.42
2025-08-08,257.52,23.2,236.8,52.67,232.24,140.24
2025-08-07,258.6,23.2,237.6,52.56,232.24,140.16
2025-08-06,255.85,23.2,233.33,52.1,232.24,138.67
2025-08-05,259.34,23.2,235.42,52.23,232.24,138.65
2025-08-04,258.33,23.2,232.56,52.5,232.24,137.26
2025-08-01,255.23,23.2,231.43,52.03,232.24,135.54
2025-07-31,266.44,23.2,237.49,54.09,232.24,138.04
2025-07-30,263.62,23.2,239.32,54.18,232.24,137.62
2025-07-29,263.3,23.2,237.44,53.99,232.24,136.43
2025-07-28,261.32,23.2,236.55,53.72,232.24,135.73
2025-07-25,258.54,23.2,233.98,53.08,232.24,135.82
2025-07-24,257.36,23.2,235.08,53.1,232.24,135.96
2025-07-23,256.04,23.2,234.71,53.14,232.24,136.14
2025-07-22,256.05,23.2,230.63,52.89,232.24,135.36
2025-07-21,258.85,23.2,231.21,53.39,232.24,136.45
2025-07-18,258.31,23.2,230.13,53.34,232.24,135.85
2025-07-17,259.02,23.2,230.71,53.28,232.24,135.4
2025-07-16,257.13,23.2,231.23,52.4,232.24,134.5
2025-07-15,257.1,23.2,230.77,52.86,232.24,134.32
2025-07-14,255.14,23.2,229.38,52.42,232.24,133.94
2025-07-11,255.14,23.2,228.35,52.47,232.24,134.23
2025-07-10,255.13,23.2,228.45,52.83,232.24,134.82
2025-07-09,255.07,23.2,227.05,52.48,232.24,134.51
2025-07-08,253.98,23.2,228.05,52.68,232.24,133.98
2025-07-07,254.77,23.2,227.09,52.46,232.24,133.39
2025-07-04,253.49,23.2,226.74,52.34,232.24,133.3
2025-07-03,253.49,23.2,225.67,52.89,232.24,133.3
2025-07-02,251.31,23.2,224.42,52.12,232.24,131.79
2025-07-01,250.46,23.2,222.08,51.77,232.24,131.59
2025-06-30,251.26,23.2,222.0,51.67,232.24,131.79
2025-06-27,249.93,23.2,221.57,52.03,232.24,130.44
2025-06-26,247.76,23.2,220.67,51.6,232.24,130.44
2025-06-25,249.67,23.2,222.32,51.66,232.24,130.42
2025-06-24,247.88,23.2,221.53,51.68,232.24,130.11
2025-06-23,246.09,23.2,217.84,50.72,232.24,127.73
2025-06-20,246.61,23.2,217.84,50.93,232.24,127.29
2025-06-19,247.45,23.2,217.89,51.01,232.24,126.87
2025-06-18,247.45,23.2,220.11,51.54,232.24,127.46
2025-06-17,246.73,23.2,219.2,51.7,232.24,128.12
2025-06-16,246.5,23.2,217.42,51.47,232.24,128.73
2025-06-13,246.25,23.2,216.9,51.26,232.24,128.68
2025-06-12,246.02,23.2,219.19,51.59,232.24,129.79
2025-06-11,249.77,23.2,223.44,52.27,232.24,132.17
2025-06-10,249.38,23.2,222.9,52.45,232.24,132.64
2025-06-09,249.98,23.2,220.52,52.11,232.24,131.55
2025-06-06,250.76,23.2,220.52,51.85,232.24,131.55
2025-06-05,245.9,23.2,217.63,51.62,232.24,131.55
2025-06-04,248.12,23.2,217.99,50.9,232.24,131.55
2025-06-03,246.02,23.2,215.0,50.42,232.24,130.24
2025-06-02,242.46,23.2,213.2,49.68,232.24,129.41
2025-05-31,245.0,23.2,216.37,50.0,232.24,130.51
2025-05-30,245.0,23.2,216.37,50.0,232.24,130.51
2025-05-29,246.29,23.2,217.62,50.27,232.24,131.72
2025-05-28,246.82,23.2,217.62,50.81,232.24,132.42
2025-05-27,243.82,23.2,215.95,50.6,232.24,131.14
2025-05-26,240.7,23.2,215.99,50.12,232.24,131.41
2025-05-23,240.7,23.2,214.69,49.55,232.24,130.76
2025-05-22,244.91,23.2,216.95,50.58,232.24,131.51
2025-05-21,246.21,23.2,218.22,50.97,232.24,132.16
2025-05-20,249.53,23.2,219.95,51.07,232.24,132.64
2025-05-19,249.15,23.2,222.66,51.12,232.24,131.98
2025-05-16,249.84,23.2,226.09,51.63,232.24,132.43
2025-05-15,247.81,23.2,226.09,51.5,232.24,132.05
2025-05-14,248.51,23.2,228.27,51.56,232.24,132.1
2025-05-13,249.42,23.2,229.45,51.79,232.24,132.62
2025-05-12,246.84,23.2,230.21,51.27,232.24,132.33
2025-05-09,238.53,23.2,222.54,48.72,232.24,130.51
2025-05-08,236.72,23.2,222.54,48.62,232.24,129.05
2025-05-07,234.54,23.2,221.59,47.6,232.24,128.3
2025-05-06,233.26,23.2,220.3,47.7,232.24,127.97
2025-05-05,235.67,23.2,220.92,48.02,232.24,128.61
2025-05-02,234.82,23.2,220.03,47.99,232.24,126.83
2025-05-01,233.74,23.2,216.75,47.43,232.24,126.83
2025-04-30,224.09,23.2,216.75,46.21,232.24,126.83
2025-04-29,226.4,23.2,215.81,46.09,232.24,127.53
2025-04-28,227.47,23.2,217.54,45.78,232.24,127.58
2025-04-25,225.7,23.2,214.72,45.77,232.24,127.22
2025-04-24,223.3,23.2,213.7,45.64,232.24,127.08
2025-04-23,224.99,23.2,216.4,44.94,232.24,126.51
2025-04-22,213.04,23.2,208.87,43.38,232.24,124.27
2025-04-21,218.54,23.2,209.12,42.23,232.24,124.58
2025-04-18,218.54,23.2,209.12,43.43,232.24,124.58
2025-04-17,218.54,23.2,209.12,43.52,232.24,124.58
2025-04-16,219.78,23.2,207.77,43.65,232.24,124.97
2025-04-15,226.07,23.2,210.22,44.63,232.24,125.48
2025-04-14,225.63,23.2,209.42,43.89,232.24,124.06
2025-04-11,219.89,23.2,203.94,42.84,232.24,121.32
2025-04-10,225.73,23.2,206.67,42.96,232.24,122.79
2025-04-09,214.89,23.2,199.14,41.35,232.24,118.62
2025-04-08,227.69,23.2,204.79,43.69,232.24,122.44
2025-04-07,214.91,23.2,206.72,42.6,232.24,118.52
2025-04-04,225.21,23.2,215.08,43.81,232.24,123.36
2025-04-03,233.23,23.2,223.2,46.14,232.24,127.17
2025-04-02,245.01,23.2,230.6,49.02,232.24,132.4
2025-04-01,244.93,23.2,231.11,49.18,232.24,133.42
2025-03-31,241.11,23.2,229.35,48.39,232.24,133.42
2025-03-28,245.24,23.2,231.49,49.08,232.24,133.42
2025-03-27,252.04,23.2,235.03,50.43,232.24,134.13
2025-03-26,253.28,23.2,234.06,50.72,232.24,133.93
2025-03-25,254.61,23.2,232.6,51.17,232.24,132.87
2025-03-24,254.19,23.2,234.02,51.06,232.24,132.31
2025-03-21,248.12,23.2,235.48,50.47,232.24,132.39
2025-03-20,251.24,23.2,237.67,50.59,232.24,132.39
2025-03-19,246.81,23.2,238.75,50.57,232.24,132.26
2025-03-18,244.8,23.2,236.32,50.09,232.24,133.78
2025-03-17,246.54,23.2,234.88,50.41,232.24,133.5
2025-03-14,246.37,23.2,232.12,50.01,232.24,132.93
2025-03-13,244.82,23.2,228.99,49.15,232.24,131.84
2025-03-12,243.58,23.2,228.19,49.73,232.24,130.49
2025-03-11,241.98,23.2,229.6,49.2,232.24,129.15
2025-03-10,246.06,23.2,232.9,50.38,232.24,130.29
2025-03-07,252.28,23.2,233.09,50.86,232.24,131.5
2025-03-06,253.94,23.2,233.01,51.67,232.24,131.29
2025-03-05,256.23,23.2,228.8,51.6,232.24,131.48
2025-03-04,261.47,23.2,226.95,51.84,232.24,131.57
2025-03-03,270.17,23.2,229.3,53.49,232.24,133.55
2025-02-28,269.35,23.2,230.03,53.33,232.24,133.59
2025-02-27,271.78,23.2,235.57,54.08,232.24,134.49
2025-02-26,272.05,23.2,233.79,54.39,232.24,134.55
2025-02-25,269.89,23.2,230.83,54.22,232.24,134.03
2025-02-24,272.72,23.2,232.46,54.78,232.24,134.25
2025-02-21,277.17,23.2,233.8,55.78,232.24,135.21
2025-02-20,278.82,23.2,232.68,55.42,232.24,135.81
2025-02-19,279.35,23.2,234.64,55.73,232.24,135.58
2025-02-18,279.16,23.2,234.37,55.43,232.24,136.18
2025-02-17,277.6,23.2,233.01,55.07,232.24,135.13
2025-02-14,277.6,23.2,228.57,54.75,232.24,135.48
2025-02-13,278.28,23.2,227.22,54.73,232.24,135.99
2025-02-12,278.63,23.2,226.31,54.46,232.24,135.66
2025-02-11,279.73,23.2,223.07,54.64,232.24,135.7
2025-02-10,281.02,23.2,223.07,54.84,232.24,135.21
2025-02-07,281.18,23.2,222.46,54.09,232.24,134.34
2025-02-06,280.77,23.2,220.35,54.31,232.24,133.45
2025-02-05,276.16,23.2,216.21,53.97,232.24,131.43
2025-02-04,277.34,23.2,218.83,54.21,232.24,131.9
2025-02-03,277.38,23.2,217.25,54.03,232.24,131.81
2025-01-31,281.8,23.2,218.06,54.56,232.24,132.51
2025-01-30,278.89,23.2,217.32,54.08,232.24,132.12
2025-01-29,279.17,23.2,216.09,53.71,232.24,131.99
2025-01-28,276.01,23.2,217.15,53.55,232.24,131.44
2025-01-27,273.73,23.2,213.99,52.89,232.24,130.18
2025-01-24,280.84,23.2,211.27,43.62,232.24,131.27
2025-01-23,281.44,13.33,211.28,43.62,232.24,131.75
2025-01-22,281.3,13.33,211.85,43.62,232.24,132.05
2025-01-21,279.66,13.33,214.08,43.62,232.24,131.52
2025-01-20,279.29,13.33,209.9,43.62,232.24,130.92
2025-01-17,279.29,13.33,210.42,43.62,232.24,131.35
2025-01-16,278.04,13.33,209.71,43.62,232.24,130.57
2025-01-15,276.89,13.33,207.69,43.62,232.24,130.43
2025-01-14,273.36,13.33,205.91,43.62,232.24,129.39
2025-01-13,273.14,13.33,207.06,43.62,232.24,129.48
2025-01-10,274.91,13.33,207.06,43.62,232.24,130.02
2025-01-09,276.41,13.33,209.63,43.62,232.24,129.86
2025-01-08,276.41,13.33,210.12,43.62,232.24,129.73
2025-01-07,278.26,13.33,213.45,43.62,232.24,129.67
2025-01-06,278.76,13.33,211.06,43.62,232.24,129.38
2025-01-03,276.68,13.33,212.06,43.62,232.24,129.52
2025-01-02,276.77,13.33,212.27,43.62,232.24,129.03
2024-12-31,273.87,13.33,211.98,43.62,232.24,127.8
2024-12-30,270.96,13.33,211.27,43.62,232.24,127.26
2024-12-27,275.63,13.33,212.8,43.62,232.24,126.94
2024-12-23,273.88,13.33,213.17,43.62,232.24,126.82
2024-12-20,269.56,13.33,213.12,43.62,232.24,127.05
2024-12-19,272.62,13.33,212.98,43.62,232.24,127.2
2024-12-18,277.62,13.33,213.19,43.62,232.24,127.27
2024-12-17,276.82,13.33,212.15,43.62,232.24,127.27
2024-12-16,279.37,13.33,215.19,43.62,232.24,128.33
2024-12-13,279.97,13.33,215.72,43.62,232.24,128.2
2024-12-12,280.65,13.33,217.65,43.62,232.24,128.02
2024-12-11,281.66,13.33,216.62,43.62,232.24,127.9
2024-12-10,280.68,13.33,214.94,43.62,232.24,127.57
2024-12-09,280.2,13.33,218.24,43.62,232.24,127.38
2024-12-06,281.74,13.33,211.73,43.62,232.24,126.37
2024-12-05,281.15,13.33,211.06,43.62,232.24,125.82
2024-12-04,282.73,13.33,212.49,43.62,232.24,125.65
2024-12-03,281.58,13.33,212.81,43.62,232.24,124.54
2024-12-02,282.33,13.33,213.39,43.62,232.24,124.17
2024-11-29,279.28,13.33,209.99,43.62,232.24,122.56
2024-11-28,278.95,13.33,210.16,43.62,232.24,122.73
2024-11-27,278.95,13.33,211.87,43.62,232.24,122.75
2024-11-26,279.52,13.33,211.72,43.62,232.24,123.61
2024-11-25,279.01,13.33,211.18,43.62,232.24,123.33
2024-11-22,280.84,13.33,210.35,43.62,232.24,124.04
2024-11-21,275.03,13.33,209.05,43.62,232.24,122.82
2024-11-20,273.97,13.33,209.84,43.62,232.24,122.15
2024-11-19,271.53,13.33,209.14,43.62,232.24,121.29
2024-11-18,271.38,13.33,208.49,43.62,232.24,121.95
2024-11-15,274.75,13.33,207.96,43.62,232.24,121.87
2024-11-14,278.61,13.33,208.55,43.62,232.24,122.0
2024-11-13,278.15,13.33,208.82,43.62,232.24,121.95
2024-11-12,277.86,13.33,209.29,43.62,232.24,122.3
2024-11-11,276.81,13.33,215.27,43.62,232.24,122.7
2024-11-08,273.48,13.33,216.11,43.62,232.24,121.95
2024-11-07,271.07,13.33,218.72,43.62,232.24,121.7
2024-11-06,268.96,13.33,215.52,43.62,232.24,120.73
2024-11-05,259.0,13.33,216.42,43.62,232.24,119.08
2024-11-04,257.66,13.33,213.6,43.62,232.24,118.49
2024-11-01,260.44,13.33,213.16,43.62,232.24,119.28
2024-10-31,258.36,13.33,213.16,43.62,232.24,118.63
2024-10-30,264.35,13.33,214.73,43.62,232.24,119.5
2024-10-29,265.13,13.33,218.15,43.62,232.24,120.31
2024-10-28,264.38,13.33,217.9,43.62,232.24,120.13
2024-10-25,265.41,13.33,214.96,43.62,232.24,119.09
2024-10-24,263.06,13.33,216.93,43.62,232.24,119.52
2024-10-23,265.21,13.33,219.85,43.62,232.24,119.56
2024-10-22,264.7,13.33,219.27,43.62,232.24,120.22
2024-10-21,264.75,13.33,218.53,43.62,232.24,120.41
2024-10-18,263.67,13.33,218.42,43.62,232.24,120.23
2024-10-17,264.78,13.33,214.02,43.62,232.24,120.28
2024-10-16,260.19,13.33,217.41,43.62,232.24,120.04
2024-10-15,261.57,13.33,215.17,43.62,232.24,119.19
2024-10-14,261.53,13.33,218.68,43.62,232.24,118.76
2024-10-11,257.77,13.33,219.28,43.62,232.24,118.57
2024-10-10,256.04,13.33,220.07,43.62,232.24,118.1
2024-10-09,254.62,13.33,219.2,43.62,232.24,117.47
2024-10-08,253.23,13.33,222.74,43.62,232.24,117.65
2024-10-07,252.69,13.33,233.5,43.62,232.24,117.1
2024-10-04,252.53,13.33,230.42,43.62,232.24,117.12
2024-10-03,250.43,13.33,227.06,43.62,232.24,116.5
2024-10-02,249.18,13.33,232.25,43.62,232.24,117.53
2024-10-01,249.9,13.33,223.26,43.62,232.24,119.16
2024-09-30,247.91,13.33,222.59,43.62,232.24,119.03
2024-09-27,248.79,13.33,217.49,43.62,232.24,120.41
2024-09-26,249.88,13.33,211.21,43.62,232.24,121.49
2024-09-25,247.6,13.33,204.49,43.62,232.24,119.9
2024-09-24,247.55,13.33,204.93,43.62,232.24,119.81
2024-09-23,248.32,13.33,201.15,43.62,232.24,119.06
2024-09-20,247.25,13.33,202.88,43.62,232.24,117.86
2024-09-19,247.92,13.33,202.86,43.62,232.24,118.08
2024-09-18,244.92,13.33,201.09,43.62,232.24,116.85
2024-09-17,245.88,13.33,201.89,43.62,232.24,116.86
2024-09-16,244.8,13.33,200.23,43.62,232.24,116.2
2024-09-13,245.33,13.33,199.89,43.62,232.24,116.43
2024-09-12,243.61,13.33,199.02,43.62,232.24,116.0
2024-09-11,240.12,13.33,196.86,43.62,232.24,115.45
2024-09-10,241.13,13.33,199.2,43.62,232.24,116.97
2024-09-09,239.61,13.33,200.38,43.62,232.24,116.93
2024-09-06,240.02,13.33,203.32,43.62,232.24,117.78
2024-09-05,241.28,13.33,203.41,43.62,232.24,117.89
2024-09-04,241.73,13.33,202.28,43.62,232.24,117.88
2024-09-03,245.12,13.33,204.71,43.62,232.24,118.54
2024-09-02,246.5,13.33,205.23,43.62,232.24,119.13
2024-08-31,246.5,13.33,206.13,43.62,232.24,118.45
2024-08-30,246.5,13.33,206.13,43.62,232.24,118.45
2024-08-29,246.22,13.33,205.77,43.62,232.24,118.43
2024-08-28,244.92,13.33,206.05,43.62,232.24,117.96
2024-08-27,243.56,13.33,207.21,43.62,232.24,117.81
2024-08-26,245.41,13.33,207.02,43.62,232.24,118.24
2024-08-23,245.19,13.33,204.88,43.62,232.24,118.02
2024-08-22,246.8,13.33,204.4,43.62,232.24,118.2
2024-08-21,246.5,13.33,205.02,43.62,232.24,118.27
2024-08-20,246.77,13.33,205.71,43.62,232.24,118.22
2024-08-19,245.39,13.33,206.93,43.62,232.24,118.55
2024-08-16,245.4,13.33,206.15,43.62,232.24,117.97
2024-08-15,245.37,13.33,203.31,43.62,232.24,117.65
2024-08-14,240.27,13.33,203.31,43.62,232.24,115.92
2024-08-13,240.56,13.33,203.8,43.62,232.24,115.23
2024-08-12,238.19,13.33,204.53,43.62,232.24,114.96
2024-08-09,237.18,13.33,204.03,43.62,232.24,114.31
2024-08-08,235.86,13.33,202.98,43.62,232.24,114.31
2024-08-07,238.21,13.33,201.47,43.62,232.24,114.54
2024-08-06,233.46,13.33,197.7,43.62,232.24,112.78
2024-08-05,229.38,13.33,194.52,43.62,232.24,110.97
2024-08-02,238.43,13.33,203.34,43.62,232.24,116.66
2024-08-01,250.69,13.33,210.91,43.62,232.24,119.57
2024-07-31,246.38,13.33,210.5,43.62,232.24,119.33
2024-07-30,246.21,13.33,209.36,43.62,232.24,119.06
2024-07-29,246.18,13.33,210.31,43.62,232.24,119.0
2024-07-26,243.58,13.33,208.6,43.62,232.24,118.67
2024-07-25,242.42,13.33,207.87,43.62,232.24,118.04
2024-07-24,245.87,13.33,208.28,43.62,232.24,119.04
2024-07-23,249.52,13.33,207.22,43.62,232.24,119.18
2024-07-22,247.27,13.33,207.17,43.62,232.24,119.36
2024-07-19,246.68,13.33,208.68,43.62,232.24,118.86
2024-07-18,248.17,13.33,211.16,43.62,232.24,118.96
2024-07-17,248.93,13.33,211.3,43.62,232.24,118.38
2024-07-16,252.05,13.33,213.71,43.62,232.24,118.78
2024-07-15,251.02,13.33,211.56,43.62,232.24,117.97
2024-07-12,250.69,13.33,213.44,43.62,232.24,117.98
2024-07-11,252.27,13.33,211.99,43.62,232.24,117.73
2024-07-10,251.97,13.33,208.77,43.62,232.24,117.46
2024-07-09,251.83,13.33,210.53,43.62,232.24,117.44
2024-07-08,251.5,13.33,208.35,43.62,232.24,117.44
2024-07-05,250.39,13.33,208.9,43.62,232.24,117.18
2024-07-04,249.36,13.33,209.6,43.62,232.24,117.52
2024-07-03,249.36,13.33,208.15,43.62,232.24,116.65
2024-07-02,248.93,13.33,207.12,43.62,232.24,116.25
2024-07-01,248.58,13.33,210.26,43.62,232.24,116.96
2024-06-30,252.25,13.33,210.59,43.62,232.24,117.6
2024-06-28,252.25,13.33,210.59,43.62,232.24,117.6
2024-06-27,250.32,13.33,209.53,43.62,232.24,116.79
2024-06-26,250.41,13.33,211.96,43.62,232.24,117.06
2024-06-25,249.06,13.33,211.71,43.62,232.24,117.1
2024-06-24,249.24,13.33,212.38,43.62,232.24,116.87
2024-06-21,249.62,13.33,212.91,43.62,232.24,117.22
2024-06-20,250.67,13.33,214.33,43.62,232.24,116.74
2024-06-19,249.4,13.33,213.76,43.62,232.24,116.62
2024-06-18,249.4,13.33,212.06,43.62,232.24,114.21
2024-06-17,247.88,13.33,210.62,43.62,232.24,114.21
2024-06-14,248.85,13.33,211.82,43.62,232.24,114.21
2024-06-13,246.77,13.33,210.21,43.62,232.24,113.59
2024-06-12,246.5,13.33,210.38,43.62,232.24,113.4
2024-06-11,244.14,13.33,212.63,43.62,232.24,113.55
2024-06-10,243.66,13.33,213.7,43.62,232.24,113.2
2024-06-07,242.43,13.33,213.62,43.62,232.24,111.53
2024-06-06,240.83,13.33,213.56,43.62,232.24,110.92
2024-06-05,238.99,13.33,212.87,43.62,232.24,110.98
2024-06-04,236.84,13.33,212.45,43.62,232.24,111.22
2024-06-03,237.83,13.33,213.84,43.62,232.24,112.43
2024-05-31,235.57,13.33,210.86,43.62,232.24,110.75
2024-05-30,237.27,13.33,213.63,43.62,232.24,110.98
2024-05-29,238.06,13.33,214.55,43.62,232.24,112.25
2024-05-28,238.41,13.33,217.07,43.62,232.24,112.59
2024-05-27,237.88,13.33,216.39,43.62,232.24,113.36
2024-05-24,237.88,13.33,216.12,43.62,232.24,113.86
2024-05-23,239.27,13.33,219.58,43.62,232.24,114.11
2024-05-22,239.9,13.33,222.3,43.62,232.24,115.19
2024-05-21,238.55,13.33,223.07,43.62,232.24,115.54
2024-05-20,239.79,13.33,223.77,43.62,232.24,115.5
2024-05-17,238.77,13.33,223.77,43.62,232.24,115.02
2024-05-16,239.63,13.33,220.81,43.62,232.24,114.5
2024-05-15,238.14,13.33,218.27,43.62,232.24,114.35
2024-05-14,235.69,13.33,218.4,43.62,232.24,114.38
2024-05-13,236.58,13.33,220.0,43.62,232.24,114.91
2024-05-10,237.87,13.33,219.71,43.62,232.24,115.25
2024-05-09,235.98,13.33,214.6,43.62,232.24,114.9
2024-05-08,236.34,13.33,214.6,43.62,232.24,115.01
2024-05-07,235.08,13.33,214.29,43.62,232.24,114.69
2024-05-06,234.1,13.33,215.44,43.62,232.24,114.52
2024-05-03,232.81,13.33,214.49,43.62,232.24,114.27
2024-05-02,230.22,13.33,212.54,43.62,232.24,114.27
2024-05-01,229.2,13.33,209.94,43.62,232.24,114.36
2024-04-30,232.58,13.33,209.94,43.62,232.24,114.36
2024-04-29,232.08,13.33,211.44,43.62,232.24,114.14
2024-04-26,231.36,13.33,205.98,43.62,232.24,113.16
2024-04-25,226.37,13.33,203.21,43.62,232.24,111.85
2024-04-24,231.56,13.33,203.49,43.62,232.24,112.21
2024-04-23,229.15,13.33,202.55,43.62,232.24,112.42
2024-04-22,227.73,13.33,201.61,43.62,232.24,112.4
2024-04-19,228.35,13.33,200.32,43.62,232.24,111.93
2024-04-18,229.52,13.33,203.16,43.62,232.24,112.1
2024-04-17,231.76,13.33,201.16,43.62,232.24,112.12
2024-04-16,231.39,13.33,200.38,43.62,232.24,112.04
2024-04-15,235.92,13.33,206.37,43.62,232.24,114.75
2024-04-12,235.77,13.33,209.86,43.62,232.24,113.44
2024-04-11,233.24,13.33,210.73,43.62,232.24,113.44
2024-04-10,232.27,13.33,211.31,43.62,232.24,113.44
2024-04-09,231.54,13.33,209.77,43.62,232.24,113.44
2024-04-08,232.42,13.33,207.74,43.62,232.24,113.44
2024-04-05,232.0,13.33,208.17,43.62,232.24,113.44
2024-04-04,233.15,13.33,208.16,43.62,232.24,112.63
2024-04-03,232.72,13.33,207.31,43.62,232.24,112.27
2024-04-02,232.74,13.33,207.77,43.62,232.24,112.59
2024-03-31,234.48,13.33,203.14,43.62,232.24,112.7
2024-03-28,234.48,13.33,203.14,43.62,232.24,112.7
2024-03-27,232.54,13.33,201.09,43.62,232.24,112.03
2024-03-26,233.13,13.33,202.19,43.62,232.24,111.83
2024-03-25,232.99,13.33,203.39,43.62,232.24,112.08
2024-03-22,233.36,13.33,205.55,43.62,232.24,112.88
2024-03-21,232.56,13.33,207.35,43.62,232.24,112.76
2024-03-20,230.08,13.33,205.77,43.62,232.24,111.74
2024-03-19,228.28,13.33,205.15,43.62,232.24,111.23
2024-03-18,229.41,13.33,207.14,43.62,232.24,111.24
2024-03-15,227.66,13.33,206.87,43.62,232.24,111.83
2024-03-14,228.62,13.33,208.82,43.62,232.24,112.3
2024-03-13,227.8,13.33,207.96,43.62,232.24,112.25
2024-03-12,228.29,13.33,207.87,43.62,232.24,111.59
2024-03-11,225.54,13.33,205.1,43.62,232.24,111.65
2024-03-08,229.37,13.33,202.97,43.62,232.24,112.15
2024-03-07,227.73,13.33,201.51,43.62,232.24,112.21
2024-03-06,227.11,13.33,203.34,43.62,232.24,112.48
2024-03-05,226.69,13.33,201.28,43.62,232.24,112.09
2024-03-04,228.22,13.33,202.54,43.62,232.24,112.53
2024-03-01,227.22,13.33,199.49,43.62,232.24,112.73
2024-02-29,225.2,13.33,198.72,43.62,232.24,112.16
2024-02-28,224.18,13.33,198.87,43.62,232.24,111.91
2024-02-27,224.61,13.33,201.72,43.62,232.24,112.33
2024-02-26,225.1,13.33,203.18,43.62,232.24,112.19
2024-02-23,226.59,13.33,203.6,43.62,232.24,112.92
2024-02-22,224.43,13.33,203.55,43.62,232.24,113.17
2024-02-21,218.92,13.33,201.67,43.62,232.24,113.16
2024-02-20,218.98,13.33,200.08,43.62,232.24,112.94
2024-02-19,222.5,13.33,199.49,43.62,232.24,113.39
2024-02-16,222.5,13.33,200.98,43.62,232.24,112.68
2024-02-15,222.27,13.33,197.67,43.62,232.24,112.15
2024-02-14,222.79,13.33,198.09,43.62,232.24,112.03
2024-02-13,221.14,13.33,197.89,43.62,232.24,111.47
2024-02-12,223.41,13.33,196.45,43.62,232.24,111.53
2024-02-09,222.45,13.33,196.16,43.62,232.24,110.85
2024-02-08,222.6,13.33,198.76,43.62,232.24,111.13
2024-02-07,221.6,13.33,201.15,43.62,232.24,111.18
2024-02-06,220.32,13.33,201.71,43.62,232.24,111.43
2024-02-05,221.08,13.33,197.7,43.62,232.24,111.14
2024-02-02,217.8,13.33,197.7,43.62,232.24,110.44
2024-02-01,214.07,13.33,196.86,43.62,232.24,110.43
2024-01-31,213.3,13.33,195.24,43.62,232.24,109.26
2024-01-30,215.8,13.33,197.16,43.62,232.24,109.55
2024-01-29,215.27,13.33,200.89,43.62,232.24,110.19
2024-01-26,163.57,13.33,200.69,43.62,232.24,110.05
2024-01-25,163.57,13.33,202.34,33.38,231.86,109.8
2024-01-24,163.57,13.33,198.62,33.38,232.89,109.77
2024-01-23,163.57,13.33,195.19,33.38,231.43,108.89
2024-01-22,163.57,13.33,191.59,33.38,231.32,108.63
2024-01-19,163.57,13.33,193.58,33.38,230.77,108.07
2024-01-18,163.57,13.33,193.07,33.38,230.54,108.13
2024-01-17,163.57,13.33,193.07,33.38,230.22,108.14
2024-01-16,163.57,13.33,198.51,33.38,230.77,108.62
2024-01-15,163.57,13.33,200.01,33.38,231.14,108.94
2024-01-12,163.57,13.33,200.36,33.38,231.1,109.01
2024-01-11,163.57,13.33,200.05,33.38,230.94,108.95
2024-01-10,163.57,13.33,200.14,33.38,230.26,108.21
2024-01-09,163.57,13.33,201.48,33.38,229.34,108.45
2024-01-08,163.57,13.33,202.31,33.38,229.13,108.22
2024-01-05,163.57,13.33,203.07,33.38,228.79,107.52
2024-01-04,163.57,13.33,202.78,33.38,229.27,107.53
2024-01-03,163.57,13.33,203.25,33.38,229.51,107.02
2024-01-02,163.57,13.33,205.56,33.38,230.36,108.26
2023-12-31,163.57,13.33,204.02,33.38,230.18,106.99
2023-12-29,163.57,13.33,204.02,33.38,230.18,106.99
2023-12-28,163.57,13.33,203.25,33.38,230.19,106.41
2023-12-27,163.57,13.33,201.17,33.38,230.07,106.51
2023-12-22,163.57,13.33,199.53,33.38,229.93,104.95
2023-12-21,163.57,13.33,199.88,33.38,229.84,105.99
2023-12-20,163.57,13.33,199.67,33.38,229.64,106.6
2023-12-19,163.57,13.33,197.66,33.38,230.55,105.94
2023-12-18,163.57,13.33,199.25,33.38,229.18,105.63
2023-12-15,163.57,13.33,200.5,33.38,229.06,106.13
2023-12-14,163.57,13.33,197.77,33.38,228.56,106.13
2023-12-13,163.57,13.33,195.64,33.38,226.59,104.89
2023-12-12,163.57,13.33,197.68,33.38,226.08,105.24
2023-12-11,163.57,13.33,197.68,33.38,225.87,105.7
2023-12-08,163.57,13.33,199.72,33.38,225.7,105.41
2023-12-07,163.57,13.33,199.9,33.38,225.74,105.54
2023-12-06,163.57,13.33,201.42,33.38,225.55,105.67
2023-12-05,163.57,13.33,199.41,33.38,225.14,105.1
2023-12-04,163.57,13.33,202.82,33.38,224.8,105.71
2023-12-01,163.57,13.33,202.77,33.38,224.27,105.06
2023-11-30,163.57,13.33,201.66,33.38,223.75,105.06
2023-11-29,163.57,13.33,200.7,33.38,223.26,104.34
2023-11-28,163.57,13.33,200.44,33.38,222.32,103.99
2023-11-27,163.57,13.33,202.3,33.38,223.38,103.88
2023-11-24,163.57,13.33,202.47,33.38,223.08,103.87
2023-11-23,163.57,13.33,205.31,33.38,222.99,104.05
2023-11-22,163.57,13.33,203.61,33.38,222.71,104.15
2023-11-21,163.57,13.33,200.54,33.38,221.15,103.93
2023-11-20,163.57,13.33,200.61,33.38,220.99,103.93
2023-11-17,163.57,13.33,196.65,33.38,220.87,104.3
2023-11-16,163.57,13.33,196.57,33.38,220.78,104.23
2023-11-15,163.57,13.33,197.79,33.38,221.0,104.91
2023-11-14,163.57,13.33,194.7,33.38,220.48,103.5
2023-11-13,163.57,13.33,195.21,33.38,219.61,103.14
2023-11-10,163.57,13.33,194.54,33.38,220.52,103.56
2023-11-09,163.57,13.33,196.72,33.38,219.6,103.64
2023-11-08,163.57,13.33,196.72,33.38,219.33,104.67
2023-11-07,163.57,13.33,195.83,33.38,219.17,104.6
2023-11-06,163.57,13.33,195.28,33.38,219.28,104.92
2023-11-03,163.57,13.33,193.49,33.38,220.18,104.49
2023-11-02,163.57,13.33,189.93,33.38,218.75,103.94
2023-11-01,163.57,13.33,189.16,33.38,217.26,102.98
2023-10-31,163.57,13.33,189.16,33.38,217.26,101.69
2023-10-30,163.57,13.33,189.21,33.38,216.75,100.94
2023-10-27,163.57,13.33,189.65,33.38,216.35,100.3
2023-10-26,163.57,13.33,189.43,33.38,216.29,100.69
2023-10-25,163.57,13.33,190.38,33.38,216.67,100.91
2023-10-24,163.57,13.33,188.71,33.38,217.61,100.19
2023-10-23,163.57,13.33,188.79,33.38,215.57,99.86
2023-10-20,163.57,13.33,190.28,33.38,215.51,101.19
2023-10-19,163.57,13.33,190.07,33.38,216.98,101.85
2023-10-18,163.57,13.33,193.69,33.38,216.54,103.13
2023-10-17,163.57,13.33,193.69,33.38,218.19,103.3
2023-10-16,163.57,13.33,193.38,33.38,217.43,103.3
2023-10-13,163.57,13.33,193.38,33.38,217.7,103.61
2023-10-12,163.57,13.33,194.85,33.38,217.99,103.61
2023-10-11,163.57,13.33,192.62,33.38,217.88,103.3
2023-10-10,163.57,13.33,188.51,33.38,217.29,102.67
2023-10-09,163.57,13.33,188.51,33.38,216.74,101.43
2023-10-06,163.57,13.33,188.77,33.38,216.81,102.72
2023-10-05,163.57,13.33,185.25,33.38,215.89,102.72
2023-10-04,163.57,13.33,185.25,33.38,217.11,103.35
2023-10-03,163.57,13.33,189.05,33.38,217.91,104.68
2023-10-02,163.57,13.33,191.14,33.38,218.48,104.85
2023-09-30,163.57,13.33,191.16,33.38,218.34,104.58
2023-09-29,163.57,13.33,191.16,33.38,218.34,104.58
2023-09-28,163.57,13.33,192.45,33.38,217.79,104.58
2023-09-27,163.57,13.33,192.45,33.38,218.31,105.05
2023-09-26,163.57,13.33,190.2,33.38,218.38,104.51
2023-09-25,163.57,13.33,191.47,33.38,218.81,104.79
2023-09-22,163.57,13.33,191.47,33.38,218.82,104.11
2023-09-21,163.57,13.33,191.47,33.38,218.96,104.11
2023-09-20,163.57,13.33,193.12,33.38,219.34,104.57
2023-09-19,163.57,13.33,195.46,33.38,219.24,104.05
2023-09-18,163.57,13.33,196.2,33.38,219.24,104.15
2023-09-15,163.57,13.33,196.2,33.38,219.35,105.19
2023-09-14,163.57,13.33,193.36,33.38,218.98,105.19
2023-09-13,163.57,13.33,193.36,33.38,218.66,104.69
2023-09-12,163.57,13.33,192.42,33.38,218.63,105.25
2023-09-11,163.57,13.33,191.91,33.38,218.57,105.51
2023-09-08,163.57,13.33,189.75,33.38,218.35,104.86
2023-09-07,163.57,13.33,189.71,33.38,218.38,104.86
2023-09-06,163.57,13.33,191.41,33.38,217.93,105.17
2023-09-05,163.57,13.33,191.41,33.38,218.02,105.49
2023-09-04,163.57,13.33,190.86,33.38,217.94,105.78
2023-09-01,163.57,13.33,187.5,33.38,217.72,106.27
2023-08-31,163.57,13.33,184.49,33.38,217.68,106.27
2023-08-30,163.57,13.33,185.24,33.38,217.49,106.32
2023-08-29,163.57,13.33,187.01,33.38,217.38,106.35
2023-08-28,163.57,13.33,186.04,33.38,216.83,106.65
2023-08-25,163.57,13.33,184.42,33.38,216.85,105.81
2023-08-24,163.57,13.33,186.53,33.38,216.85,105.81
2023-08-23,163.57,13.33,185.0,33.38,216.6,105.69
2023-08-22,163.57,13.33,183.59,33.38,216.3,104.89
2023-08-21,163.57,13.33,182.16,33.38,216.15,104.36
2023-08-18,163.57,13.33,184.79,33.38,216.18,104.56
2023-08-17,163.57,13.33,184.84,33.38,216.3,104.56
2023-08-16,163.57,13.33,185.56,33.38,216.77,104.53
2023-08-15,163.57,13.33,189.04,33.38,217.0,104.54
2023-08-14,163.57,13.33,189.04,33.38,217.0,105.25
2023-08-11,163.57,13.33,189.65,33.38,216.95,105.29
2023-08-10,163.57,13.33,190.49,33.38,216.94,105.29
2023-08-09,163.57,13.33,191.04,33.38,216.84,104.53
2023-08-08,163.57,13.33,187.62,33.38,216.71,104.77
2023-08-07,163.57,13.33,188.99,33.38,216.55,104.85
2023-08-04,163.57,13.33,187.25,33.38,216.26,105.47
2023-08-03,163.57,13.33,190.09,33.38,216.18,105.47
2023-08-02,163.57,13.33,190.09,33.38,216.53,106.19
2023-08-01,163.57,13.33,188.94,33.38,216.7,108.08
2023-07-31,163.57,13.33,188.94,33.38,216.41,108.33
2023-07-28,163.57,13.33,188.94,33.38,216.2,109.13
2023-07-27,163.57,13.33,188.94,33.38,216.11,109.13
2023-07-26,163.57,13.33,185.33,33.38,215.67,108.24
2023-07-25,163.57,13.33,186.36,33.38,215.85,108.37
2023-07-24,163.57,13.33,183.56,33.38,215.8,106.88
2023-07-21,163.57,13.33,184.05,33.38,215.52,105.87
2023-07-20,163.57,13.33,183.0,33.38,215.45,105.87
2023-07-19,163.57,13.33,184.42,33.38,215.35,105.52
2023-07-18,163.57,13.33,184.51,33.38,215.14,105.34
2023-07-17,163.57,13.33,185.39,33.38,214.94,104.57
2023-07-14,163.57,13.33,187.69,33.38,215.48,105.04
2023-07-13,163.57,13.33,188.22,33.38,215.4,105.04
2023-07-12,163.57,13.33,187.65,33.38,214.82,104.76
2023-07-11,163.57,13.33,186.32,33.38,215.37,103.92
2023-07-10,163.57,13.33,184.87,33.38,213.99,102.65
2023-07-07,163.57,13.33,184.75,33.38,214.08,103.16
2023-07-06,163.57,13.33,185.83,33.38,214.33,103.16
2023-07-05,163.57,13.33,187.88,33.38,216.2,104.05
2023-07-04,163.57,13.33,190.2,33.38,215.0,104.61
2023-07-03,163.57,13.33,189.86,33.38,214.92,103.7
2023-06-30,163.57,13.33,187.7,33.38,214.54,102.08
2023-06-29,163.57,13.33,186.93,33.38,214.34,102.08
2023-06-28,163.57,13.33,186.09,33.38,214.32,102.08
2023-06-27,163.57,13.33,186.32,33.38,214.19,102.08
2023-06-26,163.57,13.33,186.75,33.38,215.51,102.08
2023-06-22,163.57,13.33,185.99,33.38,214.39,102.3
2023-06-21,163.57,13.33,186.83,33.38,214.84,103.52
2023-06-20,163.57,13.33,188.39,33.38,215.37,103.61
2023-06-19,163.57,13.33,188.81,33.38,215.71,104.29
2023-06-16,163.57,13.33,189.18,33.38,215.73,104.3
2023-06-15,163.57,13.33,189.44,33.38,215.45,104.3
2023-06-14,163.57,13.33,189.63,33.38,215.94,104.82
2023-06-13,163.57,13.33,190.65,33.38,215.77,104.22
2023-06-12,163.57,13.33,189.58,33.38,215.63,103.93
2023-06-09,163.57,13.33,189.86,33.38,215.23,103.18
2023-06-08,163.57,13.33,188.1,33.38,215.67,103.18
2023-06-07,163.57,13.33,189.18,33.38,215.59,103.35
2023-06-06,163.57,13.33,187.42,33.38,214.42,102.32
2023-06-05,163.57,13.33,185.96,33.38,214.11,101.69
2023-06-02,163.57,13.33,184.8,33.38,213.86,99.02
2023-06-01,163.57,13.33,180.03,33.38,213.42,99.02
2023-05-31,163.57,13.33,180.31,33.38,214.0,99.17
2023-05-30,163.57,13.33,180.91,33.38,213.31,99.4
2023-05-29,163.57,13.33,182.0,33.38,212.8,99.55
2023-05-26,163.57,13.33,182.0,33.38,212.8,99.77
2023-05-25,163.57,13.33,180.73,33.38,212.76,99.77
2023-05-24,163.57,13.33,179.73,33.38,212.94,100.29
2023-05-23,163.57,13.33,181.23,33.38,213.48,100.79
2023-05-22,163.57,13.33,181.97,33.38,213.67,101.17
2023-05-19,163.57,13.33,182.16,33.38,213.36,100.37
2023-05-18,163.57,13.33,181.08,33.38,212.74,100.37
2023-05-17,163.57,13.33,181.08,33.38,212.74,100.33
2023-05-16,163.57,13.33,181.3,33.38,212.58,99.83
2023-05-15,163.57,13.33,179.66,33.38,212.6,99.85
2023-05-12,163.57,13.33,178.2,33.38,212.51,100.25
2023-05-11,163.57,13.33,178.68,33.38,212.42,100.25
2023-05-10,163.57,13.33,178.2,33.38,212.3,100.63
2023-05-09,163.57,13.33,179.93,33.38,212.34,101.32
2023-05-08,163.57,13.33,179.93,33.38,212.34,101.02
2023-05-05,163.57,13.33,178.7,33.38,212.23,100.26
2023-05-04,163.57,13.33,176.76,33.38,212.14,100.26
2023-05-03,163.57,13.33,174.59,33.38,212.22,99.98
2023-05-02,163.57,13.33,176.04,33.38,212.21,100.97
2023-04-30,163.57,13.33,175.46,33.38,211.96,101.02
2023-04-28,163.57,13.33,175.46,33.38,211.96,101.02
2023-04-27,163.57,13.33,174.28,33.38,212.15,101.02
2023-04-26,163.57,13.33,170.84,33.38,211.02,99.96
2023-04-25,163.57,13.33,172.0,33.38,211.5,100.68
2023-04-24,163.57,13.33,174.32,33.38,211.55,100.68
2023-04-21,163.57,13.33,176.43,33.38,209.58,100.68
2023-04-20,163.57,13.33,177.15,33.38,211.55,100.68
2023-04-19,163.57,13.33,176.77,33.38,211.56,100.68
2023-04-18,163.57,13.33,179.45,33.38,211.76,101.26
2023-04-17,163.57,13.33,180.17,33.38,211.42,101.2
2023-04-14,163.57,13.33,179.02,33.38,211.39,99.66
2023-04-13,163.57,13.33,177.79,33.38,211.07,99.66
2023-04-12,163.57,13.33,179.8,33.38,210.76,99.81
2023-04-11,163.57,13.33,179.29,33.38,210.59,99.73
2023-04-06,163.57,13.33,176.86,33.38,211.66,99.75
2023-04-05,163.57,13.33,176.03,33.38,210.48,99.6
2023-04-04,163.57,13.33,175.46,33.38,210.97,100.09
2023-04-03,163.57,13.33,175.86,33.38,210.77,99.44
2023-03-31,163.57,13.33,175.39,33.38,210.32,98.28
2023-03-30,163.57,13.33,175.46,33.38,209.95,98.28
2023-03-29,163.57,13.33,175.01,33.38,209.01,97.72
2023-03-28,163.57,13.33,173.88,33.38,208.58,97.72
2023-03-27,163.57,13.33,171.67,33.38,207.22,97.18
2023-03-24,163.57,13.33,172.84,33.38,208.25,96.79
2023-03-23,163.57,13.33,172.12,33.38,209.09,96.79
2023-03-22,163.57,13.33,171.83,33.38,209.21,96.54
2023-03-21,163.57,13.33,170.66,33.38,208.55,95.5
2023-03-20,163.57,13.33,168.9,33.38,206.28,94.9
2023-03-17,163.57,13.33,170.47,33.38,208.12,95.04
2023-03-16,163.57,13.33,169.25,33.38,208.53,95.04
2023-03-15,163.57,13.33,170.44,33.38,208.68,95.85
2023-03-14,163.57,13.33,169.19,33.38,210.38,96.09
2023-03-13,163.57,13.33,171.75,33.38,210.43,96.76
2023-03-10,163.57,13.33,171.23,33.38,211.65,99.37
2023-03-09,163.57,13.33,175.83,33.38,212.5,99.37
2023-03-08,163.57,13.33,178.21,33.38,212.78,99.54
2023-03-07,163.57,13.33,178.33,33.38,212.97,99.5
2023-03-06,163.57,13.33,178.8,33.38,212.7,99.73
2023-03-03,163.57,13.33,178.58,33.38,211.82,98.93
2023-03-02,163.57,13.33,178.46,33.38,211.43,98.93
2023-03-01,163.57,13.33,178.55,33.38,211.85,98.72
2023-02-28,163.57,13.33,178.12,33.38,211.83,97.67
2023-02-27,163.57,13.33,180.07,33.38,212.19,97.57
2023-02-24,163.57,13.33,180.07,33.38,212.09,98.54
2023-02-23,163.57,13.33,182.47,33.38,212.23,98.54
2023-02-22,163.57,13.33,179.82,33.38,211.51,98.35
2023-02-21,163.57,13.33,181.92,33.38,212.18,98.59
2023-02-20,163.57,13.33,182.91,33.38,213.08,99.28
2023-02-17,163.57,13.33,182.73,33.38,213.11,99.79
2023-02-16,163.57,13.33,183.86,33.38,213.56,99.79
2023-02-15,163.57,13.33,184.01,33.38,213.47,99.8
2023-02-14,163.57,13.33,186.15,33.38,213.67,99.75
2023-02-13,163.57,13.33,185.57,33.38,213.72,100.14
2023-02-10,163.57,13.33,185.46,33.38,213.96,99.5
2023-02-09,163.57,13.33,185.86,33.38,214.59,99.5
2023-02-08,163.57,13.33,185.24,33.38,214.27,99.87
2023-02-07,163.57,13.33,185.33,33.38,214.21,100.19
2023-02-06,163.57,13.33,183.19,33.38,214.17,99.97
2023-02-03,163.57,13.33,186.54,33.38,214.39,100.28
2023-02-02,163.57,13.33,188.75,33.38,213.97,100.28
2023-02-01,163.57,13.33,186.87,33.38,211.9,99.77
2023-01-31,163.57,13.33,183.29,33.38,211.6,100.0
2023-01-30,163.57,13.33,184.74,33.38,211.55,
2023-01-27,163.57,13.33,189.09,33.38,211.84,
2023-01-26,163.57,13.33,188.09,33.38,211.6,
2023-01-25,163.57,13.33,185.73,33.38,211.17,
2023-01-24,166.01,13.33,186.05,33.84,220.88,
2023-01-23,165.43,13.33,185.51,33.97,220.88,
2023-01-20,162.92,13.33,185.6,33.07,220.88,
2023-01-19,162.75,13.33,183.8,32.53,220.88,
2023-01-18,166.16,13.33,184.89,33.04,220.88,
2023-01-17,165.51,13.33,184.49,33.1,220.88,
2023-01-16,164.66,13.33,185.75,33.02,220.88,
2023-01-13,164.66,13.33,185.07,32.83,220.88,
2023-01-12,164.74,13.33,184.25,32.71,220.88,
2023-01-11,164.31,13.33,182.36,32.55,220.88,
2023-01-10,163.23,13.33,182.91,32.12,220.88,
2023-01-09,164.66,13.33,182.1,32.36,220.88,
2023-01-06,163.51,13.33,179.51,31.66,220.88,
2023-01-05,163.3,13.33,177.84,31.39,220.88,
2023-01-04,163.62,13.33,172.21,31.48,220.88,
2023-01-03,164.28,13.33,170.28,30.98,220.88,
2023-01-02,161.95,13.33,166.81,30.9,220.88,
2022-12-30,161.95,13.33,167.83,30.39,220.88,
2022-12-29,163.25,13.33,168.64,30.76,220.88,
2022-12-28,163.08,13.33,169.47,30.18,220.88,
2022-12-27,162.88,13.33,168.9,30.49,220.88,
2022-12-26,162.08,13.33,169.41,30.65,220.88,
2022-12-23,162.08,13.33,169.41,30.54,220.88,
2022-12-22,163.28,13.33,168.45,30.54,220.88,
2022-12-21,164.1,13.33,166.97,31.31,220.88,
2022-12-20,162.39,13.33,165.15,30.82,220.88,
2022-12-19,163.84,13.33,165.23,30.89,220.88,
2022-12-16,164.45,13.33,165.59,31.15,220.88,
2022-12-15,165.17,13.33,165.6,31.6,220.88,
2022-12-14,171.29,13.33,167.09,33.03,220.88,
2022-12-13,173.36,13.33,168.48,33.05,220.88,
2022-12-12,168.9,13.33,166.75,32.51,220.88,
2022-12-09,169.76,13.33,170.71,32.66,220.88,
2022-12-08,169.73,13.33,169.39,32.32,220.88,
2022-12-07,168.8,13.33,167.74,31.95,220.88,
2022-12-06,170.83,13.33,169.33,32.38,220.88,
2022-12-05,172.59,13.33,170.77,33.13,220.88,
2022-12-02,173.48,13.33,169.64,33.4,220.88,
2022-12-01,175.02,13.33,168.95,33.45,220.88,
2022-11-30,171.27,13.33,168.33,32.75,220.88,
2022-11-29,172.01,13.33,165.56,32.34,220.88,
2022-11-28,172.4,13.33,159.63,32.57,220.88,
2022-11-25,174.48,13.33,162.28,32.9,220.88,
2022-11-24,174.31,13.33,162.04,33.1,220.88,
2022-11-23,174.31,13.33,158.92,32.8,220.88,
2022-11-22,173.43,13.33,160.13,32.61,220.88,
2022-11-21,173.01,13.33,160.85,32.56,220.88,
2022-11-18,172.01,13.33,161.57,32.73,220.88,
2022-11-17,169.75,13.33,162.75,32.84,220.88,
2022-11-16,171.15,13.33,162.5,33.08,220.88,
2022-11-15,172.94,13.33,164.49,34.06,220.88,
2022-11-14,172.66,13.33,160.8,33.4,220.88,
2022-11-11,173.32,13.33,160.58,33.32,220.88,
2022-11-10,173.26,13.33,156.68,33.14,220.88,
2022-11-09,170.81,13.33,159.73,31.44,220.88,
2022-11-08,171.78,13.33,158.4,31.88,220.88,
2022-11-07,169.72,13.33,158.78,31.19,220.88,
2022-11-04,171.23,13.33,156.99,30.93,220.88,
2022-11-03,171.9,13.33,154.53,31.55,220.88,
2022-11-02,173.81,13.33,154.88,32.28,220.88,
2022-11-01,174.22,13.33,150.6,32.71,220.88,
2022-10-31,174.77,13.33,150.6,32.53,220.88,
2022-10-28,171.85,13.33,149.17,32.36,220.88,
2022-10-27,171.12,13.33,149.79,32.23,220.88,
2022-10-26,171.23,13.33,146.24,32.62,220.88,
2022-10-25,172.9,13.33,145.68,32.65,220.88,
2022-10-24,172.67,13.33,146.2,32.21,220.88,
2022-10-21,170.12,13.33,151.48,32.03,220.88,
2022-10-20,170.6,13.33,152.49,32.29,220.88,
2022-10-19,170.06,13.33,152.11,32.12,220.88,
2022-10-18,170.65,13.33,152.98,31.91,220.88,
2022-10-17,168.62,13.33,151.64,31.77,220.88,
2022-10-14,170.48,13.33,152.66,31.21,220.88,
2022-10-13,164.19,13.33,151.43,31.33,220.88,
2022-10-12,168.17,13.33,152.99,31.19,220.88,
2022-10-11,167.1,13.33,153.18,31.25,220.88,
2022-10-10,169.83,13.33,157.51,31.79,220.88,
2022-10-07,170.98,13.33,159.45,32.28,220.88,
2022-10-06,174.37,13.33,159.06,33.15,220.88,
2022-10-05,172.6,13.33,152.79,31.73,220.88,
2022-10-04,172.24,13.33,152.79,31.73,220.88,
2022-10-03,167.83,13.33,152.79,31.73,220.88,
2022-09-30,168.41,13.33,151.47,31.76,220.88,
2022-09-29,168.68,13.33,150.93,31.61,220.88,
2022-09-28,171.36,13.33,154.11,32.37,220.88,
2022-09-27,172.42,13.33,157.98,32.26,220.88,
2022-09-26,171.29,13.33,157.29,32.39,220.88,
2022-09-23,170.1,13.33,158.08,32.12,220.88,
2022-09-22,171.55,13.33,160.45,32.44,220.88,
2022-09-21,175.54,13.33,160.85,33.34,220.88,
2022-09-20,173.19,13.33,162.29,33.14,220.88,
2022-09-19,173.44,13.33,160.01,32.97,220.88,
2022-09-16,172.69,13.33,159.45,33.09,220.88,
2022-09-15,177.24,13.33,162.8,33.72,220.88,
2022-09-14,176.91,13.33,162.8,34.07,220.88,
2022-09-13,178.87,13.33,164.46,34.26,220.88,
2022-09-12,181.79,13.33,162.75,34.85,220.88,
2022-09-09,180.62,13.33,161.3,34.71,220.88,
2022-09-08,178.76,13.33,160.99,34.26,220.88,
2022-09-07,177.15,13.33,159.58,33.87,220.88,
2022-09-06,177.19,13.33,162.29,34.0,220.88,
2022-09-05,177.9,13.33,162.64,33.94,220.88,
2022-09-02,177.9,13.33,162.38,34.34,220.88,
2022-09-01,175.76,13.33,163.36,33.64,220.88,
2022-08-31,178.15,13.33,165.7,34.29,220.88,
2022-08-30,178.69,13.33,164.94,34.28,220.88,
2022-08-29,179.71,13.33,164.98,34.72,220.88,
2022-08-26,185.8,13.33,166.02,35.42,220.88,
2022-08-25,186.69,13.33,166.71,35.99,220.88,
2022-08-24,185.73,13.33,164.54,35.71,220.88,
2022-08-23,185.07,13.33,162.49,35.44,220.88,
2022-08-22,186.57,13.33,160.98,35.74,220.88,
2022-08-19,187.95,13.33,162.4,36.12,220.88,
2022-08-18,187.95,13.33,163.04,36.64,220.88,
2022-08-17,187.27,13.33,163.16,36.09,220.88,
2022-08-16,187.99,13.33,163.01,36.83,220.88,
2022-08-15,187.2,13.33,159.65,36.87,220.88,
2022-08-12,183.89,13.33,159.65,36.3,220.88,
2022-08-11,182.77,13.33,157.29,35.91,220.88,
2022-08-10,181.18,13.33,155.59,35.79,220.88,
2022-08-09,179.51,13.33,157.28,35.12,220.88,
2022-08-08,183.06,13.33,156.91,35.94,220.88,
2022-08-05,181.23,13.33,156.6,35.66,220.88,
2022-08-04,181.39,13.33,155.07,35.74,220.88,
2022-08-03,180.76,13.33,152.94,35.95,220.88,
2022-08-02,178.2,13.33,151.29,35.03,220.88,
2022-08-01,178.83,13.33,150.94,34.95,220.88,
2022-07-29,179.39,13.33,151.94,34.84,220.88,
2022-07-28,175.08,13.33,152.65,34.55,220.88,
2022-07-27,173.48,13.33,149.79,34.17,220.88,
2022-07-26,172.17,13.33,149.07,33.32,220.88,
2022-07-25,171.1,13.33,147.25,33.62,220.88,
2022-07-22,172.47,13.33,148.01,33.86,220.88,
2022-07-21,171.65,13.33,147.68,34.11,220.88,
2022-07-20,170.1,13.33,146.76,33.92,220.88,
2022-07-19,167.62,13.33,145.05,33.05,220.88,
2022-07-18,169.83,13.33,147.0,33.12,220.88,
2022-07-15,168.56,13.33,144.08,32.57,220.88,
2022-07-14,165.17,13.33,146.58,32.03,220.88,
2022-07-13,166.45,13.33,147.1,32.19,220.88,
2022-07-12,168.84,13.33,146.86,32.6,220.88,
2022-07-11,168.99,13.33,148.82,32.76,220.88,
2022-07-08,168.31,13.33,150.66,33.22,220.88,
2022-07-07,168.14,13.33,149.1,33.0,220.88,
2022-07-06,165.96,13.33,146.06,32.14,220.88,
2022-07-05,161.3,13.33,146.83,31.49,220.88,
2022-07-04,161.25,13.33,146.98,31.24,220.88,
2022-07-01,161.25,13.33,148.28,30.96,220.88,
2022-06-30,158.75,13.33,148.09,31.15,220.88,
2022-06-29,161.07,13.33,149.18,31.57,220.88,
2022-06-28,164.96,13.33,151.66,31.84,220.88,
2022-06-27,162.65,13.33,147.86,32.21,220.88,
2022-06-24,161.51,13.33,145.09,32.17,220.88,
2022-06-23,158.76,13.33,142.85,31.04,220.88,
2022-06-22,157.17,13.33,142.85,30.72,220.88,
2022-06-21,157.91,13.33,145.9,30.97,220.88,
2022-06-20,155.85,13.33,144.65,30.54,220.88,
2022-06-17,155.85,13.33,146.58,30.37,220.88,
2022-06-16,156.01,13.33,147.36,30.07,220.88,
2022-06-15,160.54,13.33,149.5,31.4,220.88,
2022-06-14,160.09,13.33,149.33,30.95,220.88,
2022-06-13,161.2,13.33,149.09,30.97,220.88,
2022-06-10,166.01,13.33,154.01,32.28,220.88,
2022-06-09,171.05,13.33,155.43,33.57,220.88,
2022-06-08,171.67,13.33,155.24,33.91,220.88,
2022-06-07,170.06,13.33,154.45,33.69,220.88,
2022-06-06,171.85,13.33,154.74,33.86,220.88,
2022-06-03,170.39,13.33,154.74,33.44,220.88,
2022-06-02,168.57,13.33,156.21,33.64,220.88,
2022-06-01,170.82,13.33,157.7,33.31,220.88,
2022-05-31,169.7,13.33,158.56,33.39,220.88,
2022-05-30,169.33,13.33,155.88,33.52,220.88,
2022-05-27,169.33,13.33,153.61,33.29,220.88,
2022-05-26,166.41,13.33,150.86,32.49,220.88,
2022-05-25,163.42,13.33,150.86,31.8,220.88,
2022-05-24,161.07,13.33,149.58,31.28,220.88,
2022-05-23,162.69,13.33,152.92,32.2,220.88,
2022-05-20,164.65,13.33,154.52,31.96,220.88,
2022-05-19,162.75,13.33,152.12,32.35,220.88,
2022-05-18,168.36,13.33,154.6,32.49,220.88,
2022-05-17,169.5,13.33,154.35,32.98,220.88,
2022-05-16,169.16,13.33,152.5,32.93,220.88,
2022-05-13,169.31,13.33,151.0,33.13,220.88,
2022-05-12,164.39,13.33,147.06,31.85,220.88,
2022-05-11,167.22,13.33,147.94,32.18,220.88,
2022-05-10,167.71,13.33,148.92,31.81,220.88,
2022-05-09,169.03,13.33,149.97,31.96,220.88,
2022-05-06,169.66,13.33,149.97,32.97,220.88,
2022-05-05,176.63,13.33,155.15,33.62,220.88,
2022-05-04,175.04,13.33,155.5,33.8,220.88,
2022-05-03,175.04,13.33,156.23,34.29,220.88,
2022-05-02,174.79,13.33,155.77,33.73,220.88,
2022-04-29,180.18,13.33,157.15,34.36,220.88,
2022-04-28,178.78,13.33,154.16,34.07,220.88,
2022-04-27,177.95,13.33,152.06,33.49,220.88,
2022-04-26,176.71,13.33,151.8,33.05,220.88,
2022-04-25,174.5,13.33,150.15,33.27,220.88,
2022-04-22,179.09,13.33,154.38,33.67,220.88,
2022-04-21,184.62,13.33,154.97,34.4,220.88,
2022-04-20,183.99,13.33,155.18,34.57,220.88,
2022-04-19,182.63,13.33,155.71,35.04,220.88,
2022-04-18,183.6,13.33,157.62,34.47,220.88,
2022-04-15,183.6,13.33,157.62,34.51,220.88,
2022-04-14,183.6,13.33,157.62,34.83,220.88,
2022-04-13,181.18,13.33,154.08,34.8,220.88,
2022-04-12,182.79,13.33,154.08,34.87,220.88,
2022-04-11,182.4,13.33,153.07,34.67,220.88,
2022-04-08,184.25,13.33,156.01,35.33,220.88,
2022-04-07,183.62,13.33,153.17,35.02,220.88,
2022-04-06,182.79,13.33,155.06,35.39,220.88,
2022-04-05,186.59,13.33,156.65,36.24,220.88,
2022-04-04,185.49,13.33,155.94,36.64,220.88,
2022-04-01,184.21,13.33,155.24,35.8,220.88,
2022-03-31,185.45,13.33,153.13,36.13,220.88,
2022-03-30,185.88,13.33,152.3,36.29,220.88,
2022-03-29,186.05,13.33,151.32,36.55,220.88,
2022-03-28,186.64,13.33,150.85,35.9,220.88,
2022-03-25,185.59,13.33,150.84,35.94,220.88,
2022-03-24,183.68,13.33,150.75,35.84,220.88,
2022-03-23,184.45,13.33,149.95,35.76,220.88,
2022-03-22,184.56,13.33,148.7,35.9,220.88,
2022-03-21,182.85,13.33,146.22,35.13,220.88,
2022-03-18,181.02,13.33,148.57,35.32,220.88,
2022-03-17,177.36,13.33,146.51,34.33,220.88,
2022-03-16,177.67,13.33,143.12,34.08,220.88,
2022-03-15,172.94,13.33,138.32,33.07,220.88,
2022-03-14,174.4,13.33,143.3,32.73,220.88,
2022-03-11,175.24,13.33,146.14,33.53,220.88,
2022-03-10,173.09,13.33,146.86,33.28,220.88,
2022-03-09,172.17,13.33,143.76,33.61,220.88,
2022-03-08,171.35,13.33,141.91,32.94,220.88,
2022-03-07,176.3,13.33,144.51,33.62,220.88,
2022-03-04,178.81,13.33,149.41,34.06,220.88,
2022-03-03,180.25,13.33,150.07,34.53,220.88,
2022-03-02,177.98,13.33,147.76,34.59,220.88,
2022-03-01,178.19,13.33,151.83,34.3,220.88,
2022-02-28,176.75,13.33,151.86,34.67,220.88,
2022-02-25,174.52,13.33,163.27,34.49,220.88,
2022-02-24,170.32,13.33,160.87,33.51,220.88,
2022-02-23,174.18,13.33,172.07,33.8,220.88,
2022-02-22,175.41,13.33,172.11,33.89,220.88,
2022-02-21,177.05,13.33,173.97,33.81,220.88,
2022-02-18,177.05,13.33,175.6,34.13,220.88,
2022-02-17,178.19,13.33,175.63,34.83,220.88,
2022-02-16,178.73,13.33,175.29,35.05,220.88,
2022-02-15,179.7,13.33,172.67,35.26,220.88,
2022-02-14,177.94,13.33,171.4,35.06,220.88,
2022-02-11,180.88,13.33,173.06,35.36,220.88,
2022-02-10,183.05,13.33,172.95,35.73,220.88,
2022-02-09,182.59,13.33,170.81,35.73,220.88,
2022-02-08,178.48,13.33,169.45,35.13,220.88,
2022-02-07,179.8,13.33,167.85,35.03,220.88,
2022-02-04,178.41,13.33,168.84,34.83,220.88,
2022-02-03,180.14,13.33,167.95,35.11,220.88,
2022-02-02,183.12,13.33,169.12,36.19,220.88,
2022-02-01,181.48,13.33,170.25,36.19,220.88,
2022-01-31,179.64,13.33,169.97,35.84,220.88,
2022-01-28,173.76,13.33,169.62,34.94,220.88,
2022-01-27,179.02,13.33,168.5,35.08,220.88,
2022-01-26,177.36,13.33,166.56,35.07,220.88,
2022-01-25,172.15,13.33,164.86,34.2,220.88,
2022-01-24,171.69,13.33,165.16,33.88,220.88,
2022-01-21,177.16,13.33,167.67,35.46,220.88,
2022-01-20,182.55,13.33,167.06,36.6,220.88,
2022-01-19,183.9,13.33,164.91,36.28,220.88,
2022-01-18,183.08,13.33,163.55,36.61,220.88,
2022-01-17,184.55,13.33,164.04,36.76,220.88,
2022-01-14,184.55,13.33,162.9,36.56,220.88,
2022-01-13,187.4,13.33,163.02,36.9,220.88,
2022-01-12,188.46,13.33,164.82,37.01,220.88,
2022-01-11,185.44,13.33,163.97,36.94,220.88,
2022-01-10,184.49,13.33,164.18,36.12,220.88,
2022-01-07,188.64,13.33,162.26,36.73,220.88,
2022-01-06,188.23,13.33,160.63,37.14,220.88,
2022-01-05,192.37,13.33,161.54,37.68,220.88,
2022-01-04,194.78,13.33,160.78,37.69,220.88,
2022-01-03,192.68,13.33,158.83,37.73,220.88,
2021-12-31,192.96,13.33,159.51,37.38,220.88,
2021-12-30,194.29,13.33,159.52,37.86,220.88,
2021-12-29,193.88,13.33,158.62,37.59,220.88,
2021-12-28,195.13,13.33,160.62,37.79,220.88,
2021-12-27,192.57,13.33,158.24,37.57,220.88,
2021-12-24,191.76,13.33,158.26,37.34,220.88,
2021-12-23,191.76,13.33,158.26,37.31,220.88,
2021-12-22,188.73,13.33,157.87,37.0,220.88,
2021-12-21,186.37,13.33,157.92,36.67,220.88,
2021-12-20,184.53,13.33,155.62,35.86,220.88,
2021-12-17,187.18,13.33,158.85,36.55,220.88,
2021-12-16,191.15,13.33,158.95,36.7,220.88,
2021-12-15,188.14,13.33,158.75,36.37,220.88,
2021-12-14,188.96,13.33,160.27,36.49,220.88,
2021-12-13,191.44,13.33,161.27,36.89,220.88,
2021-12-10,191.55,13.33,163.23,37.13,220.88,
2021-12-09,191.78,13.33,163.55,37.32,220.88,
2021-12-08,191.54,13.33,163.05,37.26,220.88,
2021-12-07,192.1,13.33,163.1,37.65,220.88,
2021-12-06,186.51,13.33,160.37,35.74,220.88,
2021-12-03,186.21,13.33,159.84,35.74,220.88,
2021-12-02,185.04,13.33,157.56,36.32,220.88,
2021-12-01,187.51,13.33,156.15,36.87,220.88,
2021-11-30,187.1,13.33,154.09,36.23,220.88,
2021-11-29,189.31,13.33,156.49,36.81,220.88,
2021-11-26,188.44,13.33,157.58,36.25,220.88,
2021-11-25,191.91,13.33,163.46,37.51,220.88,
2021-11-24,191.91,13.33,163.03,37.46,220.88,
2021-11-23,191.98,13.33,162.67,37.11,220.88,
2021-11-22,193.86,13.33,162.51,37.57,220.88,
2021-11-19,192.64,13.33,164.5,37.79,220.88,
2021-11-18,191.33,13.33,163.6,37.51,220.88,
2021-11-17,191.49,13.33,166.73,37.87,220.88,
2021-11-16,191.35,13.33,166.54,37.91,220.88,
2021-11-15,189.83,13.33,164.22,37.57,220.88,
2021-11-12,187.8,13.33,164.83,37.6,220.88,
2021-11-11,187.07,13.33,166.41,37.24,220.88,
2021-11-10,186.72,13.33,164.44,37.2,220.88,
2021-11-09,185.75,13.33,162.36,37.07,220.88,
2021-11-08,186.74,13.33,161.76,37.11,220.88,
2021-11-05,187.4,13.33,159.42,37.14,220.88,
2021-11-04,185.09,13.33,158.89,36.84,220.88,
2021-11-03,182.42,13.33,157.74,36.31,220.88,
2021-11-02,181.95,13.33,156.99,36.33,220.88,
2021-11-01,181.05,13.33,156.61,36.24,220.88,
2021-10-29,180.12,13.33,156.61,36.09,220.88,
2021-10-28,179.16,13.33,156.74,35.82,220.88,
2021-10-27,180.19,13.33,157.48,35.8,220.88,
2021-10-26,180.3,13.33,159.63,36.17,220.88,
2021-10-25,179.0,13.33,159.28,36.07,220.88,
2021-10-22,178.73,13.33,160.03,35.94,220.88,
2021-10-21,177.5,13.33,159.61,35.97,220.88,
2021-10-20,177.45,13.33,159.75,36.1,220.88,
2021-10-19,176.09,13.33,159.43,36.12,220.88,
2021-10-18,175.75,13.33,159.83,35.89,220.88,
2021-10-15,175.3,13.33,160.28,35.81,220.88,
2021-10-14,173.23,13.33,159.66,35.55,220.88,
2021-10-13,170.98,13.33,158.61,34.98,220.88,
2021-10-12,171.36,13.33,159.28,35.02,220.88,
2021-10-11,173.31,13.33,159.75,35.4,220.88,
2021-10-08,173.41,13.33,159.17,35.24,220.88,
2021-10-07,174.09,13.33,157.19,35.52,220.88,
2021-10-06,169.53,13.33,155.09,34.75,220.88,
2021-10-05,169.58,13.33,155.95,34.8,220.88,
2021-10-04,169.75,13.33,156.38,34.27,220.88,
2021-10-01,168.87,13.33,156.19,34.77,220.88,
2021-09-30,171.29,13.33,156.73,34.84,220.88,
2021-09-29,170.54,13.33,155.31,34.9,220.88,
2021-09-28,171.24,13.33,155.52,34.9,220.88,
2021-09-27,172.92,13.33,155.11,35.59,220.88,
2021-09-24,172.87,13.33,155.06,35.59,220.88,
2021-09-23,171.85,13.33,155.6,35.44,220.88,
2021-09-22,169.76,13.33,154.04,34.96,220.88,
2021-09-21,169.12,13.33,152.11,34.67,220.88,
2021-09-20,169.1,13.33,150.47,34.38,220.88,
2021-09-17,171.45,13.33,153.46,35.09,220.88,
2021-09-16,171.7,13.33,152.33,35.16,220.88,
2021-09-15,170.32,13.33,153.26,34.94,220.88,
2021-09-14,170.62,13.33,154.85,35.13,220.88,
2021-09-13,171.64,13.33,155.35,35.01,220.88,
2021-09-10,171.91,13.33,154.04,35.19,220.88,
2021-09-09,172.82,13.33,152.46,35.3,220.88,
2021-09-08,172.59,13.33,154.33,35.19,220.88,
2021-09-07,172.38,13.33,154.45,35.43,220.88,
2021-09-06,172.21,13.33,154.31,35.48,220.88,
2021-09-03,172.21,13.33,154.36,35.36,220.88,
2021-09-02,173.21,13.33,154.47,35.41,220.88,
2021-09-01,173.15,13.33,156.71,35.52,220.88,
2021-08-31,173.68,13.33,155.08,35.53,220.88,
2021-08-30,174.53,13.33,153.81,35.49,220.88,
2021-08-27,173.59,13.33,153.22,35.35,220.88,
2021-08-26,173.71,13.33,153.28,35.2,220.88,
2021-08-25,173.73,13.33,154.23,35.23,220.88,
2021-08-24,173.41,13.33,152.75,35.23,220.88,
2021-08-23,172.89,13.33,150.01,34.95,220.88,
2021-08-20,171.88,13.33,150.07,34.48,220.88,
2021-08-19,170.36,13.33,150.07,34.35,220.88,
2021-08-18,172.26,13.33,153.68,34.59,220.88,
2021-08-17,172.0,13.33,152.57,34.42,220.88,
2021-08-16,171.61,13.33,154.04,34.5,220.88,
2021-08-13,172.58,13.33,152.81,34.68,220.88,
2021-08-12,172.55,13.33,155.31,34.79,220.88,
2021-08-11,172.58,13.33,156.83,34.84,220.88,
2021-08-10,172.68,13.33,156.62,34.99,220.88,
2021-08-09,171.87,13.33,156.06,35.2,220.88,
2021-08-06,172.11,13.33,155.52,35.25,220.88,
2021-08-05,170.6,13.33,155.34,35.03,220.88,
2021-08-04,169.53,13.33,154.58,34.68,220.88,
2021-08-03,168.11,13.33,153.8,34.49,220.88,
2021-08-02,169.61,13.33,153.3,34.59,220.88,
2021-07-30,169.47,13.33,152.14,34.37,220.88,
2021-07-29,169.86,13.33,152.19,34.5,220.88,
2021-07-28,170.67,13.33,152.88,34.45,220.88,
2021-07-27,170.62,13.33,153.01,33.97,220.88,
2021-07-26,171.4,13.33,153.2,34.55,220.88,
2021-07-23,170.74,13.33,155.69,34.7,220.88,
2021-07-22,168.44,13.33,159.04,34.45,220.88,
2021-07-21,168.1,13.33,157.12,34.26,220.88,
2021-07-20,165.71,13.33,157.96,34.02,220.88,
2021-07-19,163.75,13.33,158.24,33.57,220.88,
2021-07-16,168.65,13.33,162.44,34.3,220.88,
2021-07-15,168.68,13.33,163.98,34.49,220.88,
2021-07-14,169.59,13.33,163.99,34.63,220.88,
2021-07-13,169.33,13.33,164.71,34.84,220.88,
2021-07-12,168.22,13.33,161.92,34.46,220.88,
2021-07-09,167.35,13.33,161.58,34.43,220.88,
2021-07-08,165.97,13.33,161.56,34.15,220.88,
2021-07-07,168.99,13.33,165.19,34.67,220.88,
2021-07-06,168.1,13.33,165.95,34.56,220.88,
2021-07-05,167.17,13.33,166.06,34.57,220.88,
2021-07-02,167.17,13.33,166.95,34.44,220.88,
2021-07-01,165.44,13.33,167.31,34.2,220.88,
2021-06-30,164.82,13.33,167.59,34.39,220.88,
2021-06-29,164.6,13.33,166.91,34.29,220.88,
2021-06-28,163.73,13.33,169.25,34.11,220.88,
2021-06-25,162.94,13.33,169.5,34.03,220.88,
2021-06-24,162.86,13.33,168.49,33.97,220.88,
2021-06-23,162.0,13.33,167.87,33.68,220.88,
2021-06-22,161.63,13.33,167.87,33.65,220.88,
2021-06-21,160.6,13.33,167.38,33.56,220.88,
2021-06-18,160.95,13.33,168.78,33.47,220.88,
2021-06-17,161.24,13.33,170.34,33.89,220.88,
2021-06-16,159.43,13.33,169.18,33.38,220.88,
2021-06-15,159.42,13.33,168.47,33.38,220.88,
2021-06-14,159.14,13.33,169.56,33.36,220.88,
2021-06-11,159.4,13.33,170.1,33.34,220.88,
2021-06-10,158.73,13.33,170.25,33.01,220.88,
2021-06-09,157.95,13.33,169.22,32.9,220.88,
2021-06-08,157.8,13.33,168.71,32.91,220.88,
2021-06-07,157.95,13.33,170.02,32.82,220.88,
2021-06-04,157.68,13.33,169.79,32.91,220.88,
2021-06-03,156.7,13.33,169.53,32.66,220.88,
2021-06-02,158.54,13.33,167.87,32.74,220.88,
2021-06-01,158.51,13.33,167.26,32.58,220.88,
2021-05-31,158.97,13.33,166.98,32.58,220.88,
2021-05-28,158.97,13.33,167.34,32.78,220.88,
2021-05-27,158.05,13.33,165.24,32.66,220.88,
2021-05-26,157.12,13.33,164.51,32.53,220.88,
2021-05-25,157.51,13.33,162.88,32.41,220.88,
2021-05-24,157.31,13.33,163.96,32.42,220.88,
2021-05-21,157.89,13.33,163.96,32.11,220.88,
2021-05-20,155.65,13.33,163.3,32.11,220.88,
2021-05-19,152.82,13.33,163.35,31.34,220.88,
2021-05-18,156.39,13.33,164.69,31.73,220.88,
2021-05-17,156.7,13.33,162.82,31.59,220.88,
2021-05-14,156.59,13.33,164.44,31.9,220.88,
2021-05-13,155.29,13.33,164.07,31.42,220.88,
2021-05-12,155.67,13.33,164.07,31.3,220.88,
2021-05-11,155.9,13.33,165.41,31.74,220.88,
2021-05-10,159.33,13.33,166.72,32.36,220.88,
2021-05-07,159.53,13.33,164.19,32.8,220.88,
2021-05-06,157.94,13.33,162.93,32.54,220.88,
2021-05-05,159.71,13.33,163.94,32.73,220.88,
2021-05-04,158.35,13.33,162.75,32.12,220.88,
2021-05-03,160.62,13.33,161.25,32.82,220.88,
2021-04-30,160.52,13.33,162.33,33.05,220.88,
2021-04-29,161.19,13.33,163.57,33.0,220.88,
2021-04-28,161.18,13.33,162.31,33.2,220.88,
2021-04-27,159.9,13.33,165.15,33.4,220.88,
2021-04-26,160.17,13.33,162.96,33.51,220.88,
2021-04-23,158.24,13.33,163.13,33.33,220.88,
2021-04-22,158.77,13.33,163.28,33.43,220.88,
2021-04-21,158.25,13.33,162.32,33.15,220.88,
2021-04-20,158.5,13.33,163.24,32.84,220.88,
2021-04-19,159.94,13.33,162.69,33.26,220.88,
2021-04-16,160.36,13.33,163.04,33.44,220.88,
2021-04-15,159.42,13.33,163.04,33.44,220.88,
2021-04-14,159.25,13.33,163.04,33.44,220.88,
2021-04-13,158.61,13.33,161.02,33.41,220.88,
2021-04-12,158.77,13.33,161.06,33.49,220.88,
2021-04-09,158.37,13.33,163.99,33.51,220.88,
2021-04-08,157.76,13.33,163.99,33.51,220.88,
2021-04-07,157.34,13.33,163.3,33.41,220.88,
2021-04-06,158.31,13.33,164.44,33.62,220.88,
2021-04-05,156.13,13.33,164.29,33.72,220.88,
2021-04-02,156.13,13.33,164.29,33.31,220.88,
2021-04-01,156.13,13.33,164.29,33.1,220.88,
2021-03-31,155.08,13.33,164.15,32.7,220.88,
2021-03-30,154.43,13.33,165.55,32.45,220.88,
2021-03-29,153.84,13.33,164.02,32.44,220.88,
2021-03-26,152.45,13.33,163.12,32.17,220.88,
2021-03-25,149.3,13.33,159.1,31.79,220.88,
2021-03-24,151.57,13.33,160.1,31.94,220.88,
2021-03-23,150.76,13.33,160.48,32.04,220.88,
2021-03-22,150.34,13.33,160.86,32.12,220.88,
2021-03-19,150.19,13.33,161.48,31.85,220.88,
2021-03-18,151.72,13.33,163.5,32.07,220.88,
2021-03-17,151.19,13.33,162.22,32.14,220.88,
2021-03-16,152.63,13.33,161.87,32.49,220.88,
2021-03-15,151.06,13.33,161.82,31.89,220.88,
2021-03-12,151.33,13.33,161.64,31.54,220.88,
2021-03-11,151.14,13.33,161.38,31.74,220.88,
2021-03-10,150.02,13.33,158.67,31.41,220.88,
2021-03-09,149.5,13.33,158.86,31.39,220.88,
2021-03-08,149.08,13.33,158.68,31.12,220.88,
2021-03-05,145.46,13.33,160.81,30.45,220.88,
2021-03-04,144.91,13.33,158.32,30.7,220.88,
2021-03-03,146.47,13.33,157.77,31.08,220.88,
2021-03-02,148.59,13.33,152.55,31.17,220.88,
2021-03-01,147.6,13.33,152.28,31.49,220.88,
2021-02-26,144.5,13.33,149.65,30.9,220.88,
2021-02-25,146.43,13.33,152.92,30.83,220.88,
2021-02-24,146.07,13.33,151.37,31.23,220.88,
2021-02-23,144.35,13.33,152.93,30.77,220.88,
2021-02-22,146.85,13.33,150.45,31.22,220.88,
2021-02-19,148.44,13.33,151.33,31.61,220.88,
2021-02-18,148.04,13.33,152.33,31.28,220.88,
2021-02-17,149.11,13.33,153.01,31.55,220.88,
2021-02-16,149.52,13.33,152.24,31.7,220.88,
2021-02-15,148.4,13.33,151.6,31.76,220.88,
2021-02-12,148.4,13.33,150.77,31.57,220.88,
2021-02-11,147.26,13.33,149.68,31.43,220.88,
2021-02-10,147.44,13.33,149.7,31.03,220.88,
2021-02-09,147.26,13.33,150.31,31.27,220.88,
2021-02-08,147.69,13.33,149.56,31.27,220.88,
2021-02-05,147.6,13.33,147.82,31.03,220.88,
2021-02-04,146.53,13.33,147.85,30.98,220.88,
2021-02-03,145.64,13.33,149.74,30.72,220.88,
2021-02-02,144.09,13.33,148.5,30.68,220.88,
2021-02-01,140.01,13.33,145.54,29.97,220.88,
2021-01-29,140.33,13.33,142.22,29.49,220.88,
2021-01-28,139.95,13.33,144.26,30.01,220.88,
2021-01-27,141.78,13.33,146.17,29.94,220.88,
2021-01-26,145.18,13.33,146.08,30.18,220.88,
2021-01-25,145.96,13.33,147.85,30.15,220.88,
2021-01-22,145.5,13.33,150.09,23.11,220.88,
2021-01-21,146.26,13.33,171.36,23.11,221.07,
2021-01-20,145.66,13.33,171.36,23.11,220.75,
2021-01-19,143.19,13.33,171.36,23.11,220.21,
2021-01-18,143.03,13.33,171.36,23.11,220.01,
2021-01-15,143.03,13.33,171.36,23.11,220.12,
2021-01-14,145.03,13.33,171.36,23.11,220.12,
2021-01-13,143.75,13.33,171.36,23.11,220.08,
2021-01-12,143.8,13.33,171.36,23.11,220.03,
2021-01-11,144.08,13.33,171.36,23.11,220.41,
2021-01-08,143.24,13.33,171.36,23.11,220.46,
2021-01-07,141.76,13.33,171.36,23.11,220.26,
2021-01-06,139.01,13.33,171.36,23.11,220.03,
2021-01-05,138.93,13.33,171.36,23.11,219.88,
2021-01-04,139.92,13.33,171.36,23.11,217.64,
2020-12-31,139.82,13.33,171.36,23.11,219.24,
2020-12-30,139.99,13.33,171.36,23.11,219.25,
2020-12-29,139.98,13.33,171.36,23.11,219.2,
2020-12-28,139.99,13.33,171.36,23.11,219.01,
2020-12-24,139.51,13.33,171.36,23.11,219.01,
2020-12-23,139.51,13.33,171.36,23.11,218.91,
2020-12-22,138.91,13.33,171.36,23.11,218.83,
2020-12-21,137.54,13.33,171.36,23.11,218.77,
2020-12-18,139.03,13.33,171.36,23.11,219.33,
2020-12-17,139.16,13.33,171.36,23.11,219.28,
2020-12-16,138.84,13.33,171.36,23.11,219.11,
2020-12-15,137.98,13.33,171.36,23.11,218.98,
2020-12-14,138.38,13.33,171.36,23.11,219.0,
2020-12-11,137.46,13.33,171.36,23.11,218.82,
2020-12-10,137.71,13.33,171.36,23.11,219.14,
2020-12-09,139.7,13.33,171.36,23.11,219.19,
2020-12-08,139.03,13.33,171.36,23.11,219.03,
2020-12-07,139.15,13.33,171.36,23.11,219.05,
2020-12-04,138.34,13.33,171.36,23.11,218.94,
2020-12-03,138.21,13.33,171.36,23.11,218.56,
2020-12-02,138.54,13.33,171.36,23.11,218.22,
2020-12-01,139.97,13.33,171.36,23.11,217.91,
2020-11-30,138.84,13.33,171.36,23.11,217.67,
2020-11-27,140.17,13.33,171.36,23.11,217.46,
2020-11-26,140.01,13.33,171.36,23.11,217.46,
2020-11-25,140.01,13.33,171.36,23.11,217.38,
2020-11-24,139.96,13.33,171.36,23.11,217.12,
2020-11-23,139.38,13.33,171.36,23.11,216.47,
2020-11-20,139.03,13.33,171.36,23.11,215.92,
2020-11-19,139.04,13.33,171.36,23.11,215.67,
2020-11-18,140.19,13.33,171.36,23.11,215.63,
2020-11-17,139.63,13.33,171.36,23.11,215.44,
2020-11-16,141.35,13.33,171.36,23.11,215.18,
2020-11-13,139.99,13.33,171.36,23.11,214.34,
2020-11-12,139.76,13.33,171.36,23.11,214.38,
2020-11-11,140.07,13.33,171.36,23.11,214.43,
2020-11-10,138.88,13.33,171.36,23.11,214.24,
2020-11-09,141.18,13.33,171.36,23.11,214.05,
2020-11-06,137.02,13.33,171.36,23.11,212.08,
2020-11-05,138.33,13.33,171.36,23.11,211.79,
2020-11-04,135.32,13.33,171.36,23.11,210.26,
2020-11-03,131.78,13.33,171.36,23.11,209.84,
2020-11-02,130.98,13.33,171.36,23.11,208.74,
2020-10-30,127.44,13.33,171.36,23.11,208.61,
2020-10-29,129.25,13.33,171.36,23.11,208.81,
2020-10-28,128.44,13.33,171.36,23.11,209.21,
2020-10-27,131.21,13.33,171.36,23.11,210.57,
2020-10-26,131.85,13.33,171.36,23.11,210.68,
2020-10-23,133.66,13.33,171.36,23.11,210.94,
2020-10-22,133.21,13.33,171.36,23.11,210.77,
2020-10-21,134.06,13.33,171.36,23.11,210.77,
2020-10-20,134.47,13.33,171.36,23.11,210.57,
2020-10-19,136.52,13.33,171.36,23.11,210.55,
2020-10-16,137.54,13.33,171.36,23.11,210.28,
2020-10-15,136.72,13.33,171.36,23.11,210.04,
2020-10-14,138.59,13.33,171.36,23.11,210.85,
2020-10-13,138.82,13.33,171.36,23.11,210.91,
2020-10-12,137.01,13.33,171.36,23.11,210.74,
2020-10-09,135.19,13.33,171.36,23.11,210.45,
2020-10-08,134.85,13.33,171.36,23.11,210.25,
2020-10-07,132.98,13.33,171.36,23.11,209.83,
2020-10-06,132.99,13.33,171.36,23.11,209.69,
2020-10-05,131.78,13.33,171.36,23.11,209.22,
2020-10-02,131.99,13.33,171.36,23.11,207.22,
2020-10-01,132.49,13.33,171.36,23.11,208.75,
2020-09-30,132.1,13.33,171.36,23.11,208.18,
2020-09-29,131.39,13.33,171.36,23.11,208.01,
2020-09-28,131.26,13.33,171.36,23.11,207.72,
2020-09-25,127.97,13.33,171.36,23.11,207.96,
2020-09-24,127.5,13.33,171.36,23.11,207.96,
2020-09-23,129.91,13.33,171.36,23.11,209.3,
2020-09-22,128.3,13.33,171.36,23.11,209.07,
2020-09-21,126.82,13.33,171.36,23.11,209.85,
2020-09-18,129.27,13.33,171.36,23.11,210.95,
2020-09-17,129.59,13.33,171.36,23.11,210.98,
2020-09-16,132.24,13.33,171.36,23.11,211.2,
2020-09-15,131.88,13.33,171.36,23.11,211.03,
2020-09-14,130.48,13.33,171.36,23.11,210.92,
2020-09-11,129.25,13.33,171.36,23.11,211.16,
2020-09-10,131.64,13.33,171.36,23.11,211.16,
2020-09-09,130.58,13.33,171.36,23.11,210.93,
2020-09-08,130.52,13.33,171.36,23.11,211.08,
2020-09-07,133.08,13.33,171.36,23.11,211.19,
2020-09-04,133.08,13.33,171.36,23.11,211.18,
2020-09-03,138.05,13.33,171.36,23.11,211.36,
2020-09-02,137.85,13.33,171.36,23.11,211.04,
2020-09-01,134.94,13.33,171.36,23.11,210.61,
2020-08-31,135.21,13.33,171.36,23.11,210.33,
2020-08-28,135.41,13.33,171.36,23.11,210.33,
2020-08-27,136.42,13.33,171.36,23.11,210.15,
2020-08-26,134.42,13.33,171.36,23.11,210.08,
2020-08-25,132.91,13.33,171.36,23.11,210.08,
2020-08-24,132.6,13.33,171.36,23.11,209.87,
2020-08-21,132.19,13.33,171.36,23.11,209.6,
2020-08-20,130.65,13.33,171.36,23.11,209.53,
2020-08-19,130.15,13.33,171.36,23.11,209.43,
2020-08-18,129.75,13.33,171.36,23.11,209.36,
2020-08-17,130.45,13.33,171.36,23.11,209.56,
2020-08-14,130.27,13.33,171.36,23.11,209.61,
2020-08-13,130.35,13.33,171.36,23.11,209.95,
2020-08-12,130.25,13.33,171.36,23.11,209.83,
2020-08-11,130.07,13.33,171.36,23.11,209.2,
2020-08-10,129.9,13.33,171.36,23.11,208.92,
2020-08-07,130.24,13.33,171.36,23.11,208.75,
2020-08-06,128.43,13.33,171.36,23.11,208.74,
2020-08-05,127.91,13.33,171.36,23.11,208.31,
2020-08-04,128.56,13.33,171.36,23.11,207.81,
2020-08-03,128.72,13.33,171.36,23.11,207.41,
2020-07-31,126.06,13.33,171.36,23.11,207.36,
2020-07-30,124.68,13.33,171.36,23.11,207.39,
2020-07-29,125.74,13.33,171.36,23.11,207.72,
2020-07-28,125.6,13.33,171.36,23.11,207.66,
2020-07-27,125.43,13.33,171.36,23.11,207.65,
2020-07-24,125.69,13.33,171.36,23.11,207.64,
2020-07-23,128.68,13.33,171.36,23.11,207.71,
2020-07-22,128.23,13.33,171.36,23.11,207.17,
2020-07-21,130.09,13.33,171.36,23.11,206.98,
2020-07-20,128.37,13.33,171.36,23.11,206.15,
2020-07-17,127.86,13.33,171.36,23.11,205.64,
2020-07-16,127.18,13.33,171.36,23.11,205.48,
2020-07-15,128.17,13.33,171.36,23.11,205.2,
2020-07-14,125.4,13.33,171.36,23.11,204.54,
2020-07-13,128.71,13.33,171.36,23.11,204.58,
2020-07-10,127.21,13.33,171.36,23.11,204.48,
2020-07-09,127.86,13.33,171.36,23.11,204.71,
2020-07-08,127.52,13.33,171.36,23.11,204.61,
2020-07-07,127.82,13.33,171.36,23.11,204.72,
2020-07-06,127.4,13.33,171.36,23.11,204.69,
2020-07-03,127.43,13.33,171.36,23.11,204.15,
2020-07-02,127.43,13.33,171.36,23.11,204.02,
2020-07-01,125.08,13.33,171.36,23.11,203.55,
2020-06-30,123.42,13.33,171.36,23.11,203.29,
2020-06-29,121.28,13.33,171.36,23.11,203.08,
2020-06-26,124.16,13.33,171.36,23.11,203.25,
2020-06-25,123.0,13.33,171.36,23.11,203.18,
2020-06-24,124.25,13.33,171.36,23.11,203.7,
2020-06-23,125.36,13.33,171.36,23.11,203.58,
2020-06-22,124.31,13.33,171.36,23.11,203.58,
2020-06-19,126.25,13.33,171.36,23.11,204.16,
2020-06-18,125.15,13.33,171.36,23.11,204.39,
2020-06-17,125.69,13.33,171.36,23.11,204.86,
2020-06-16,125.09,13.33,171.36,23.11,204.82,
2020-06-15,119.38,13.33,171.36,23.11,202.6,
2020-06-12,122.12,13.33,171.36,23.11,203.0,
2020-06-11,122.65,13.33,171.36,23.11,202.67,
2020-06-10,125.47,13.33,171.36,23.11,204.48,
2020-06-09,124.54,13.33,171.36,23.11,205.23,
2020-06-08,125.71,13.33,171.36,23.11,206.22,
2020-06-05,125.5,13.33,171.36,23.11,205.41,
2020-06-04,124.29,13.33,171.36,23.11,203.4,
2020-06-03,124.34,13.33,171.36,23.11,202.59,
2020-06-02,123.09,13.33,171.36,23.11,201.49,
2020-06-01,122.94,13.33,171.36,23.11,200.01,
2020-05-29,122.2,13.33,171.36,23.11,200.01,
2020-05-28,123.41,13.33,171.36,23.11,199.72,
2020-05-27,122.38,13.33,171.36,23.11,198.91,
2020-05-26,123.45,13.33,171.36,23.11,197.02,
2020-05-25,121.96,13.33,171.36,23.11,195.34,
2020-05-22,121.96,13.33,171.36,23.11,195.61,
2020-05-21,122.05,13.33,171.36,23.11,195.0,
2020-05-20,122.29,13.33,171.36,23.11,195.0,
2020-05-19,121.92,13.33,171.36,23.11,193.93,
2020-05-18,122.15,13.33,171.36,23.11,192.86,
2020-05-15,118.76,13.33,171.36,23.11,192.28,
2020-05-14,116.35,13.33,171.36,23.11,192.71,
2020-05-13,118.53,13.33,171.36,23.11,193.8,
2020-05-12,121.18,13.33,171.36,23.11,194.01,
2020-05-11,121.02,13.33,171.36,23.11,194.01,
2020-05-08,121.52,13.33,171.36,23.11,193.19,
2020-05-07,121.31,13.33,171.36,23.11,193.65,
2020-05-06,119.02,13.33,171.36,23.11,193.33,
2020-05-05,118.86,13.33,171.36,23.11,193.14,
2020-05-04,115.15,13.33,171.36,23.11,193.06,
2020-05-01,115.91,13.33,171.36,23.11,194.42,
2020-04-30,119.16,13.33,171.36,23.11,194.42,
2020-04-29,119.56,13.33,171.36,23.11,194.13,
2020-04-28,119.14,13.33,171.36,23.11,194.07,
2020-04-27,118.0,13.33,171.36,23.11,193.58,
2020-04-24,115.44,13.33,171.36,23.11,192.92,
2020-04-23,116.73,13.33,171.36,23.11,192.81,
2020-04-22,114.09,13.33,171.36,23.11,192.01,
2020-04-21,113.9,13.33,171.36,23.11,191.99,
2020-04-20,116.29,13.33,171.36,23.11,193.45,
2020-04-17,117.21,13.33,171.36,23.11,193.78,
2020-04-16,113.44,13.33,171.36,23.11,193.57,
2020-04-15,113.01,13.33,171.36,23.11,194.28,
2020-04-14,113.87,13.33,171.36,23.11,193.96,
2020-04-09,112.94,13.33,171.36,23.11,190.1,
2020-04-08,107.94,13.33,171.36,23.11,187.02,
2020-04-07,111.34,13.33,171.36,23.11,186.29,
2020-04-06,106.61,13.33,171.36,23.11,184.26,
2020-04-03,103.17,13.33,171.36,23.11,183.45,
2020-04-02,100.3,13.33,171.36,23.11,183.05,
2020-04-01,101.2,13.33,171.36,23.11,182.55,
2020-03-31,105.02,13.33,171.36,23.11,182.68,
2020-03-30,102.37,13.33,171.36,23.11,181.38,
2020-03-27,101.52,13.33,171.36,23.11,182.35,
2020-03-26,102.92,13.33,171.36,23.11,180.94,
2020-03-25,100.76,13.33,171.36,23.11,178.12,
2020-03-24,96.94,13.33,171.36,23.11,175.46,
2020-03-23,90.24,13.33,171.36,23.11,174.84,
2020-03-20,99.18,13.33,171.36,23.11,176.19,
2020-03-19,94.63,13.33,171.36,23.11,174.87,
2020-03-18,94.6,13.33,171.36,23.11,177.62,
2020-03-17,97.05,13.33,171.36,23.11,183.06,
2020-03-16,99.42,13.33,171.36,23.11,187.19,
2020-03-13,101.7,13.33,171.36,23.11,194.46,
2020-03-12,102.71,13.33,171.36,23.11,196.37,
2020-03-11,109.23,13.33,171.36,23.11,203.53,
2020-03-10,108.54,13.33,171.36,23.11,205.36,
2020-03-09,107.65,13.33,171.36,23.11,205.36,
2020-03-06,114.67,13.33,171.36,23.11,212.11,
2020-03-05,120.98,13.33,171.36,23.11,214.56,
2020-03-04,121.5,13.33,171.36,23.11,215.56,
2020-03-03,121.96,13.33,171.36,23.11,215.18,
2020-03-02,118.06,13.33,171.36,23.11,213.76,
2020-02-28,116.14,13.33,171.36,23.11,213.69,
2020-02-27,123.02,13.33,171.36,23.11,215.94,
2020-02-26,128.67,13.33,171.36,23.11,217.32,
2020-02-25,132.27,13.33,171.36,23.11,218.14,
2020-02-24,133.12,13.33,171.36,23.11,218.6,
2020-02-21,137.52,13.33,171.36,23.11,220.0,
2020-02-20,139.95,13.33,171.36,23.11,220.19,
2020-02-19,140.15,13.33,171.36,23.11,219.93,
2020-02-18,139.22,13.33,171.36,23.11,219.69,
2020-02-17,138.26,13.33,171.36,23.11,219.75,
2020-02-14,138.26,13.33,171.36,23.11,219.57,
2020-02-13,137.68,13.33,171.36,23.11,219.4,
2020-02-12,137.04,13.33,171.36,23.11,219.41,
2020-02-11,136.44,13.33,171.36,23.11,219.13,
2020-02-10,134.61,13.33,171.36,23.11,218.72,
2020-02-07,133.74,13.33,171.36,23.11,218.78,
2020-02-06,133.93,13.33,171.36,23.11,218.81,
2020-02-05,133.22,13.33,171.36,23.11,218.44,
2020-02-04,131.26,13.33,171.36,23.11,218.01,
2020-02-03,129.45,13.33,171.36,23.11,217.5,
2020-01-31,129.52,13.33,171.36,23.11,217.64,
2020-01-30,129.56,13.33,171.36,23.11,217.58,
2020-01-29,130.28,13.33,171.36,23.11,217.91,
2020-01-28,129.12,13.33,171.36,23.11,217.64,
2020-01-27,128.74,13.33,171.36,23.11,217.46,
2020-01-24,131.88,13.33,171.36,23.11,218.15,
2020-01-23,130.81,13.33,171.36,23.11,218.14,
2020-01-22,131.84,13.33,174.1,23.11,218.32,
2020-01-21,130.86,13.33,172.94,22.96,218.27,
2020-01-20,130.97,13.33,176.85,23.04,218.35,
2020-01-17,130.97,13.33,176.24,22.93,218.19,
2020-01-16,129.7,13.33,174.55,22.78,217.91,
2020-01-15,128.93,13.33,175.16,22.6,217.69,
2020-01-14,128.84,13.33,176.12,22.7,217.54,
2020-01-13,128.72,13.33,175.61,22.61,217.44,
2020-01-10,129.22,13.33,175.83,22.47,217.31,
2020-01-09,128.57,13.33,174.68,22.47,217.06,
2020-01-08,127.24,13.33,172.95,22.21,216.72,
2020-01-07,126.35,13.33,173.61,22.04,216.8,
2020-01-06,125.43,13.33,173.01,21.77,216.76,
2020-01-03,126.23,13.33,175.54,21.84,216.91,
2020-01-02,126.2,13.33,175.93,21.91,216.83,
2019-12-31,124.59,13.33,173.97,21.49,216.56,
2019-12-30,124.96,13.33,174.37,21.52,216.53,
2019-12-27,125.97,13.33,174.68,21.77,216.5,
2019-12-26,126.11,13.33,173.91,21.83,216.45,
2019-12-24,126.11,13.33,173.91,21.75,216.45,
2019-12-23,126.11,13.33,173.91,21.81,216.39,
2019-12-20,125.82,13.33,172.77,21.72,216.21,
2019-12-19,124.38,13.33,172.09,21.48,216.27,
2019-12-18,124.61,13.33,172.18,21.45,216.26,
2019-12-17,124.04,13.33,170.95,21.31,216.23,
2019-12-16,123.88,13.33,171.21,21.36,216.21,
2019-12-13,122.87,13.33,170.9,21.11,215.95,
2019-12-12,122.94,13.33,168.83,20.94,215.31,
2019-12-11,122.19,13.33,167.03,20.73,215.24,
2019-12-10,122.04,13.33,166.15,20.66,215.05,
2019-12-09,122.83,13.33,166.41,20.73,214.92,
2019-12-06,122.83,13.33,166.11,20.83,214.63,
2019-12-05,121.08,13.33,164.45,20.48,214.51,
2019-12-04,121.09,13.33,163.34,20.59,214.31,
2019-12-03,119.7,13.33,163.59,20.37,214.21,
2019-12-02,122.1,13.33,165.89,20.63,214.33,
2019-11-29,123.48,13.33,165.77,20.99,214.27,
2019-11-28,123.44,13.33,166.99,21.07,214.06,
2019-11-27,123.44,13.33,167.46,21.06,213.8,
2019-11-26,122.75,13.33,167.55,20.94,213.56,
2019-11-25,122.24,13.33,168.04,20.9,213.05,
2019-11-22,121.49,13.33,166.73,20.61,212.63,
2019-11-21,120.82,13.33,165.27,20.46,212.48,
2019-11-20,121.47,13.33,166.41,20.69,212.63,
2019-11-19,121.66,13.33,165.91,20.7,212.72,
2019-11-18,121.45,13.33,165.33,20.74,212.63,
2019-11-15,121.31,13.33,164.09,20.8,212.59,
2019-11-14,121.43,13.33,164.75,20.61,212.71,
2019-11-13,121.0,13.33,164.19,20.7,212.88,
2019-11-12,121.19,13.33,166.47,20.78,213.11,
2019-11-11,120.15,13.33,164.77,20.64,213.11,
2019-11-08,119.83,13.33,168.36,20.74,213.22,
2019-11-07,120.15,13.33,168.12,20.85,213.3,
2019-11-06,119.0,13.33,165.75,20.59,213.18,
2019-11-05,119.69,13.33,166.07,20.72,213.13,
2019-11-04,119.23,13.33,163.53,20.44,212.94,
2019-11-01,118.46,13.33,159.34,20.07,212.57,
2019-10-31,117.39,13.33,159.34,19.87,212.57,
2019-10-30,117.6,13.33,159.86,19.96,212.51,
2019-10-29,118.11,13.33,159.3,20.03,212.67,
2019-10-28,117.99,13.33,160.69,20.3,212.69,
2019-10-25,116.98,13.33,159.55,20.14,212.67,
2019-10-24,116.2,13.33,159.86,19.88,212.87,
2019-10-23,115.63,13.33,159.08,19.61,213.07,
2019-10-22,116.48,13.33,158.28,19.63,213.12,
2019-10-21,115.59,13.33,157.25,19.62,212.89,
2019-10-18,115.91,13.33,156.58,19.37,212.83,
2019-10-17,116.46,13.33,157.21,19.62,212.92,
2019-10-16,116.36,13.33,157.05,19.71,212.76,
2019-10-15,116.7,13.33,157.44,19.83,212.53,
2019-10-14,115.79,13.33,156.33,19.63,212.42,
2019-10-11,116.09,13.33,155.81,19.65,212.32,
2019-10-10,115.02,13.33,152.92,19.27,211.84,
2019-10-09,114.21,13.33,152.08,19.17,211.75,
2019-10-08,113.78,13.33,152.51,19.13,211.6,
2019-10-07,115.16,13.33,153.04,19.41,211.85,
2019-10-04,115.07,13.33,151.91,19.36,212.04,
2019-10-03,113.44,13.33,151.82,18.99,212.39,
2019-10-02,113.99,13.33,151.77,19.01,212.87,
2019-10-01,118.18,13.33,154.89,19.49,213.37,
2019-09-30,117.11,13.33,155.71,19.59,213.17,
2019-09-27,117.32,13.33,154.86,19.53,213.2,
2019-09-26,116.94,13.33,154.98,19.52,213.03,
2019-09-25,115.92,13.33,153.69,19.37,212.94,
2019-09-24,117.78,13.33,155.8,19.33,213.47,
2019-09-23,117.13,13.33,156.16,19.46,213.64,
2019-09-20,117.88,13.33,157.32,19.63,213.72,
2019-09-19,117.44,13.33,157.14,19.63,213.57,
2019-09-18,116.62,13.33,157.71,19.49,213.58,
2019-09-17,116.7,13.33,157.35,19.46,213.62,
2019-09-16,117.05,13.33,159.72,19.58,213.75,
2019-09-13,116.88,13.33,159.26,19.66,213.62,
2019-09-12,117.01,13.33,158.77,19.62,213.37,
2019-09-11,116.56,13.33,159.51,19.62,212.74,
2019-09-10,115.59,13.33,156.55,19.25,212.75,
2019-09-09,117.1,13.33,154.88,19.31,213.03,
2019-09-06,117.21,13.33,153.41,19.17,213.09,
2019-09-05,116.96,13.33,152.7,19.11,213.2,
2019-09-04,116.06,13.33,150.4,18.67,213.2,
2019-09-03,116.16,13.33,148.11,18.42,213.07,
2019-09-02,116.3,13.33,149.78,18.53,213.11,
2019-08-30,116.3,13.33,148.56,18.53,213.19,
2019-08-29,115.51,13.33,145.94,18.37,212.97,
2019-08-28,113.09,13.33,145.32,17.98,212.72,
2019-08-27,113.7,13.33,144.93,17.97,212.55,
2019-08-26,112.57,13.33,144.41,17.91,212.24,
2019-08-23,114.91,13.33,146.98,17.83,212.32,
2019-08-22,115.58,13.33,147.92,18.29,212.08,
2019-08-21,115.22,13.33,146.63,18.47,211.73,
2019-08-20,114.46,13.33,147.17,18.32,211.16,
2019-08-19,114.81,13.33,147.34,18.33,210.71,
2019-08-16,113.09,13.33,145.98,18.11,210.41,
2019-08-15,111.82,13.33,146.84,17.74,210.58,
2019-08-14,112.58,13.33,146.84,17.67,210.58,
2019-08-13,114.16,13.33,148.07,18.13,210.68,
2019-08-12,112.56,13.33,149.56,17.82,210.91,
2019-08-09,113.87,13.33,153.3,17.85,210.95,
2019-08-08,112.92,13.33,154.7,18.13,211.04,
2019-08-07,109.9,13.33,151.86,17.69,210.89,
2019-08-06,111.21,13.33,155.7,17.71,210.76,
2019-08-05,111.58,13.33,155.71,17.65,210.55,
2019-08-02,114.63,13.33,162.21,18.39,211.08,
2019-08-01,117.65,13.33,166.06,19.28,211.5,
2019-07-31,117.6,13.33,167.71,19.08,211.33,
2019-07-30,117.42,13.33,167.63,18.98,211.29,
2019-07-29,117.94,13.33,167.9,19.02,211.67,
2019-07-26,117.91,13.33,169.09,19.19,211.5,
2019-07-25,116.66,13.33,169.33,19.0,211.46,
2019-07-24,117.24,13.33,169.37,19.13,210.96,
2019-07-23,116.79,13.33,169.07,18.91,210.6,
2019-07-22,115.84,13.33,167.37,18.73,210.33,
2019-07-19,116.41,13.33,168.2,18.66,210.3,
2019-07-18,115.67,13.33,167.16,18.5,210.1,
2019-07-17,116.38,13.33,167.91,18.64,210.38,
2019-07-16,116.91,13.33,169.25,18.75,210.52,
2019-07-15,116.36,13.33,168.28,18.73,210.58,
2019-07-12,116.22,13.33,167.81,18.65,210.45,
2019-07-11,115.98,13.33,168.15,18.6,210.54,
2019-07-10,116.0,13.33,168.51,18.51,210.52,
2019-07-09,114.94,13.33,167.81,18.41,210.53,
2019-07-08,115.04,13.33,168.99,18.35,211.0,
2019-07-05,115.13,13.33,170.24,18.43,211.24,
2019-07-04,114.84,13.33,169.9,18.5,211.43,
2019-07-03,114.84,13.33,168.7,18.48,211.22,
2019-07-02,114.08,13.33,169.59,18.36,210.65,
2019-07-01,114.14,13.33,169.6,18.41,210.42,
2019-06-28,111.98,13.33,167.98,18.03,209.9,
2019-06-27,112.0,13.33,166.66,17.94,209.55,
2019-06-26,111.99,13.33,166.06,17.87,209.18,
2019-06-25,112.31,13.33,164.46,17.74,209.34,
2019-06-24,112.77,13.33,165.43,17.9,209.65,
2019-06-21,113.53,13.33,165.92,17.91,209.61,
2019-06-20,113.97,13.33,167.11,18.01,210.0,
2019-06-19,113.48,13.33,164.5,17.86,208.9,
2019-06-18,113.7,13.33,162.82,17.85,208.38,
2019-06-17,111.97,13.33,160.78,17.48,207.51,
2019-06-14,111.43,13.33,161.09,17.42,207.45,
2019-06-13,111.63,13.33,162.16,17.53,207.39,
2019-06-12,111.02,13.33,161.72,17.42,207.23,
2019-06-11,111.8,13.33,162.62,17.61,207.48,
2019-06-10,111.81,13.33,159.49,17.64,206.82,
2019-06-07,110.7,13.33,159.49,17.29,206.82,
2019-06-06,109.53,13.33,159.87,17.03,206.43,
2019-06-05,108.97,13.33,160.28,17.11,206.26,
2019-06-04,107.27,13.33,160.31,17.0,205.9,
2019-06-03,106.92,13.33,160.69,16.83,205.51,
2019-05-31,107.91,13.33,159.43,17.03,205.68,
2019-05-30,109.8,13.33,156.05,17.18,206.08,
2019-05-29,109.03,13.33,156.05,16.99,206.08,
2019-05-28,110.7,13.33,157.38,17.22,206.52,
2019-05-27,110.49,13.33,156.51,17.22,206.62,
2019-05-24,110.49,13.33,156.27,17.25,206.54,
2019-05-23,110.62,13.33,156.88,17.22,206.29,
2019-05-22,112.24,13.33,157.82,17.63,206.84,
2019-05-21,112.12,13.33,158.25,17.69,206.86,
2019-05-20,111.5,13.33,156.82,17.47,206.73,
2019-05-17,112.2,13.33,158.78,17.93,206.67,
2019-05-16,112.42,13.33,161.19,18.18,206.47,
2019-05-15,110.31,13.33,161.0,17.99,206.26,
2019-05-14,109.94,13.33,160.69,17.84,206.16,
2019-05-13,109.66,13.33,159.87,17.57,206.06,
2019-05-10,111.09,13.33,163.04,17.88,206.59,
2019-05-09,110.73,13.33,166.2,18.05,207.03,
2019-05-08,112.52,13.33,166.2,18.46,207.03,
2019-05-07,113.56,13.33,167.34,18.54,207.61,
2019-05-06,114.01,13.33,167.35,18.82,208.13,
2019-05-03,115.01,13.33,170.8,19.05,208.18,
2019-05-02,114.59,13.33,169.58,18.86,208.35,
2019-05-01,115.23,13.33,168.0,19.06,208.62,
2019-04-30,114.8,13.33,168.0,18.92,208.62,
2019-04-29,115.83,13.33,170.46,19.09,208.61,
2019-04-26,114.83,13.33,169.62,19.01,208.45,
2019-04-25,115.02,13.33,169.46,19.11,208.55,
2019-04-24,114.6,13.33,171.13,19.09,209.04,
2019-04-23,113.7,13.33,171.66,18.95,209.09,
2019-04-19,112.46,13.33,172.91,18.71,208.89,
2019-04-18,112.46,13.33,172.91,18.71,208.89,
2019-04-17,112.2,13.33,172.23,18.63,208.81,
2019-04-16,112.74,13.33,171.36,18.37,208.65,
2019-04-15,112.58,13.33,170.5,18.26,208.47,
2019-04-12,112.55,13.33,170.54,18.27,208.15,
2019-04-11,112.3,13.33,171.1,18.21,208.07,
2019-04-10,112.33,13.33,172.94,18.21,207.91,
2019-04-09,111.86,13.33,172.46,18.15,207.79,
2019-04-08,111.97,13.33,171.19,18.19,207.71,
2019-04-05,112.65,13.33,171.2,18.27,207.6,
2019-04-04,112.42,13.33,170.18,18.17,207.38,
2019-04-03,112.06,13.33,169.59,18.24,207.54,
2019-04-02,111.95,13.33,167.27,17.99,207.2,
2019-04-01,111.03,13.33,166.66,17.87,206.73,
2019-03-29,109.87,13.33,162.2,17.59,206.22,
2019-03-28,109.43,13.33,160.95,17.44,205.85,
2019-03-27,109.09,13.33,161.87,17.36,205.82,
2019-03-26,109.47,13.33,161.17,17.52,205.69,
2019-03-25,108.3,13.33,160.14,17.41,205.41,
2019-03-22,109.55,13.33,162.45,17.62,205.58,
2019-03-21,109.45,13.33,164.22,17.8,205.76,
2019-03-20,108.76,13.33,163.92,17.41,205.67,
2019-03-19,109.24,13.33,164.35,17.55,205.92,
2019-03-18,109.12,13.33,164.63,17.42,205.63,
2019-03-15,108.46,13.33,163.34,17.52,205.39,
2019-03-14,108.33,13.33,161.57,17.39,205.34,
2019-03-13,108.3,13.33,160.97,17.46,205.05,
2019-03-12,107.85,13.33,161.52,17.37,204.8,
2019-03-11,107.12,13.33,160.06,17.34,204.37,
2019-03-08,105.64,13.33,158.51,16.98,204.12,
2019-03-07,106.55,13.33,161.85,17.18,204.68,
2019-03-06,107.36,13.33,163.54,17.16,204.86,
2019-03-05,107.22,13.33,163.53,17.25,205.12,
2019-03-04,108.38,13.33,163.38,17.1,204.98,
2019-03-01,107.39,13.33,162.51,17.05,204.73,
2019-02-28,107.01,13.33,162.59,17.03,204.61,
2019-02-27,106.96,13.33,163.74,17.13,204.43,
2019-02-26,107.29,13.33,164.46,17.21,204.06,
2019-02-25,107.99,13.33,165.99,17.32,203.73,
2019-02-22,107.57,13.33,163.81,17.18,203.19,
2019-02-21,107.17,13.33,162.19,17.05,203.03,
2019-02-20,107.66,13.33,161.29,17.11,202.94,
2019-02-19,107.61,13.33,159.0,17.07,202.79,
2019-02-18,107.82,13.33,159.29,,202.63,
2019-02-15,107.82,13.33,157.88,,202.3,
2019-02-14,106.26,13.33,157.61,,202.22,
2019-02-13,107.13,13.33,157.76,,202.17,
2019-02-12,106.16,13.33,157.22,,202.13,
2019-02-11,105.29,13.33,155.73,,201.9,
2019-02-08,103.65,13.33,154.57,,201.87,
2019-02-07,104.44,13.33,155.79,,202.2,
2019-02-06,104.87,13.33,157.99,,202.52,
2019-02-05,104.92,13.33,157.05,,202.15,
2019-02-04,103.72,13.33,156.14,,201.74,
2019-02-01,103.18,13.33,156.2,,201.67,
2019-01-31,102.53,13.33,155.36,,201.66,
2019-01-30,101.74,13.33,153.08,,200.97,
2019-01-29,101.48,13.33,152.73,,200.7,
2019-01-28,101.13,13.33,152.02,,200.66,
2019-01-25,102.68,13.33,152.7,,200.62,
2019-01-24,101.76,13.33,150.01,,200.3,
2019-01-23,102.48,13.33,149.26,,200.21,
2019-01-22,,13.33,148.11,,200.4,
2019-01-21,,13.33,118.54,,200.59,
2019-01-18,,13.33,118.54,,200.38,
2019-01-17,,13.33,118.54,,199.8,
2019-01-16,,13.33,118.54,,199.54,
2019-01-15,,13.33,118.54,,198.74,
2019-01-14,,13.33,118.54,,198.44,
2019-01-11,,13.33,118.54,,198.51,
2019-01-10,,13.33,118.54,,198.02,
2019-01-09,,13.33,118.54,,198.19,
2019-01-08,,13.33,118.54,,197.28,
2019-01-07,,13.33,118.54,,196.33,
2019-01-04,,13.33,118.54,,195.71,
2019-01-03,,13.33,118.54,,195.71,
2019-01-02,,13.33,118.54,,196.42,
2018-12-31,,13.33,118.54,,196.73,
2018-12-28,,13.33,118.54,,196.66,
2018-12-27,,13.33,118.54,,196.65,
2018-12-24,,13.33,118.54,,196.75,
2018-12-21,,13.33,118.54,,196.7,
2018-12-20,,13.33,118.54,,197.06,
2018-12-19,,13.33,118.54,,197.36,
2018-12-18,,13.33,118.54,,197.32,
2018-12-17,,13.33,118.54,,197.56,
2018-12-14,,13.33,118.54,,197.64,
2018-12-13,,13.33,118.54,,197.66,
2018-12-12,,13.33,118.54,,196.99,
2018-12-11,,13.33,118.54,,196.43,
2018-12-10,,13.33,118.54,,196.49,
2018-12-07,,13.33,118.54,,197.11,
2018-12-06,,13.33,118.54,,197.26,
2018-12-05,,13.33,118.54,,197.95,
2018-12-04,,13.33,118.54,,198.46,
2018-12-03,,13.33,118.54,,198.96,
2018-11-30,,13.33,118.54,,198.52,
2018-11-29,,13.33,118.54,,198.53,
2018-11-28,,13.33,118.54,,198.76,
2018-11-27,,13.33,118.54,,198.94,
2018-11-26,,13.33,118.54,,199.58,
2018-11-23,,13.33,118.54,,199.52,
2018-11-22,,13.33,118.54,,199.91,
2018-11-21,,13.33,118.54,,199.69,
2018-11-20,,13.33,118.54,,199.05,
2018-11-19,,13.33,118.54,,199.91,
2018-11-16,,13.33,118.54,,200.83,
2018-11-15,,13.33,118.54,,201.7,
2018-11-14,,13.33,118.54,,202.51,
2018-11-13,,13.33,118.54,,202.95,
2018-11-12,,13.33,118.54,,203.38,
2018-11-09,,13.33,118.54,,203.61,
2018-11-08,,13.33,118.54,,203.88,
2018-11-07,,13.33,118.54,,203.82,
2018-11-06,,13.33,118.54,,203.5,
2018-11-05,,13.33,118.54,,203.47,
2018-11-02,,13.33,118.54,,203.41,
2018-10-31,,13.33,118.54,,202.83,
2018-10-30,,13.33,118.54,,202.7,
2018-10-29,,13.33,118.54,,202.74,
2018-10-26,,13.33,118.54,,202.54,
2018-10-25,,13.33,118.54,,203.01,
2018-10-24,,13.33,118.54,,203.39,
2018-10-23,,13.33,118.54,,203.63,
2018-10-22,,13.33,118.54,,204.06,
2018-10-19,,13.33,118.54,,203.9,
2018-10-18,,13.33,118.54,,204.33,
2018-10-17,,13.33,118.54,,204.52,
2018-10-16,,13.33,118.54,,204.47,
2018-10-15,,13.33,118.54,,204.39,
2018-10-12,,13.33,118.54,,204.45,
2018-10-11,,13.33,118.54,,204.09,
2018-10-10,,13.33,118.54,,204.74,
2018-10-09,,13.33,118.54,,204.81,
2018-10-08,,13.33,118.54,,204.98,
2018-10-05,,13.33,118.54,,205.15,
2018-10-04,,13.33,118.54,,205.31,
2018-10-03,,13.33,118.54,,205.37,
2018-10-02,,13.33,118.54,,205.09,
2018-10-01,,13.33,118.54,,205.19,
2018-09-28,,13.33,118.54,,204.77,
2018-09-27,,13.33,118.54,,205.01,
2018-09-26,,13.33,118.54,,205.08,
2018-09-25,,13.33,118.54,,205.11,
2018-09-24,,13.33,118.54,,205.0,
2018-09-21,,13.33,118.54,,205.12,
2018-09-20,,13.33,118.54,,205.05,
2018-09-19,,13.33,118.54,,204.87,
2018-09-18,,13.33,118.54,,204.79,
2018-09-17,,13.33,118.54,,204.66,
2018-09-14,,13.33,118.54,,204.42,
2018-09-13,,13.33,118.54,,204.29,
2018-09-12,,13.33,118.54,,204.28,
2018-09-11,,13.33,118.54,,204.26,
2018-09-10,,13.33,118.54,,204.11,
2018-09-07,,13.33,118.54,,203.85,
2018-09-06,,13.33,118.54,,203.77,
2018-09-05,,13.33,118.54,,203.86,
2018-09-04,,13.33,118.54,,203.94,
2018-09-03,,13.33,118.54,,204.03,
2018-08-31,,13.33,118.54,,204.1,
2018-08-30,,13.33,118.54,,204.32,
2018-08-29,,13.33,118.54,,204.45,
2018-08-28,,13.33,118.54,,204.45,
2018-08-27,,13.33,118.54,,204.32,
2018-08-24,,13.33,118.54,,204.35,
2018-08-23,,13.33,118.54,,204.37,
2018-08-22,,13.33,118.54,,204.42,
2018-08-21,,13.33,118.54,,204.34,
2018-08-20,,13.33,118.54,,204.15,
2018-08-17,,13.33,118.54,,204.05,
2018-08-16,,13.33,118.54,,203.97,
2018-08-14,,13.33,118.54,,204.08,
2018-08-13,,13.33,118.54,,204.09,
2018-08-10,,13.33,118.54,,204.4,
2018-08-09,,13.33,118.54,,204.62,
2018-08-08,,13.33,118.54,,204.59,
2018-08-07,,13.33,118.54,,204.59,
2018-08-06,,13.33,118.54,,204.45,
2018-08-03,,13.33,118.54,,204.36,
2018-08-02,,13.33,118.54,,204.37,
2018-08-01,,13.33,118.54,,204.55,
2018-07-31,,13.33,118.54,,204.39,
2018-07-30,,13.33,118.54,,204.29,
2018-07-27,,13.33,118.54,,204.31,
2018-07-26,,13.33,118.54,,204.18,
2018-07-25,,13.33,118.54,,204.03,
2018-07-24,,13.33,118.54,,204.02,
2018-07-23,,13.33,118.54,,203.83,
2018-07-20,,13.33,118.54,,203.85,
2018-07-19,,13.33,118.54,,204.05,
2018-07-18,,13.33,118.54,,204.1,
2018-07-17,,13.33,118.54,,204.07,
2018-07-16,,13.33,118.54,,204.03,
2018-07-13,,13.33,118.54,,203.9,
2018-07-12,,13.33,118.54,,203.68,
2018-07-11,,13.33,118.54,,203.5,
2018-07-10,,13.33,118.54,,203.63,
2018-07-09,,13.33,118.54,,203.32,
2018-07-06,,13.33,118.54,,203.02,
2018-07-05,,13.33,118.54,,202.77,
2018-07-04,,13.33,118.54,,202.35,
2018-07-03,,13.33,118.54,,202.23,
2018-07-02,,13.33,118.54,,202.17,
2018-06-29,,13.33,118.54,,202.34,
2018-06-28,,13.33,118.54,,202.28,
2018-06-27,,13.33,118.54,,202.83,
2018-06-26,,13.33,118.54,,203.2,
2018-06-25,,13.33,118.54,,203.71,
2018-06-22,,13.33,118.54,,204.03,
2018-06-21,,13.33,118.54,,204.17,
2018-06-20,,13.33,118.54,,204.44,
2018-06-19,,13.33,118.54,,204.35,
2018-06-18,,13.33,118.54,,204.6,
2018-06-15,,13.33,118.54,,204.71,
2018-06-14,,13.33,118.54,,204.47,
2018-06-13,,13.33,118.54,,204.12,
2018-06-12,,13.33,118.54,,203.95,
2018-06-11,,13.33,118.54,,203.68,
2018-06-08,,13.33,118.54,,203.54,
2018-06-07,,13.33,118.54,,204.03,
2018-06-06,,13.33,118.54,,204.11,
2018-06-05,,13.33,118.54,,204.5,
2018-06-04,,13.33,118.54,,204.46,
2018-06-01,,13.33,118.54,,203.97,
2018-05-31,,13.33,118.54,,203.53,
2018-05-30,,13.33,118.54,,203.14,
2018-05-29,,13.33,118.54,,203.18,
2018-05-28,,13.33,118.54,,204.43,
2018-05-25,,13.33,118.54,,204.5,
2018-05-24,,13.33,118.54,,205.0,
2018-05-23,,13.33,118.54,,205.08,
2018-05-22,,13.33,118.54,,205.56,
2018-05-18,,13.33,118.54,,205.93,
2018-05-17,,13.33,118.54,,206.13,
2018-05-16,,13.33,118.54,,206.11,
2018-05-15,,13.33,118.54,,206.26,
2018-05-14,,13.33,118.54,,206.33,
2018-05-11,,13.33,118.54,,206.3,
2018-05-09,,13.33,118.54,,206.12,
2018-05-08,,13.33,118.54,,206.25,
2018-05-07,,13.33,118.54,,206.33,
2018-05-04,,13.33,118.54,,206.28,
2018-05-03,,13.33,118.54,,206.69,
2018-05-02,,13.33,118.54,,206.8,
2018-04-30,,13.33,118.54,,206.79,
2018-04-27,,13.33,118.54,,206.74,
2018-04-26,,13.33,118.54,,206.67,
2018-04-25,,13.33,118.54,,206.65,
2018-04-24,,13.33,118.54,,206.88,
2018-04-23,,13.33,118.54,,206.89,
2018-04-20,,13.33,118.54,,206.98,
2018-04-19,,13.33,118.54,,207.04,
2018-04-18,,13.33,118.54,,207.3,
2018-04-17,,13.33,118.54,,207.37,
2018-04-16,,13.33,118.54,,207.21,
2018-04-13,,13.33,118.54,,207.04,
2018-04-12,,13.33,118.54,,206.71,
2018-04-11,,13.33,118.54,,206.41,
2018-04-10,,13.33,118.54,,206.25,
2018-04-09,,13.33,118.54,,206.09,
2018-04-06,,13.33,118.54,,205.96,
2018-04-05,,13.33,118.54,,205.83,
2018-04-04,,13.33,118.54,,205.65,
2018-04-03,,13.33,118.54,,205.63,
2018-03-29,,13.33,118.54,,205.63,
2018-03-28,,13.33,118.54,,205.58,
2018-03-27,,13.33,118.54,,205.68,
2018-03-26,,13.33,118.54,,205.51,
2018-03-23,,13.33,118.54,,205.43,
2018-03-22,,13.33,118.54,,205.75,
2018-03-21,,13.33,118.54,,205.99,
2018-03-20,,13.33,118.54,,205.99,
2018-03-19,,13.33,118.54,,206.21,
2018-03-16,,13.33,118.54,,206.36,
2018-03-15,,13.33,118.54,,206.18,
2018-03-14,,13.33,118.54,,206.36,
2018-03-13,,13.33,118.54,,206.6,
2018-03-12,,13.33,118.54,,206.67,
2018-03-09,,13.33,118.54,,206.44,
2018-03-08,,13.33,118.54,,206.36,
2018-03-07,,13.33,118.54,,206.24,
2018-03-06,,13.33,118.54,,206.17,
2018-03-05,,13.33,118.54,,205.94,
2018-03-02,,13.33,118.54,,206.07,
2018-03-01,,13.33,118.54,,206.26,
2018-02-28,,13.33,118.54,,206.29,
2018-02-27,,13.33,118.54,,206.23,
2018-02-26,,13.33,118.54,,206.08,
2018-02-23,,13.33,118.54,,205.85,
2018-02-22,,13.33,118.54,,206.0,
2018-02-21,,13.33,118.54,,206.2,
2018-02-20,,13.33,118.54,,206.26,
2018-02-19,,13.33,118.54,,206.42,
2018-02-16,,13.33,118.54,,206.13,
2018-02-15,,13.33,118.54,,205.74,
2018-02-14,,13.33,118.54,,205.31,
2018-02-13,,13.33,118.54,,205.52,
2018-02-12,,13.33,118.54,,206.09,
2018-02-09,,13.33,118.54,,205.85,
2018-02-08,,13.33,118.54,,206.67,
2018-02-07,,13.33,118.54,,206.87,
2018-02-06,,13.33,118.54,,206.41,
2018-02-05,,13.33,118.54,,206.92,
2018-02-02,,13.33,118.54,,207.18,
2018-02-01,,13.33,118.54,,207.52,
2018-01-31,,13.33,118.54,,207.48,
2018-01-30,,13.33,118.54,,207.45,
2018-01-29,,13.33,118.54,,207.84,
2018-01-26,,13.33,118.54,,207.98,
2018-01-25,,13.33,118.54,,207.93,
2018-01-24,,13.33,118.54,,208.13,
2018-01-23,,13.33,118.54,,208.09,
2018-01-22,,13.33,118.54,,207.92,
2018-01-19,,13.33,118.54,,179.73,
2017-01-20,,11.73,118.54,,179.73,
2017-01-19,,9.92,118.89,,179.73,
2017-01-18,,9.92,118.79,,179.73,
2017-01-17,,9.92,118.47,,179.73,
2017-01-16,,9.92,119.07,,179.73,
2017-01-13,,9.92,120.04,,179.73,
2017-01-12,,9.92,119.49,,179.73,
2017-01-11,,9.92,120.35,,179.73,
2017-01-10,,9.92,118.75,,179.73,
2017-01-09,,9.92,118.49,,179.73,
2017-01-06,,9.92,119.34,,179.73,
2017-01-05,,9.92,119.75,,179.73,
2017-01-04,,9.92,118.94,,179.73,
2017-01-03,,9.92,119.46,,179.73,
2017-01-02,,9.92,116.23,,179.73,
2016-12-30,,9.92,116.44,,179.73,
2016-12-29,,9.92,116.98,,179.73,
2016-12-28,,9.92,116.33,,179.73,
2016-12-27,,9.92,115.56,,179.73,
2016-12-23,,9.92,114.91,,179.73,
2016-12-22,,9.92,114.31,,179.73,
2016-12-21,,9.92,115.62,,179.73,
2016-12-20,,9.92,115.86,,179.73,
2016-12-19,,9.92,115.05,,179.73,
2016-12-16,,9.92,115.38,,179.73,
2016-12-15,,9.92,114.85,,179.73,
2016-12-14,,9.92,115.38,,179.73,
2016-12-13,,9.92,115.43,,179.73,
2016-12-12,,9.92,115.06,,179.73,
2016-12-09,,9.92,116.59,,179.73,
2016-12-08,,9.92,115.84,,179.73,
2016-12-07,,9.92,113.4,,179.73,
2016-12-06,,9.92,112.45,,179.73,
2016-12-05,,9.92,111.79,,179.73,
2016-12-02,,9.92,112.15,,179.73,
2016-12-01,,9.92,113.23,,179.73,
2016-11-30,,9.92,114.23,,179.73,
2016-11-29,,9.92,114.01,,179.73,
2016-11-28,,9.92,113.98,,179.73,
2016-11-25,,9.92,113.73,,179.73,
2016-11-24,,9.92,113.41,,179.73,
2016-11-23,,9.92,113.92,,179.73,
2016-11-22,,9.92,114.58,,179.73,
2016-11-21,,9.92,113.55,,179.73,
2016-11-18,,9.92,112.89,,179.73,
2016-11-17,,9.92,112.39,,179.73,
2016-11-16,,9.92,111.6,,179.73,
2016-11-15,,9.92,111.19,,179.73,
2016-11-14,,9.92,111.04,,179.73,
2016-11-11,,9.92,110.16,,179.73,
2016-11-10,,9.92,114.28,,179.73,
2016-11-09,,9.92,112.87,,179.73,
2016-11-08,,9.92,112.84,,179.73,
2016-11-07,,9.92,112.54,,179.73,
2016-11-04,,9.92,110.45,,179.73,
2016-11-03,,9.92,111.49,,179.73,
2016-11-02,,9.92,110.74,,179.73,
2016-10-31,,9.92,113.79,,179.73,
2016-10-28,,9.92,114.06,,179.73,
2016-10-27,,9.92,114.79,,179.73,
2016-10-26,,9.92,114.61,,179.73,
2016-10-25,,9.92,116.16,,179.73,
2016-10-24,,9.92,116.19,,179.73,
2016-10-21,,9.92,115.19,,179.73,
2016-10-20,,9.92,115.16,,179.73,
2016-10-19,,9.92,114.78,,179.73,
2016-10-18,,9.92,114.19,,179.73,
2016-10-17,,9.92,112.14,,179.73,
2016-10-14,,9.92,113.06,,179.73,
2016-10-13,,9.92,111.03,,179.73,
2016-10-12,,9.92,113.05,,179.73,
2016-10-11,,9.92,113.6,,179.73,
2016-10-10,,9.92,113.81,,179.73,
2016-10-07,,9.92,113.59,,179.73,
2016-10-06,,9.92,113.78,,179.73,
2016-10-05,,9.92,114.27,,179.73,
2016-10-04,,9.92,114.8,,179.73,
2016-10-03,,9.92,112.68,,179.73,
2016-09-30,,9.92,112.34,,179.73,
2016-09-29,,9.92,113.52,,179.73,
2016-09-28,,9.92,113.59,,179.73,
2016-09-27,,9.92,112.8,,179.73,
2016-09-26,,9.92,111.48,,179.73,
2016-09-23,,9.92,113.72,,179.73,
2016-09-22,,9.92,114.21,,179.73,
2016-09-21,,9.92,112.94,,179.73,
2016-09-20,,9.92,112.25,,179.73,
2016-09-19,,9.92,112.46,,179.73,
2016-09-16,,9.92,111.15,,179.73,
2016-09-15,,9.92,110.54,,179.73,
2016-09-14,,9.92,110.35,,179.73,
2016-09-13,,9.92,110.64,,179.73,
2016-09-12,,9.92,111.45,,179.73,
2016-09-09,,9.92,114.18,,179.73,
2016-09-08,,9.92,114.8,,179.73,
2016-09-07,,9.92,114.99,,179.73,
2016-09-06,,9.92,114.75,,179.73,
2016-09-05,,9.92,114.01,,179.73,
2016-09-02,,9.92,112.2,,179.73,
2016-09-01,,9.92,111.03,,179.73,
2016-08-31,,9.92,110.65,,179.73,
2016-08-30,,9.92,110.92,,179.73,
2016-08-29,,9.92,110.0,,179.73,
2016-08-26,,9.92,109.62,,179.73,
2016-08-25,,9.92,108.7,,179.73,
2016-08-24,,9.92,108.97,,179.73,
2016-08-23,,9.92,109.26,,179.73,
2016-08-22,,9.92,108.93,,179.73,
2016-08-19,,9.92,109.45,,179.73,
2016-08-18,,9.92,110.46,,179.73,
2016-08-17,,9.92,110.25,,179.73,
2016-08-16,,9.92,110.88,,179.73,
2016-08-12,,9.92,110.78,,179.73,
2016-08-11,,9.92,110.74,,179.73,
2016-08-10,,9.92,110.34,,179.73,
2016-08-09,,9.92,110.85,,179.73,
2016-08-08,,9.92,110.87,,179.73,
2016-08-05,,9.92,109.49,,179.73,
2016-08-04,,9.92,107.47,,179.73,
2016-08-03,,9.92,106.42,,179.73,
2016-08-02,,9.92,107.52,,179.73,
2016-08-01,,9.92,108.3,,179.73,
2016-07-29,,9.92,107.42,,179.73,
2016-07-28,,9.92,108.48,,179.73,
2016-07-27,,9.92,109.41,,179.73,
2016-07-26,,9.92,109.11,,179.73,
2016-07-25,,9.92,108.73,,179.73,
2016-07-22,,9.92,107.8,,179.73,
2016-07-21,,9.92,107.77,,179.73,
2016-07-20,,9.92,107.94,,179.73,
2016-07-19,,9.92,108.09,,179.73,
2016-07-18,,9.92,107.77,,179.73,
2016-07-15,,9.92,107.73,,179.73,
2016-07-14,,9.92,107.11,,179.73,
2016-07-13,,9.92,106.13,,179.73,
2016-07-12,,9.92,105.78,,179.73,
2016-07-11,,9.92,104.54,,179.73,
2016-07-08,,9.92,103.17,,179.73,
2016-07-07,,9.92,102.83,,179.73,
2016-07-06,,9.92,101.24,,179.73,
2016-07-05,,9.92,102.1,,179.73,
2016-07-04,,9.92,103.66,,179.73,
2016-07-01,,9.92,103.06,,179.73,
2016-06-30,,9.92,102.4,,179.73,
2016-06-29,,9.92,101.62,,179.73,
2016-06-28,,9.92,100.72,,179.73,
2016-06-27,,9.92,98.77,,179.73,
2016-06-24,,9.92,99.75,,179.73,
2016-06-22,,9.92,101.4,,179.73,
2016-06-21,,9.92,100.72,,179.73,
2016-06-20,,9.92,99.32,,179.73,
2016-06-17,,9.92,98.21,,179.73,
2016-06-16,,9.92,97.78,,179.73,
2016-06-15,,9.92,99.07,,179.73,
2016-06-14,,9.92,99.33,,179.73,
2016-06-13,,9.92,99.13,,179.73,
2016-06-10,,9.92,101.15,,179.73,
2016-06-09,,9.92,102.91,,179.73,
2016-06-08,,9.92,102.91,,179.73,
2016-06-07,,9.92,101.89,,179.73,
2016-06-06,,9.92,100.43,,179.73,
2016-06-03,,9.92,99.98,,179.73,
2016-06-02,,9.92,100.26,,179.73,
2016-06-01,,9.92,99.75,,179.73,
2016-05-31,,9.92,100.77,,179.73,
2016-05-30,,9.92,100.56,,179.73,
2016-05-27,,9.92,100.49,,179.73,
2016-05-26,,9.92,99.57,,179.73,
2016-05-25,,9.92,99.89,,179.73,
2016-05-24,,9.92,98.08,,179.73,
2016-05-23,,9.92,97.81,,179.73,
2016-05-20,,9.92,97.88,,179.73,
2016-05-19,,9.92,97.09,,179.73,
2016-05-18,,9.92,98.0,,179.73,
2016-05-17,,9.92,98.12,,179.73,
2016-05-13,,9.92,97.98,,179.73,
2016-05-12,,9.92,97.65,,179.73,
2016-05-11,,9.92,97.72,,179.73,
2016-05-10,,9.92,97.92,,179.73,
2016-05-09,,9.92,97.35,,179.73,
2016-05-06,,9.92,97.35,,179.73,
2016-05-04,,9.92,97.83,,179.73,
2016-05-03,,9.92,98.67,,179.73,
2016-05-02,,9.92,100.66,,179.73,
2016-04-29,,9.92,101.95,,179.73,
2016-04-28,,9.92,103.98,,179.73,
2016-04-27,,9.92,103.72,,179.73,
2016-04-26,,9.92,104.04,,179.73,
2016-04-25,,9.92,104.24,,179.73,
2016-04-22,,9.92,105.64,,179.73,
2016-04-21,,9.92,105.64,,179.73,
2016-04-20,,9.92,104.36,,179.73,
2016-04-19,,9.92,104.36,,179.73,
2016-04-18,,9.92,103.3,,179.73,
2016-04-15,,9.92,104.42,,179.73,
2016-04-14,,9.92,103.87,,179.73,
2016-04-13,,9.92,103.78,,179.73,
2016-04-12,,9.92,100.22,,179.73,
2016-04-11,,9.92,99.41,,179.73,
2016-04-08,,9.92,97.68,,179.73,
2016-04-07,,9.92,96.9,,179.73,
2016-04-06,,9.92,96.86,,179.73,
2016-04-05,,9.92,97.31,,179.73,
2016-04-04,,9.92,99.24,,179.73,
2016-04-01,,9.92,98.47,,179.73,
2016-03-31,,9.92,99.75,,179.73,
2016-03-30,,9.92,100.43,,179.73,
2016-03-29,,9.92,98.4,,179.73,
2016-03-24,,9.92,98.61,,179.73,
2016-03-23,,9.92,99.77,,179.73,
2016-03-22,,9.92,100.42,,179.73,
2016-03-21,,9.92,100.35,,179.73,
2016-03-18,,9.92,100.06,,179.73,
2016-03-17,,9.92,98.81,,179.73,
2016-03-16,,9.92,97.86,,179.73,
2016-03-15,,9.92,97.71,,179.73,
2016-03-14,,9.92,99.46,,179.73,
2016-03-11,,9.92,99.12,,179.73,
2016-03-10,,9.92,98.39,,179.73,
2016-03-09,,9.92,97.86,,179.73,
2016-03-08,,9.92,97.4,,179.73,
2016-03-07,,9.92,98.46,,179.73,
2016-03-04,,9.92,96.94,,179.73,
2016-03-03,,9.92,96.06,,179.73,
2016-03-02,,9.92,95.8,,179.73,
2016-03-01,,9.92,94.27,,179.73,
2016-02-29,,9.92,92.34,,179.73,
2016-02-26,,9.92,92.09,,179.73,
2016-02-25,,9.92,90.24,,179.73,
2016-02-24,,9.92,89.73,,179.73,
2016-02-23,,9.92,91.62,,179.73,
2016-02-22,,9.92,91.49,,179.73,
2016-02-19,,9.92,88.98,,179.73,
2016-02-18,,9.92,90.07,,179.73,
2016-02-17,,9.92,88.09,,179.73,
2016-02-16,,9.92,86.99,,179.73,
2016-02-15,,9.92,86.59,,179.73,
2016-02-12,,9.92,83.4,,179.73,
2016-02-11,,9.92,83.15,,179.73,
2016-02-10,,9.92,85.53,,179.73,
2016-02-09,,9.92,84.94,,179.73,
2016-02-08,,9.92,86.69,,179.73,
2016-02-05,,9.92,88.41,,179.73,
2016-02-04,,9.92,87.8,,179.73,
2016-02-03,,9.92,86.61,,179.73,
2016-02-02,,9.92,87.93,,179.73,
2016-02-01,,9.92,89.67,,179.73,
2016-01-29,,9.92,90.0,,179.73,
2016-01-28,,9.92,87.75,,179.73,
2016-01-27,,9.92,87.47,,179.73,
2016-01-26,,9.92,86.54,,179.73,
2016-01-25,,9.92,87.05,,179.73,
2016-01-22,,9.92,87.07,,179.73,
2016-01-21,,9.92,83.59,,179.73,
2016-01-20,,9.92,83.05,,179.73,
2016-01-19,,10.26,85.89,,179.73,
2016-01-18,,10.1,84.79,,179.73,
2016-01-15,,10.16,85.32,,179.73,
2016-01-14,,10.41,87.36,,179.73,
2016-01-13,,10.58,89.62,,179.73,
2016-01-12,,10.55,88.37,,179.73,
2016-01-11,,10.41,88.08,,179.73,
2016-01-08,,10.43,89.45,,179.73,
2016-01-07,,10.61,89.82,,179.73,
2016-01-06,,10.8,93.12,,179.73,
2016-01-05,,10.93,94.36,,179.73,
2016-01-04,,10.88,93.35,,179.73,
2015-12-31,,11.21,95.82,,179.73,
2015-12-30,,11.31,95.42,,179.73,
2015-12-29,,11.4,96.13,,179.73,
2015-12-28,,11.2,95.54,,179.73,
2015-12-24,,11.3,96.23,,179.73,
2015-12-23,,11.31,96.23,,179.73,
2015-12-22,,11.06,94.61,,179.73,
2015-12-21,,11.06,94.85,,179.73,
2015-12-18,,11.21,95.26,,179.73,
2015-12-17,,11.37,96.31,,179.73,
2015-12-16,,11.16,94.6,,179.73,
2015-12-15,,11.14,93.29,,179.73,
2015-12-14,,10.79,91.2,,179.73,
2015-12-11,,11.01,91.4,,179.73,
2015-12-10,,11.24,93.65,,179.73,
2015-12-09,,11.26,93.61,,179.73,
2015-12-08,,11.33,93.22,,179.73,
2015-12-07,,11.55,96.22,,179.73,
2015-12-04,,11.45,95.68,,179.73,
2015-12-03,,11.49,97.5,,179.73,
2015-12-02,,11.92,99.55,,179.73,
2015-12-01,,11.96,99.45,,179.73,
2015-11-30,,12.05,98.85,,179.73,
2015-11-27,,11.99,99.61,,179.73,
2015-11-26,,12.02,100.31,,179.73,
2015-11-25,,11.9,100.83,,179.73,
2015-11-24,,11.72,100.3,,179.73,
2015-11-23,,11.84,100.9,,179.73,
2015-11-20,,11.87,101.31,,179.73,
2015-11-19,,11.86,100.52,,179.73,
2015-11-18,,11.8,,,179.73,
2015-11-17,,11.86,,,179.73,
2015-11-16,,11.55,,,179.73,
2015-11-13,,11.55,,,179.73,
2015-11-12,,11.64,,,179.73,
2015-11-11,,11.84,,,179.73,
2015-11-10,,11.76,,,179.73,
2015-11-09,,11.74,,,179.73,
2015-11-06,,11.91,,,179.73,
2015-11-05,,11.84,,,179.73,
2015-11-04,,11.81,,,179.73,
2015-11-03,,11.82,,,179.73,
2015-11-02,,11.8,,,179.73,
2015-10-30,,11.74,,,179.73,
2015-10-29,,11.72,,,179.73,
2015-10-28,,11.75,,,179.73,
2015-10-27,,11.61,,,179.73,
2015-10-26,,11.73,,,179.73,
2015-10-23,,11.77,,,179.73,
2015-10-22,,11.52,,,179.73,
2015-10-21,,11.24,,,179.73,
2015-10-20,,11.18,,,179.73,
2015-10-19,,11.24,,,179.73,
2015-10-16,,11.21,,,179.73,
2015-10-15,,11.12,,,179.73,
2015-10-14,,10.96,,,179.73,
2015-10-13,,11.06,,,179.73,
2015-10-12,,11.15,,,179.73,
2015-10-09,,11.16,,,179.73,
2015-10-08,,11.07,,,179.73,
2015-10-07,,11.08,,,179.73,
2015-10-06,,11.06,,,179.73,
2015-10-05,,10.95,,,179.73,
2015-10-02,,10.6,,,179.73,
2015-10-01,,10.54,,,179.73,
2015-09-30,,10.65,,,179.73,
2015-09-29,,10.4,,,179.73,
2015-09-28,,10.44,,,179.73,
2015-09-25,,10.68,,,179.73,
2015-09-24,,10.36,,,179.73,
2015-09-23,,10.57,,,179.73,
2015-09-22,,10.56,,,179.73,
2015-09-21,,10.93,,,179.73,
2015-09-18,,10.83,,,179.73,
2015-09-17,,11.17,,,179.73,
2015-09-16,,11.16,,,179.73,
2015-09-15,,11.01,,,179.73,
2015-09-14,,10.9,,,179.73,
2015-09-11,,10.94,,,179.73,
2015-09-10,,11.05,,,179.73,
2015-09-09,,11.22,,,179.73,
2015-09-08,,11.1,,,179.73,
2015-09-07,,10.98,,,179.73,
2015-09-04,,10.92,,,179.73,
2015-09-03,,11.22,,,179.73,
2015-09-02,,10.98,,,179.73,
2015-09-01,,10.94,,,179.73,
2015-08-31,,11.22,,,179.73,
2015-08-28,,11.28,,,179.73,
2015-08-27,,11.26,,,179.73,
2015-08-26,,10.88,,,179.73,
2015-08-25,,11.05,,,179.73,
2015-08-24,,10.55,,,179.73,
2015-08-21,,11.15,,,179.73,
2015-08-20,,11.52,,,179.73,
2015-08-19,,11.78,,,179.73,
2015-08-18,,12.0,,,179.73,
2015-08-17,,12.01,,,179.73,
2015-08-14,,11.99,,,179.73,
2015-08-13,,12.08,,,179.73,
2015-08-12,,11.97,,,179.73,
2015-08-11,,12.38,,,179.73,
2015-08-10,,12.62,,,179.73,
2015-08-07,,12.5,,,179.73,
2015-08-06,,12.6,,,179.73,
2015-08-05,,12.62,,,179.73,
2015-08-04,,12.42,,,179.73,
2015-08-03,,12.48,,,179.73,
2015-07-31,,12.35,,,179.73,
2015-07-30,,12.3,,,179.73,
2015-07-29,,12.27,,,179.73,
2015-07-28,,12.2,,,179.73,
2015-07-27,,12.06,,,179.73,
2015-07-24,,12.36,,,179.73,
2015-07-23,,12.47,,,179.73,
2015-07-22,,12.48,,,179.73,
2015-07-21,,12.52,,,179.73,
2015-07-20,,12.65,,,179.73,
2015-07-17,,12.6,,,179.73,
2015-07-16,,12.62,,,179.73,
2015-07-15,,12.44,,,179.73,
2015-07-14,,12.38,,,179.73,
2015-07-13,,12.32,,,179.73,
2015-07-10,,12.11,,,179.73,
2015-07-09,,11.74,,,179.73,
2015-07-08,,11.42,,,179.73,
2015-07-07,,11.31,,,179.73,
2015-07-06,,11.55,,,179.73,
2015-07-03,,11.82,,,179.73,
2015-07-02,,11.89,,,179.73,
2015-07-01,,12.0,,,179.73,
2015-06-30,,11.75,,,179.73,
2015-06-29,,11.9,,,179.73,
2015-06-26,,12.43,,,179.73,
2015-06-25,,12.39,,,179.73,
2015-06-24,,12.39,,,179.73,
2015-06-23,,12.44,,,179.73,
2015-06-22,,12.34,,,179.73,
2015-06-19,,11.86,,,179.73,
2015-06-18,,11.84,,,179.73,
2015-06-17,,11.76,,,179.73,
2015-06-16,,11.85,,,179.73,
2015-06-15,,11.79,,,179.73,
2015-06-12,,12.02,,,179.73,
2015-06-11,,12.19,,,179.73,
2015-06-10,,12.1,,,179.73,
2015-06-09,,11.86,,,179.73,
2015-06-08,,11.9,,,179.73,
2015-06-05,,12.03,,,179.73,
2015-06-04,,12.19,,,179.73,
2015-06-03,,12.28,,,179.73,
2015-06-02,,12.21,,,179.73,
2015-06-01,,12.25,,,179.73,
2015-05-29,,12.24,,,179.73,
2015-05-28,,12.51,,,179.73,
2015-05-27,,12.61,,,179.73,
2015-05-26,,12.39,,,179.73,
2015-05-25,,12.49,,,179.73,
2015-05-22,,12.59,,,179.73,
2015-05-21,,12.61,,,179.73,
2015-05-20,,12.59,,,179.73,
2015-05-19,,12.54,,,179.73,
2015-05-18,,12.26,,,179.73,
2015-05-15,,12.18,,,179.73,
2015-05-14,,12.28,,,179.73,
2015-05-13,,12.11,,,179.73,
2015-05-12,,12.17,,,179.73,
2015-05-11,,12.34,,,179.73,
2015-05-08,,12.39,,,179.73,
2015-05-07,,12.07,,,179.73,
2015-05-06,,12.06,,,179.73,
2015-05-05,,12.02,,,179.73,
2015-05-04,,12.31,,,179.73,
2015-05-01,,12.23,,,179.73,
2015-04-30,,12.23,,,179.73,
2015-04-29,,12.22,,,179.73,
2015-04-28,,12.56,,,179.73,
2015-04-27,,12.75,,,179.73,
2015-04-24,,12.55,,,179.73,
2015-04-23,,12.49,,,179.73,
2015-04-22,,12.58,,,179.73,
2015-04-21,,12.56,,,179.73,
2015-04-20,,12.54,,,179.73,
2015-04-17,,12.39,,,179.73,
2015-04-16,,12.66,,,179.73,
2015-04-15,,12.83,,,179.73,
2015-04-14,,12.77,,,179.73,
2015-04-13,,12.91,,,179.73,
2015-04-10,,12.87,,,179.73,
2015-04-09,,12.75,,,179.73,
2015-04-08,,12.62,,,179.73,
2015-04-07,,12.71,,,179.73,
2015-04-06,,12.61,,,179.73,
2015-04-03,,12.53,,,179.73,
2015-04-02,,12.53,,,179.73,
2015-04-01,,12.52,,,179.73,
2015-03-31,,12.46,,,179.73,
2015-03-30,,12.56,,,179.73,
2015-03-27,,12.39,,,179.73,
2015-03-26,,12.36,,,179.73,
2015-03-25,,12.41,,,179.73,
2015-03-24,,12.57,,,179.73,
2015-03-23,,12.46,,,179.73,
2015-03-20,,12.54,,,179.73,
2015-03-19,,12.36,,,179.73,
2015-03-18,,12.35,,,179.73,
2015-03-17,,12.36,,,179.73,
2015-03-16,,12.48,,,179.73,
2015-03-13,,12.31,,,179.73,
2015-03-12,,12.26,,,179.73,
2015-03-11,,12.29,,,179.73,
2015-03-10,,12.01,,,179.73,
2015-03-09,,12.16,,,179.73,
2015-03-06,,12.18,,,179.73,
2015-03-05,,12.19,,,179.73,
2015-03-04,,12.07,,,179.73,
2015-03-03,,11.95,,,179.73,
2015-03-02,,12.1,,,179.73,
2015-02-27,,12.12,,,179.73,
2015-02-26,,12.04,,,179.73,
2015-02-25,,11.93,,,179.73,
2015-02-24,,11.95,,,179.73,
2015-02-23,,11.86,,,179.73,
2015-02-20,,11.76,,,179.73,
2015-02-19,,11.75,,,179.73,
2015-02-18,,11.67,,,179.73,
2015-02-17,,11.58,,,179.73,
2015-02-16,,11.57,,,179.73,
2015-02-13,,11.62,,,179.73,
2015-02-12,,11.51,,,179.73,
2015-02-11,,11.37,,,179.73,
2015-02-10,,11.4,,,179.73,
2015-02-09,,11.28,,,179.73,
2015-02-06,,11.45,,,179.73,
2015-02-05,,11.49,,,179.73,
2015-02-04,,11.51,,,179.73,
2015-02-03,,11.5,,,179.73,
2015-02-02,,11.35,,,179.73,
2015-01-30,,11.29,,,179.73,
2015-01-29,,11.36,,,179.73,
2015-01-28,,11.32,,,179.73,
2015-01-27,,11.35,,,179.73,
2015-01-26,,11.49,,,179.73,
2015-01-23,,11.39,,,179.73,
2015-01-22,,11.19,,,179.73,
2015-01-21,,11.01,,,179.73,
2015-01-20,,10.93,,,179.73,
2015-01-19,,8.65,,,179.73,
2015-01-16,,8.65,,,179.57,
2015-01-15,,8.65,,,179.63,
2015-01-14,,8.65,,,179.52,
2015-01-13,,8.65,,,179.47,
2015-01-12,,8.65,,,179.36,
2015-01-09,,8.65,,,179.25,
2015-01-08,,8.65,,,179.11,
2015-01-07,,8.65,,,178.9,
2015-01-06,,8.65,,,178.95,
2015-01-05,,8.65,,,179.13,
2015-01-02,,8.65,,,179.11,
2014-12-31,,8.65,,,178.95,
2014-12-30,,8.65,,,178.96,
2014-12-29,,8.65,,,178.89,
2014-12-24,,8.65,,,178.74,
2014-12-23,,8.65,,,178.73,
2014-12-22,,8.65,,,178.67,
2014-12-19,,8.65,,,178.61,
2014-12-18,,8.65,,,178.46,
2014-12-17,,8.65,,,177.94,
2014-12-16,,8.65,,,177.92,
2014-12-15,,8.65,,,178.47,
2014-12-12,,8.65,,,178.69,
2014-12-11,,8.65,,,179.01,
2014-12-10,,8.65,,,179.28,
2014-12-09,,8.65,,,179.57,
2014-12-08,,8.65,,,179.92,
2014-12-05,,8.65,,,179.79,
2014-12-04,,8.65,,,179.61,
2014-12-03,,8.65,,,179.46,
2014-12-02,,8.65,,,179.3,
2014-12-01,,8.65,,,179.23,
2014-11-28,,8.65,,,179.29,
2014-11-27,,8.65,,,179.22,
2014-11-26,,8.65,,,179.12,
2014-11-25,,8.65,,,178.97,
2014-11-24,,8.65,,,178.82,
2014-11-21,,8.65,,,178.62,
2014-11-20,,8.65,,,178.33,
2014-11-19,,8.65,,,178.55,
2014-11-18,,8.65,,,178.72,
2014-11-17,,8.65,,,178.76,
2014-11-14,,8.65,,,178.63,
2014-11-13,,8.65,,,179.12,
2014-11-12,,8.65,,,179.15,
2014-11-11,,8.65,,,179.13,
2014-11-10,,8.65,,,178.85,
2014-11-07,,8.65,,,178.66,
2014-11-06,,8.65,,,178.51,
2014-11-05,,8.65,,,178.28,
2014-11-04,,8.65,,,178.15,
2014-11-03,,8.65,,,178.07,
2014-10-31,,8.65,,,177.94,
2014-10-30,,8.65,,,177.71,
2014-10-29,,8.65,,,177.92,
2014-10-28,,8.65,,,177.87,
2014-10-27,,8.65,,,177.89,
2014-10-24,,8.65,,,177.64,
2014-10-23,,8.65,,,177.57,
2014-10-22,,8.65,,,177.3,
2014-10-21,,8.65,,,176.74,
2014-10-20,,8.65,,,176.28,
2014-10-17,,8.65,,,176.18,
2014-10-16,,8.65,,,175.39,
2014-10-15,,8.65,,,176.41,
2014-10-14,,8.65,,,177.0,
2014-10-13,,8.65,,,177.19,
2014-10-10,,8.65,,,177.61,
2014-10-09,,8.65,,,178.11,
2014-10-08,,8.65,,,178.21,
2014-10-07,,8.65,,,178.48,
2014-10-06,,8.65,,,178.74,
2014-10-03,,8.65,,,178.53,
2014-10-02,,8.65,,,178.3,
2014-10-01,,8.65,,,178.52,
2014-09-30,,8.65,,,178.29,
2014-09-29,,8.65,,,178.14,
2014-09-26,,8.65,,,178.88,
2014-09-25,,8.65,,,179.31,
2014-09-24,,8.65,,,179.56,
2014-09-23,,8.65,,,179.76,
2014-09-22,,8.65,,,179.95,
2014-09-19,,8.65,,,180.26,
2014-09-18,,8.65,,,179.98,
2014-09-17,,8.65,,,179.87,
2014-09-16,,8.65,,,179.73,
2014-09-15,,8.65,,,179.92,
2014-09-12,,8.65,,,180.03,
2014-09-11,,8.65,,,180.03,
2014-09-10,,8.65,,,179.88,
2014-09-09,,8.65,,,179.97,
2014-09-08,,8.65,,,180.25,
2014-09-05,,8.65,,,180.33,
2014-09-04,,8.65,,,180.31,
2014-09-03,,8.65,,,180.38,
2014-09-02,,8.65,,,180.48,
2014-09-01,,8.65,,,180.54,
2014-08-29,,8.65,,,180.5,
2014-08-28,,8.65,,,180.47,
2014-08-27,,8.65,,,180.58,
2014-08-26,,8.65,,,180.44,
2014-08-25,,8.65,,,180.11,
2014-08-22,,8.65,,,179.94,
2014-08-21,,8.65,,,179.85,
2014-08-20,,8.65,,,179.72,
2014-08-19,,8.65,,,179.64,
2014-08-18,,8.65,,,179.27,
2014-08-14,,8.65,,,178.82,
2014-08-13,,8.65,,,178.49,
2014-08-12,,8.65,,,178.13,
2014-08-11,,8.65,,,177.83,
2014-08-08,,8.65,,,177.41,
2014-08-07,,8.65,,,177.93,
2014-08-06,,8.65,,,178.0,
2014-08-05,,8.65,,,178.58,
2014-08-04,,8.65,,,178.64,
2014-08-01,,8.65,,,178.67,
2014-07-31,,8.65,,,179.4,
2014-07-30,,8.65,,,179.88,
2014-07-29,,8.65,,,179.91,
2014-07-28,,8.65,,,179.91,
2014-07-25,,8.65,,,179.88,
2014-07-24,,8.65,,,179.88,
2014-07-23,,8.65,,,179.83,
2014-07-22,,8.65,,,179.65,
2014-07-21,,8.65,,,179.62,
2014-07-18,,8.65,,,179.7,
2014-07-17,,8.65,,,179.84,
2014-07-16,,8.65,,,179.9,
2014-07-15,,8.65,,,179.7,
2014-07-14,,8.65,,,179.85,
2014-07-11,,8.65,,,179.81,
2014-07-10,,8.65,,,179.71,
2014-07-09,,8.65,,,180.2,
2014-07-08,,8.65,,,180.53,
2014-07-07,,8.65,,,180.79,
2014-07-04,,8.65,,,180.79,
2014-07-03,,8.65,,,180.79,
2014-07-02,,8.65,,,180.65,
2014-07-01,,8.65,,,180.54,
2014-06-30,,8.65,,,180.64,
2014-06-27,,8.65,,,180.88,
2014-06-26,,8.65,,,181.17,
2014-06-25,,8.65,,,181.37,
2014-06-24,,8.65,,,181.53,
2014-06-20,,8.65,,,181.63,
2014-06-19,,8.65,,,181.64,
2014-06-18,,8.65,,,181.37,
2014-06-17,,8.65,,,181.28,
2014-06-16,,8.65,,,181.27,
2014-06-13,,8.65,,,181.31,
2014-06-12,,8.65,,,181.35,
2014-06-11,,8.65,,,181.3,
2014-06-10,,8.65,,,181.42,
2014-06-06,,8.65,,,180.84,
2014-06-05,,8.65,,,180.24,
2014-06-04,,8.65,,,179.94,
2014-06-03,,8.65,,,179.84,
2014-06-02,,8.65,,,179.81,
2014-05-30,,8.65,,,179.73,
2014-05-28,,8.65,,,179.58,
2014-05-27,,8.65,,,179.43,
2014-05-26,,8.65,,,179.12,
2014-05-23,,8.65,,,178.99,
2014-05-22,,8.65,,,178.94,
2014-05-21,,8.65,,,178.88,
2014-05-20,,8.65,,,179.05,
2014-05-19,,8.65,,,179.17,
2014-05-16,,8.65,,,179.2,
2014-05-15,,8.65,,,179.31,
2014-05-14,,8.65,,,179.6,
2014-05-13,,8.65,,,179.62,
2014-05-12,,8.65,,,179.44,
2014-05-09,,8.65,,,179.25,
2014-05-08,,8.65,,,179.15,
2014-05-07,,8.65,,,178.91,
2014-05-06,,8.65,,,178.78,
2014-05-05,,8.65,,,178.7,
2014-05-02,,8.65,,,178.62,
2014-04-30,,8.65,,,178.45,
2014-04-29,,8.65,,,178.36,
2014-04-28,,8.65,,,178.23,
2014-04-25,,8.65,,,178.17,
2014-04-24,,8.65,,,178.16,
2014-04-23,,8.65,,,178.06,
2014-04-22,,8.65,,,177.93,
2014-04-17,,8.65,,,177.74,
2014-04-16,,8.65,,,177.73,
2014-04-15,,8.65,,,177.75,
2014-04-14,,8.65,,,177.76,
2014-04-11,,8.65,,,177.78,
2014-04-10,,8.65,,,177.9,
2014-04-09,,8.65,,,177.73,
2014-04-08,,8.65,,,177.59,
2014-04-07,,8.65,,,177.58,
2014-04-04,,8.65,,,177.53,
2014-04-03,,8.65,,,177.34,
2014-04-02,,8.65,,,177.29,
2014-04-01,,8.65,,,177.2,
2014-03-31,,8.65,,,177.03,
2014-03-28,,8.65,,,176.83,
2014-03-27,,8.65,,,176.74,
2014-03-26,,8.65,,,176.73,
2014-03-25,,8.65,,,176.64,
2014-03-24,,8.65,,,176.71,
2014-03-21,,8.65,,,176.64,
2014-03-20,,8.65,,,176.54,
2014-03-19,,8.65,,,176.65,
2014-03-18,,8.65,,,176.54,
2014-03-17,,8.65,,,176.39,
2014-03-14,,8.65,,,176.17,
2014-03-13,,8.65,,,176.47,
2014-03-12,,8.65,,,176.58,
2014-03-11,,8.65,,,176.69,
2014-03-10,,8.65,,,176.69,
2014-03-07,,8.65,,,176.57,
2014-03-06,,8.65,,,176.49,
2014-03-05,,8.65,,,176.44,
2014-03-04,,8.65,,,176.21,
2014-03-03,,8.65,,,175.98,
2014-02-28,,8.65,,,176.01,
2014-02-27,,8.65,,,175.86,
2014-02-26,,8.65,,,175.74,
2014-02-25,,8.65,,,175.59,
2014-02-24,,8.65,,,175.39,
2014-02-21,,8.65,,,175.04,
2014-02-20,,8.65,,,174.86,
2014-02-19,,8.65,,,174.84,
2014-02-18,,8.65,,,174.7,
2014-02-17,,8.65,,,174.56,
2014-02-14,,8.65,,,174.36,
2014-02-13,,8.65,,,174.3,
2014-02-12,,8.65,,,174.29,
2014-02-11,,8.65,,,174.2,
2014-02-10,,8.65,,,173.95,
2014-02-07,,8.65,,,173.66,
2014-02-06,,8.65,,,173.43,
2014-02-05,,8.65,,,173.25,
2014-02-04,,8.65,,,173.1,
2014-02-03,,8.65,,,173.2,
2014-01-31,,8.65,,,173.19,
2014-01-30,,8.65,,,173.2,
2014-01-29,,8.65,,,173.39,
2014-01-28,,8.65,,,173.35,
2014-01-27,,8.65,,,173.17,
2014-01-24,,8.65,,,173.37,
2014-01-23,,8.65,,,173.92,
2014-01-22,,8.65,,,174.02,
2014-01-21,,8.65,,,174.09,
2014-01-20,,8.65,,,173.98,
2013-01-17,,8.65,,,160.16,
2013-01-16,,7.28,,,159.92,
2013-01-15,,7.28,,,160.06,
2013-01-14,,7.28,,,160.46,
2013-01-11,,7.28,,,160.39,
2013-01-10,,7.28,,,160.35,
2013-01-09,,7.28,,,160.15,
2013-01-08,,7.28,,,159.73,
2013-01-07,,7.28,,,159.33,
2013-01-04,,7.28,,,158.55,
2013-01-03,,7.28,,,158.14,
2013-01-02,,7.28,,,157.56,
2012-12-31,,7.28,,,156.73,
2012-12-28,,7.28,,,156.67,
2012-12-27,,7.28,,,156.69,
2012-12-24,,7.28,,,156.59,
2012-12-21,,7.28,,,156.58,
2012-12-20,,7.28,,,156.45,
2012-12-19,,7.28,,,156.31,
2012-12-18,,7.28,,,156.02,
2012-12-17,,7.28,,,155.7,
2012-12-14,,7.28,,,155.48,
2012-12-13,,7.28,,,155.32,
2012-12-12,,7.28,,,154.9,
2012-12-11,,7.28,,,154.58,
2012-12-10,,7.28,,,154.3,
2012-12-07,,7.28,,,154.51,
2012-12-06,,7.28,,,154.5,
2012-12-05,,7.28,,,154.3,
2012-12-04,,7.28,,,153.77,
2012-12-03,,7.28,,,153.42,
2012-11-30,,7.28,,,153.0,
2012-11-29,,7.28,,,152.82,
2012-11-28,,7.28,,,152.49,
2012-11-27,,7.28,,,152.39,
2012-11-26,,7.28,,,152.11,
2012-11-23,,7.28,,,151.9,
2012-11-22,,7.28,,,151.67,
2012-11-21,,7.28,,,151.34,
2012-11-20,,7.28,,,151.09,
2012-11-19,,7.28,,,150.94,
2012-11-16,,7.28,,,150.7,
2012-11-15,,7.28,,,150.92,
2012-11-14,,7.28,,,151.08,
2012-11-13,,7.28,,,150.92,
2012-11-12,,7.28,,,150.94,
2012-11-09,,7.28,,,150.84,
2012-11-08,,7.28,,,151.04,
2012-11-07,,7.28,,,150.97,
2012-11-06,,7.28,,,150.74,
2012-11-05,,7.28,,,150.42,
2012-11-02,,7.28,,,150.24,
2012-10-31,,7.28,,,149.86,
2012-10-30,,7.28,,,149.57,
2012-10-29,,7.28,,,149.42,
2012-10-26,,7.28,,,149.62,
2012-10-25,,7.28,,,150.06,
2012-10-24,,7.28,,,149.98,
2012-10-23,,7.28,,,150.19,
2012-10-22,,7.28,,,150.39,
2012-10-19,,7.28,,,150.32,
2012-10-18,,7.28,,,150.35,
2012-10-17,,7.28,,,150.1,
2012-10-16,,7.28,,,149.22,
2012-10-15,,7.28,,,148.65,
2012-10-12,,7.28,,,148.32,
2012-10-11,,7.28,,,148.02,
2012-10-10,,7.28,,,147.75,
2012-10-09,,7.28,,,147.87,
2012-10-08,,7.28,,,147.87,
2012-10-05,,7.28,,,147.81,
2012-10-04,,7.28,,,147.6,
2012-10-03,,7.28,,,147.18,
2012-10-02,,7.28,,,146.72,
2012-10-01,,7.28,,,146.43,
2012-09-28,,7.28,,,146.2,
2012-09-27,,7.28,,,146.05,
2012-09-26,,7.28,,,146.11,
2012-09-25,,7.28,,,146.92,
2012-09-24,,7.28,,,147.01,
2012-09-21,,7.28,,,147.06,
2012-09-20,,7.28,,,146.93,
2012-09-19,,7.28,,,147.14,
2012-09-18,,7.28,,,146.91,
2012-09-17,,7.28,,,147.07,
2012-09-14,,7.28,,,146.73,
2012-09-13,,7.28,,,145.93,
2012-09-12,,7.28,,,145.83,
2012-09-11,,7.28,,,145.23,
2012-09-10,,7.28,,,145.1,
2012-09-07,,7.28,,,144.66,
2012-09-06,,7.28,,,143.66,
2012-09-05,,7.28,,,143.04,
2012-09-04,,7.28,,,142.85,
2012-09-03,,7.28,,,142.3,
2012-08-31,,7.28,,,142.08,
2012-08-30,,7.28,,,142.16,
2012-08-29,,7.28,,,142.1,
2012-08-28,,7.28,,,142.01,
2012-08-27,,7.28,,,141.87,
2012-08-24,,7.28,,,141.84,
2012-08-23,,7.28,,,142.17,
2012-08-22,,7.28,,,142.3,
2012-08-21,,7.28,,,142.26,
2012-08-20,,7.28,,,142.0,
2012-08-17,,7.28,,,141.76,
2012-08-16,,7.28,,,141.6,
2012-08-14,,7.28,,,141.5,
2012-08-13,,7.28,,,141.46,
2012-08-10,,7.28,,,141.44,
2012-08-09,,7.28,,,141.86,
2012-08-08,,7.28,,,141.49,
2012-08-07,,7.28,,,141.24,
2012-08-06,,7.28,,,140.69,
2012-08-03,,7.28,,,139.81,
2012-08-02,,7.28,,,139.53,
2012-08-01,,7.28,,,139.33,
2012-07-31,,7.28,,,138.9,
2012-07-30,,7.28,,,138.43,
2012-07-27,,7.28,,,137.55,
2012-07-26,,7.28,,,137.18,
2012-07-25,,7.28,,,136.92,
2012-07-24,,7.28,,,137.21,
2012-07-23,,7.28,,,137.66,
2012-07-20,,7.28,,,138.3,
2012-07-19,,7.28,,,138.38,
2012-07-18,,7.28,,,137.93,
2012-07-17,,7.28,,,137.48,
2012-07-16,,7.28,,,137.37,
2012-07-13,,7.28,,,137.18,
2012-07-12,,7.28,,,137.39,
2012-07-11,,7.28,,,137.33,
2012-07-10,,7.28,,,137.26,
2012-07-09,,7.28,,,137.1,
2012-07-06,,7.28,,,137.24,
2012-07-05,,7.28,,,137.31,
2012-07-04,,7.28,,,137.17,
2012-07-03,,7.28,,,136.87,
2012-07-02,,7.28,,,136.23,
2012-06-29,,7.28,,,135.55,
2012-06-28,,7.28,,,134.89,
2012-06-27,,7.28,,,134.92,
2012-06-26,,7.28,,,134.86,
2012-06-25,,7.28,,,134.98,
2012-06-22,,7.28,,,134.92,
2012-06-21,,7.28,,,134.73,
2012-06-20,,7.28,,,134.32,
2012-06-19,,7.28,,,133.82,
2012-06-18,,7.28,,,133.59,
2012-06-15,,7.28,,,133.19,
2012-06-14,,7.28,,,132.99,
2012-06-13,,7.28,,,133.19,
2012-06-12,,7.28,,,133.39,
2012-06-11,,7.28,,,134.01,
2012-06-08,,7.28,,,133.5,
2012-06-07,,7.28,,,133.35,
2012-06-06,,7.28,,,132.72,
2012-06-05,,7.28,,,132.46,
2012-06-04,,7.28,,,132.31,
2012-06-01,,7.28,,,132.49,
2012-05-31,,7.28,,,132.88,
2012-05-30,,7.28,,,133.22,
2012-05-29,,7.28,,,133.52,
2012-05-25,,7.28,,,133.26,
2012-05-24,,7.28,,,133.26,
2012-05-23,,7.28,,,133.45,
2012-05-22,,7.28,,,133.91,
2012-05-21,,7.28,,,133.5,
2012-05-18,,7.28,,,133.59,
2012-05-16,,7.28,,,135.04,
2012-05-15,,7.28,,,135.82,
2012-05-14,,7.28,,,136.19,
2012-05-11,,7.28,,,136.96,
2012-05-10,,7.28,,,137.03,
2012-05-09,,7.28,,,136.86,
2012-05-08,,7.28,,,137.62,
2012-05-07,,7.28,,,137.74,
2012-05-04,,7.28,,,137.89,
2012-05-03,,7.28,,,137.71,
2012-05-02,,7.28,,,137.44,
2012-04-30,,7.28,,,136.85,
2012-04-27,,7.28,,,136.41,
2012-04-26,,7.28,,,136.2,
2012-04-25,,7.28,,,135.89,
2012-04-24,,7.28,,,135.41,
2012-04-23,,7.28,,,135.26,
2012-04-20,,7.28,,,135.31,
2012-04-19,,7.28,,,135.47,
2012-04-18,,7.28,,,135.53,
2012-04-17,,7.28,,,135.52,
2012-04-16,,7.28,,,135.34,
2012-04-13,,7.28,,,135.56,
2012-04-12,,7.28,,,135.59,
2012-04-11,,7.28,,,135.18,
2012-04-10,,7.28,,,135.51,
2012-04-05,,7.28,,,136.48,
2012-04-04,,7.28,,,137.3,
2012-04-03,,7.28,,,137.84,
2012-04-02,,7.28,,,137.84,
2012-03-30,,7.28,,,137.77,
2012-03-29,,7.28,,,137.89,
2012-03-28,,7.28,,,138.28,
2012-03-27,,7.28,,,138.22,
2012-03-26,,7.28,,,138.07,
2012-03-23,,7.28,,,138.0,
2012-03-22,,7.28,,,138.33,
2012-03-21,,7.28,,,138.93,
2012-03-20,,7.28,,,139.06,
2012-03-19,,7.28,,,139.06,
2012-03-16,,7.28,,,138.81,
2012-03-15,,7.28,,,138.66,
2012-03-14,,7.28,,,138.56,
2012-03-13,,7.28,,,138.2,
2012-03-12,,7.28,,,137.76,
2012-03-09,,7.28,,,137.53,
2012-03-08,,7.28,,,137.25,
2012-03-07,,7.28,,,136.77,
2012-03-06,,7.28,,,136.78,
2012-03-05,,7.28,,,137.55,
2012-03-02,,7.28,,,137.59,
2012-03-01,,7.28,,,137.12,
2012-02-29,,7.28,,,136.6,
2012-02-28,,7.28,,,135.87,
2012-02-27,,7.28,,,135.32,
2012-02-24,,7.28,,,135.24,
2012-02-23,,7.28,,,134.75,
2012-02-22,,7.28,,,134.41,
2012-02-21,,7.28,,,134.25,
2012-02-20,,7.28,,,133.58,
2012-02-17,,7.28,,,133.06,
2012-02-16,,7.28,,,132.47,
2012-02-15,,7.28,,,132.94,
2012-02-14,,7.28,,,133.11,
2012-02-13,,7.28,,,133.16,
2012-02-10,,7.28,,,133.02,
2012-02-09,,7.28,,,133.27,
2012-02-08,,7.28,,,133.27,
2012-02-07,,7.28,,,133.07,
2012-02-06,,7.28,,,132.94,
2012-02-03,,7.28,,,132.79,
2012-02-02,,7.28,,,132.01,
2012-02-01,,7.28,,,131.38,
2012-01-31,,7.28,,,130.44,
2012-01-30,,7.28,,,130.04,
2012-01-27,,7.28,,,130.07,
2012-01-26,,7.28,,,129.49,
2012-01-25,,7.28,,,128.46,
2012-01-24,,7.28,,,127.63,
2012-01-23,,7.28,,,127.14,
2012-01-20,,7.28,,,126.5,
2012-01-19,,7.28,,,126.09,
2012-01-18,,7.28,,,125.46,
2012-01-17,,7.28,,,69.4,
2012-01-16,,7.17,,,69.4,
2012-01-13,,7.1,,,69.4,
2012-01-12,,7.12,,,69.4,
2012-01-11,,7.1,,,69.4,
2012-01-10,,7.13,,,69.4,
2012-01-09,,6.94,,,69.4,
2012-01-06,,6.98,,,69.4,
2012-01-05,,7.03,,,69.4,
2012-01-04,,7.13,,,69.4,
2012-01-03,,7.25,,,69.4,
2012-01-02,,7.19,,,69.4,
2011-12-30,,7.03,,,69.4,
2011-12-29,,6.95,,,69.4,
2011-12-28,,6.84,,,69.4,
2011-12-27,,6.95,,,69.4,
2011-12-26,,6.95,,,69.4,
2011-12-23,,6.95,,,69.4,
2011-12-22,,6.9,,,69.4,
2011-12-21,,6.81,,,69.4,
2011-12-20,,6.86,,,69.4,
2011-12-19,,6.68,,,69.4,
2011-12-16,,6.68,,,69.4,
2011-12-15,,6.74,,,69.4,
2011-12-14,,6.69,,,69.4,
2011-12-13,,6.85,,,69.4,
2011-12-12,,6.88,,,69.4,
2011-12-09,,7.1,,,69.4,
2011-12-08,,6.93,,,69.4,
2011-12-07,,7.1,,,69.4,
2011-12-06,,7.14,,,69.4,
2011-12-05,,7.18,,,69.4,
2011-12-02,,7.1,,,69.4,
2011-12-01,,7.01,,,69.4,
2011-11-30,,7.06,,,69.4,
2011-11-29,,6.76,,,69.4,
2011-11-28,,6.72,,,69.4,
2011-11-25,,6.39,,,69.4,
2011-11-24,,6.32,,,69.4,
2011-11-23,,6.34,,,69.4,
2011-11-22,,6.46,,,69.4,
2011-11-21,,6.53,,,69.4,
2011-11-18,,6.76,,,69.4,
2011-11-17,,6.78,,,69.4,
2011-11-16,,6.86,,,69.4,
2011-11-15,,6.81,,,69.4,
2011-11-14,,6.92,,,69.4,
2011-11-11,,7.02,,,69.4,
2011-11-10,,6.82,,,69.4,
2011-11-09,,6.8,,,69.4,
2011-11-08,,6.96,,,69.4,
2011-11-07,,6.87,,,69.4,
2011-11-04,,6.91,,,69.4,
2011-11-03,,7.08,,,69.4,
2011-11-02,,6.91,,,69.4,
2011-11-01,,6.81,,,69.4,
2011-10-31,,7.19,,,69.4,
2011-10-28,,7.42,,,69.4,
2011-10-27,,7.46,,,69.4,
2011-10-26,,7.04,,,69.4,
2011-10-25,,7.06,,,69.4,
2011-10-24,,7.14,,,69.4,
2011-10-21,,7.04,,,69.4,
2011-10-20,,6.85,,,69.4,
2011-10-19,,7.02,,,69.4,
2011-10-18,,6.96,,,69.4,
2011-10-17,,6.98,,,69.4,
2011-10-14,,7.1,,,69.4,
2011-10-13,,7.03,,,69.4,
2011-10-12,,7.15,,,69.4,
2011-10-11,,6.98,,,69.4,
2011-10-10,,6.99,,,69.4,
2011-10-07,,6.84,,,69.4,
2011-10-06,,6.78,,,69.4,
2011-10-05,,6.57,,,69.4,
2011-10-04,,6.31,,,69.4,
2011-10-03,,6.45,,,69.4,
2011-09-30,,6.57,,,69.4,
2011-09-29,,6.67,,,69.4,
2011-09-28,,6.56,,,69.4,
2011-09-27,,6.61,,,69.4,
2011-09-26,,6.28,,,69.4,
2011-09-23,,6.11,,,69.4,
2011-09-22,,6.02,,,69.4,
2011-09-21,,6.32,,,69.4,
2011-09-20,,6.45,,,69.4,
2011-09-19,,6.32,,,69.4,
2011-09-16,,6.49,,,69.4,
2011-09-15,,6.48,,,69.4,
2011-09-14,,6.26,,,69.4,
2011-09-13,,6.12,,,69.4,
2011-09-12,,6.0,,,69.4,
2011-09-09,,6.24,,,69.4,
2011-09-08,,6.5,,,69.4,
2011-09-07,,6.47,,,69.4,
2011-09-06,,6.25,,,69.4,
2011-09-05,,6.34,,,69.4,
2011-09-02,,6.67,,,69.4,
2011-09-01,,6.92,,,69.4,
2011-08-31,,6.91,,,69.4,
2011-08-30,,6.72,,,69.4,
2011-08-29,,6.72,,,69.4,
2011-08-26,,6.58,,,69.4,
2011-08-25,,6.66,,,69.4,
2011-08-24,,6.72,,,69.4,
2011-08-23,,6.61,,,69.4,
2011-08-22,,6.56,,,69.4,
2011-08-19,,6.48,,,69.4,
2011-08-18,,6.63,,,69.4,
2011-08-17,,7.0,,,69.4,
2011-08-16,,6.98,,,69.4,
2011-08-15,,6.99,,,69.4,
2011-08-12,,6.93,,,69.4,
2011-08-11,,6.66,,,69.4,
2011-08-10,,6.47,,,69.4,
2011-08-09,,6.89,,,69.4,
2011-08-08,,6.87,,,69.4,
2011-08-05,,7.14,,,69.4,
2011-08-04,,7.25,,,69.4,
2011-08-03,,7.5,,,69.4,
2011-08-02,,7.65,,,69.4,
2011-08-01,,7.8,,,69.4,
2011-07-29,,8.02,,,69.4,
2011-07-28,,8.09,,,69.4,
2011-07-27,,8.09,,,69.4,
2011-07-26,,8.23,,,69.4,
2011-07-25,,8.24,,,69.4,
2011-07-22,,8.33,,,69.4,
2011-07-21,,8.3,,,69.4,
2011-07-20,,8.13,,,69.4,
2011-07-19,,7.98,,,69.4,
2011-07-18,,7.88,,,69.4,
2011-07-15,,8.04,,,69.4,
2011-07-14,,8.1,,,69.4,
2011-07-13,,8.16,,,69.4,
2011-07-12,,8.09,,,69.4,
2011-07-11,,8.14,,,69.4,
2011-07-08,,8.38,,,69.4,
2011-07-07,,8.54,,,69.4,
2011-07-06,,8.51,,,69.4,
2011-07-05,,8.56,,,69.4,
2011-07-04,,8.61,,,69.4,
2011-07-01,,8.63,,,69.4,
2011-06-30,,8.55,,,69.4,
2011-06-29,,8.41,,,69.4,
2011-06-28,,8.26,,,69.4,
2011-06-27,,8.18,,,69.4,
2011-06-24,,8.15,,,69.4,
2011-06-23,,8.2,,,69.4,
2011-06-22,,8.39,,,69.4,
2011-06-21,,8.41,,,69.4,
2011-06-20,,8.25,,,69.4,
2011-06-17,,8.31,,,69.4,
2011-06-16,,8.19,,,69.4,
2011-06-15,,8.2,,,69.4,
2011-06-14,,8.34,,,69.4,
2011-06-13,,8.2,,,69.4,
2011-06-10,,8.2,,,69.4,
2011-06-09,,8.32,,,69.4,
2011-06-08,,8.24,,,69.4,
2011-06-07,,8.31,,,69.4,
2011-06-06,,8.29,,,69.4,
2011-06-03,,8.35,,,69.4,
2011-06-02,,8.33,,,69.4,
2011-06-01,,8.47,,,69.4,
2011-05-31,,8.57,,,69.4,
2011-05-30,,8.43,,,69.4,
2011-05-27,,8.44,,,69.4,
2011-05-26,,8.38,,,69.4,
2011-05-25,,8.43,,,69.4,
2011-05-24,,8.38,,,69.4,
2011-05-23,,8.36,,,69.4,
2011-05-20,,8.51,,,69.4,
2011-05-19,,8.61,,,69.4,
2011-05-18,,8.54,,,69.4,
2011-05-17,,8.49,,,69.4,
2011-05-16,,8.58,,,69.4,
2011-05-13,,8.61,,,69.4,
2011-05-12,,8.65,,,69.4,
2011-05-11,,8.74,,,69.4,
2011-05-10,,8.72,,,69.4,
2011-05-09,,8.61,,,69.4,
2011-05-06,,8.74,,,69.4,
2011-05-05,,8.64,,,69.4,
2011-05-04,,8.69,,,69.4,
2011-05-03,,8.82,,,69.4,
2011-05-02,,8.85,,,69.4,
2011-04-29,,8.84,,,69.4,
2011-04-28,,8.81,,,69.4,
2011-04-27,,8.73,,,69.4,
2011-04-26,,8.66,,,69.4,
2011-04-25,,8.61,,,69.4,
2011-04-22,,8.61,,,69.4,
2011-04-21,,8.61,,,69.4,
2011-04-20,,8.55,,,69.4,
2011-04-19,,8.37,,,69.4,
2011-04-18,,8.34,,,69.4,
2011-04-15,,8.55,,,69.4,
2011-04-14,,8.54,,,69.4,
2011-04-13,,8.63,,,69.4,
2011-04-12,,8.58,,,69.4,
2011-04-11,,8.7,,,69.4,
2011-04-08,,8.73,,,69.4,
2011-04-07,,8.67,,,69.4,
2011-04-06,,8.7,,,69.4,
2011-04-05,,8.64,,,69.4,
2011-04-04,,8.65,,,69.4,
2011-04-01,,8.67,,,69.4,
2011-03-31,,8.52,,,69.4,
2011-03-30,,8.59,,,69.4,
2011-03-29,,8.52,,,69.4,
2011-03-28,,8.53,,,69.4,
2011-03-25,,8.52,,,69.4,
2011-03-24,,8.51,,,69.4,
2011-03-23,,8.39,,,69.4,
2011-03-22,,8.35,,,69.4,
2011-03-21,,8.37,,,69.4,
2011-03-18,,8.17,,,69.4,
2011-03-17,,8.15,,,69.4,
2011-03-16,,7.96,,,69.4,
2011-03-15,,8.15,,,69.4,
2011-03-14,,8.35,,,69.4,
2011-03-11,,8.44,,,69.4,
2011-03-10,,8.52,,,69.4,
2011-03-09,,8.59,,,69.4,
2011-03-08,,8.62,,,69.4,
2011-03-07,,8.58,,,69.4,
2011-03-04,,8.64,,,69.4,
2011-03-03,,8.7,,,69.4,
2011-03-02,,8.67,,,69.4,
2011-03-01,,8.74,,,69.4,
2011-02-28,,8.83,,,69.4,
2011-02-25,,8.75,,,69.4,
2011-02-24,,8.64,,,69.4,
2011-02-23,,8.66,,,69.4,
2011-02-22,,8.74,,,69.4,
2011-02-21,,8.83,,,69.4,
2011-02-18,,8.99,,,69.4,
2011-02-17,,8.98,,,69.4,
2011-02-16,,8.98,,,69.4,
2011-02-15,,8.88,,,69.4,
2011-02-14,,8.85,,,69.4,
2011-02-11,,8.87,,,69.4,
2011-02-10,,8.87,,,69.4,
2011-02-09,,8.89,,,69.4,
2011-02-08,,8.92,,,69.4,
2011-02-07,,8.89,,,69.4,
2011-02-04,,8.8,,,69.4,
2011-02-03,,8.78,,,69.4,
2011-02-02,,8.83,,,69.4,
2011-02-01,,8.81,,,69.4,
2011-01-31,,8.66,,,69.4,
2011-01-28,,8.66,,,69.4,
2011-01-27,,8.76,,,69.4,
2011-01-26,,8.7,,,69.4,
2011-01-25,,8.66,,,69.4,
2011-01-24,,8.72,,,69.4,
2011-01-21,,8.7,,,69.4,
2011-01-20,,8.57,,,69.4,
2011-01-19,,8.56,,,69.4,
2011-01-18,,8.63,,,69.4,
2011-01-17,,8.53,,,69.4,
2009-01-14,,6.34,,,69.4,
2009-01-13,,6.65,,,69.52,
2009-01-12,,6.76,,,69.65,
2009-01-09,,6.86,,,69.43,
2009-01-08,,6.94,,,68.34,
2009-01-07,,7.0,,,67.92,
2009-01-06,,7.11,,,66.77,
2009-01-05,,7.04,,,65.59,
2009-01-02,,6.99,,,65.33,
2008-12-31,,6.78,,,65.16,
2008-12-30,,6.76,,,65.05,
2008-12-29,,6.58,,,64.67,
2008-12-26,,6.56,,,64.39,
2008-12-24,,6.56,,,64.39,
2008-12-23,,6.57,,,64.28,
2008-12-22,,6.61,,,64.03,
2008-12-19,,6.74,,,63.8,
2008-12-18,,6.76,,,63.65,
2008-12-17,,6.74,,,63.06,
2008-12-16,,6.76,,,62.9,
2008-12-15,,6.64,,,63.05,
2008-12-12,,6.67,,,63.32,
2008-12-11,,6.86,,,63.82,
2008-12-10,,6.88,,,63.66,
2008-12-09,,6.84,,,63.06,
2008-12-08,,6.76,,,63.64,
2008-12-05,,6.21,,,63.73,
2008-12-04,,6.54,,,63.87,
2008-12-03,,6.54,,,63.99,
2008-12-02,,6.5,,,64.24,
2008-12-01,,6.31,,,64.77,
2008-11-28,,6.7,,,64.97,
2008-11-27,,6.7,,,64.81,
2008-11-26,,6.55,,,64.62,
2008-11-25,,6.58,,,64.22,
2008-11-24,,6.57,,,63.84,
2008-11-21,,5.96,,,64.62,
2008-11-20,,6.14,,,64.98,
2008-11-19,,6.33,,,66.14,
2008-11-18,,6.59,,,67.45,
2008-11-17,,6.52,,,68.2,
2008-11-14,,6.78,,,68.81,
2008-11-13,,6.69,,,69.01,
2008-11-12,,6.61,,,69.34,
2008-11-11,,6.84,,,69.72,
2008-11-10,,7.22,,,69.86,
2008-11-07,,7.16,,,69.84,
2008-11-06,,6.99,,,69.85,
2008-11-05,,7.46,,,69.8,
2008-11-04,,7.58,,,69.54,
2008-11-03,,7.18,,,69.15,
2008-10-31,,7.12,,,68.81,
2008-10-30,,6.94,,,68.71,
2008-10-29,,6.91,,,67.12,
2008-10-28,,6.53,,,66.44,
2008-10-27,,6.3,,,66.07,
2008-10-24,,6.41,,,67.2,
2008-10-23,,6.74,,,68.33,
2008-10-22,,6.75,,,69.05,
2008-10-21,,7.14,,,69.6,
2008-10-20,,7.18,,,70.06,
2008-10-17,,6.95,,,70.52,
2008-10-16,,6.66,,,70.86,
2008-10-15,,7.08,,,71.19,
2008-10-14,,7.58,,,71.9,
2008-10-13,,7.35,,,70.19,
2008-10-10,,6.61,,,70.7,
2008-10-09,,7.18,,,74.19,
2008-10-08,,7.37,,,76.49,
2008-10-07,,7.88,,,77.87,
2008-10-06,,7.86,,,78.13,
2008-10-03,,8.56,,,79.78,
2008-10-02,,8.27,,,80.82,
2008-10-01,,8.43,,,82.23,
2008-09-30,,8.35,,,82.28,
2008-09-29,,8.27,,,83.19,
2008-09-26,,8.68,,,83.83,
2008-09-25,,8.81,,,84.43,
2008-09-24,,8.57,,,85.4,
2008-09-23,,8.63,,,85.84,
2008-09-22,,8.75,,,86.23,
2008-09-19,,8.94,,,86.22,
2008-09-18,,8.24,,,85.83,
2008-09-17,,8.29,,,86.54,
2008-09-16,,8.49,,,86.94,
2008-09-15,,8.65,,,87.98,
2008-09-12,,9.0,,,88.54,
2008-09-11,,8.85,,,88.47,
2008-09-10,,8.91,,,88.72,
2008-09-09,,8.96,,,88.77,
2008-09-08,,9.02,,,88.9,
2008-09-05,,8.75,,,88.74,
2008-09-04,,8.99,,,88.9,
2008-09-03,,9.25,,,88.86,
2008-09-02,,9.38,,,88.8,
2008-09-01,,9.24,,,88.67,
2008-08-29,,9.24,,,88.67,
2008-08-28,,9.22,,,88.52,
2008-08-27,,9.06,,,88.48,
2008-08-26,,9.06,,,88.47,
2008-08-25,,9.01,,,88.44,
2008-08-22,,9.1,,,88.29,
2008-08-21,,8.92,,,88.3,
2008-08-20,,9.05,,,88.43,
2008-08-19,,9.01,,,88.36,
2008-08-18,,9.24,,,88.39,
2008-08-15,,9.25,,,88.07,
2008-08-14,,9.22,,,88.07,
2008-08-13,,9.21,,,87.95,
2008-08-12,,9.43,,,87.85,
2008-08-11,,9.45,,,87.63,
2008-08-08,,9.36,,,87.43,
2008-08-07,,9.32,,,87.46,
2008-08-06,,9.36,,,87.39,
2008-08-05,,9.28,,,87.42,
2008-08-04,,9.03,,,87.42,
2008-08-01,,9.1,,,87.4,
2008-07-31,,9.24,,,87.74,
2008-07-30,,9.24,,,87.91,
2008-07-29,,9.12,,,87.72,
2008-07-28,,9.09,,,87.74,
2008-07-25,,9.19,,,87.58,
2008-07-24,,9.2,,,87.61,
2008-07-23,,9.3,,,87.47,
2008-07-22,,9.13,,,87.19,
2008-07-21,,9.15,,,87.37,
2008-07-18,,9.11,,,87.12,
2008-07-17,,8.94,,,87.13,
2008-07-16,,8.71,,,86.99,
2008-07-15,,8.63,,,87.17,
2008-07-14,,8.83,,,87.41,
2008-07-11,,8.78,,,87.11,
2008-07-10,,9.01,,,87.3,
2008-07-09,,9.17,,,87.31,
2008-07-08,,9.02,,,87.45,
2008-07-07,,9.15,,,87.53,
2008-07-04,,8.99,,,87.73,
2008-07-03,,9.14,,,87.75,
2008-07-02,,9.03,,,88.41,
2008-07-01,,9.04,,,88.76,
2008-06-30,,9.2,,,89.03,
2008-06-27,,9.16,,,88.97,
2008-06-26,,9.24,,,89.47,
2008-06-25,,9.49,,,89.69,
2008-06-24,,9.34,,,89.79,
2008-06-23,,9.41,,,91.02,
2008-06-20,,9.4,,,91.02,
2008-06-19,,9.57,,,91.15,
2008-06-18,,9.62,,,91.38,
2008-06-17,,9.76,,,91.39,
2008-06-16,,9.69,,,91.27,
2008-06-13,,9.77,,,91.23,
2008-06-12,,9.72,,,91.27,
2008-06-11,,9.63,,,91.3,
2008-06-10,,9.81,,,91.53,
2008-06-09,,9.87,,,91.69,
2008-06-06,,9.87,,,92.04,
2008-06-05,,10.1,,,91.96,
2008-06-04,,10.15,,,91.98,
2008-06-03,,10.25,,,92.09,
2008-06-02,,10.2,,,92.29,
2008-05-30,,10.35,,,92.27,
2008-05-29,,10.27,,,92.25,
2008-05-28,,10.24,,,92.44,
2008-05-27,,10.15,,,92.55,
2008-05-26,,10.18,,,92.83,
2008-05-23,,10.18,,,92.71,
2008-05-22,,10.36,,,92.71,
2008-05-21,,10.34,,,92.86,
2008-05-20,,10.42,,,92.9,
2008-05-19,,10.57,,,92.83,
2008-05-16,,10.47,,,92.57,
2008-05-15,,10.43,,,92.35,
2008-05-14,,10.44,,,92.24,
2008-05-13,,10.33,,,92.2,
2008-05-12,,10.31,,,92.32,
2008-05-09,,10.28,,,92.32,
2008-05-08,,10.4,,,92.24,
2008-05-07,,10.44,,,92.23,
2008-05-06,,10.37,,,92.25,
2008-05-05,,10.44,,,92.05,
2008-05-02,,10.46,,,91.86,
2008-05-01,,10.29,,,91.56,
2008-04-30,,10.29,,,91.56,
2008-04-29,,10.2,,,91.49,
2008-04-28,,10.26,,,91.33,
2008-04-25,,10.2,,,91.1,
2008-04-24,,10.1,,,90.91,
2008-04-23,,10.09,,,90.67,
2008-04-22,,10.01,,,90.46,
2008-04-21,,10.1,,,90.14,
2008-04-18,,10.21,,,89.81,
2008-04-17,,9.97,,,89.68,
2008-04-16,,10.03,,,89.43,
2008-04-15,,9.87,,,89.25,
2008-04-14,,9.82,,,89.16,
2008-04-11,,9.9,,,89.17,
2008-04-10,,10.05,,,88.99,
2008-04-09,,10.09,,,89.12,
2008-04-08,,10.18,,,89.24,
2008-04-07,,10.23,,,89.17,
2008-04-04,,10.15,,,88.84,
2008-04-03,,10.09,,,88.33,
2008-04-02,,10.15,,,87.98,
2008-04-01,,10.03,,,87.9,
2008-03-31,,9.69,,,87.65,
2008-03-28,,9.73,,,87.79,
2008-03-27,,9.76,,,87.64,
2008-03-26,,9.65,,,87.36,
2008-03-25,,9.7,,,87.19,
2008-03-24,,9.65,,,86.68,
2008-03-21,,9.51,,,86.68,
2008-03-20,,9.37,,,86.68,
2008-03-19,,9.43,,,87.25,
2008-03-18,,9.51,,,87.22,
2008-03-17,,9.17,,,87.1,
2008-03-14,,9.53,,,87.05,
2008-03-13,,9.62,,,87.0,
2008-03-12,,9.75,,,87.36,
2008-03-11,,9.64,,,87.62,
2008-03-10,,9.48,,,87.79,
2008-03-07,,9.56,,,87.71,
2008-03-06,,9.67,,,87.97,
2008-03-05,,9.85,,,88.03,
2008-03-04,,9.65,,,88.0,
2008-03-03,,9.83,,,88.11,
2008-02-29,,9.95,,,88.61,
2008-02-28,,10.12,,,88.74,
2008-02-27,,10.31,,,88.89,
2008-02-26,,10.31,,,88.87,
2008-02-25,,10.16,,,88.35,
2008-02-22,,9.99,,,87.99,
2008-02-21,,10.1,,,88.04,
2008-02-20,,10.05,,,87.92,
2008-02-19,,10.18,,,88.09,
2008-02-18,,10.15,,,88.18,
2008-02-15,,9.95,,,88.2,
2008-02-14,,10.16,,,88.38,
2008-02-13,,10.17,,,87.84,
2008-02-12,,10.17,,,87.61,
2008-02-11,,9.84,,,88.27,
2008-02-08,,9.9,,,88.66,
2008-02-07,,9.9,,,89.2,
2008-02-06,,10.06,,,89.55,
2008-02-05,,9.94,,,89.82,
2008-02-04,,10.35,,,90.48,
2008-02-01,,10.35,,,90.27,
2008-01-31,,10.16,,,90.47,
2008-01-30,,10.14,,,90.64,
2008-01-29,,10.19,,,90.81,
2008-01-28,,10.07,,,90.8,
2008-01-25,,10.11,,,90.62,
2008-01-24,,10.18,,,90.22,
2008-01-23,,9.57,,,90.19,
2008-01-22,,10.04,,,90.7,
2008-01-21,,9.9,,,91.29,
2008-01-18,,10.69,,,91.85,
2008-01-17,,10.88,,,92.05,
2008-01-16,,10.99,,,91.99,
2008-01-15,,11.08,,,92.23,
2008-01-14,,11.33,,,98.43,
2007-01-12,,,,,98.43,
2005-01-11,,,,,86.18,
2005-01-10,,,,,86.22,
2005-01-07,,,,,86.21,
2005-01-06,,,,,86.2,
2005-01-05,,,,,86.27,
2005-01-04,,,,,86.32,
2005-01-03,,,,,86.18,
2004-12-31,,,,,86.1,
2004-12-30,,,,,86.05,
2004-12-29,,,,,86.09,
2004-12-28,,,,,86.1,
2004-12-27,,,,,86.01,
2004-12-24,,,,,86.07,
2004-12-23,,,,,86.05,
2004-12-22,,,,,85.95,
2004-12-21,,,,,85.89,
2004-12-20,,,,,85.85,
2004-12-17,,,,,85.81,
2004-12-16,,,,,85.82,
2004-12-15,,,,,85.78,
2004-12-14,,,,,85.62,
2004-12-13,,,,,85.7,
2004-12-10,,,,,85.61,
2004-12-09,,,,,85.67,
2004-12-08,,,,,85.63,
2004-12-07,,,,,85.55,
2004-12-06,,,,,85.48,
2004-12-03,,,,,85.35,
2004-12-02,,,,,85.18,
2004-12-01,,,,,85.18,
2004-11-30,,,,,85.1,
2004-11-29,,,,,85.06,
2004-11-26,,,,,84.95,
2004-11-25,,,,,84.9,
2004-11-24,,,,,84.84,
2004-11-23,,,,,84.79,
2004-11-22,,,,,84.75,
2004-11-19,,,,,84.68,
2004-11-18,,,,,84.6,
2004-11-17,,,,,84.52,
2004-11-16,,,,,84.46,
2004-11-15,,,,,84.29,
2004-11-12,,,,,84.16,
2004-11-11,,,,,84.04,
2004-11-10,,,,,83.98,
2004-11-09,,,,,83.95,
2004-11-08,,,,,83.77,
2004-11-05,,,,,83.66,
2004-11-04,,,,,83.51,
2004-11-03,,,,,83.39,
2004-11-02,,,,,83.26,
2004-10-29,,,,,82.99,
2004-10-28,,,,,82.84,
2004-10-27,,,,,82.68,
2004-10-26,,,,,82.56,
2004-10-25,,,,,82.49,
2004-10-22,,,,,82.4,
2004-10-21,,,,,82.33,
2004-10-20,,,,,82.34,
2004-10-19,,,,,82.36,
2004-10-18,,,,,82.44,
2004-10-15,,,,,82.46,
2004-10-14,,,,,82.56,
2004-10-13,,,,,82.52,
2004-10-12,,,,,82.6,
2004-10-11,,,,,82.42,
2004-10-08,,,,,82.33,
2004-10-07,,,,,82.2,
2004-10-06,,,,,82.19,
2004-10-05,,,,,82.24,
2004-10-04,,,,,82.0,
2004-10-01,,,,,81.84,
2004-09-30,,,,,81.7,
2004-09-29,,,,,81.62,
2004-09-28,,,,,81.65,
2004-09-27,,,,,81.79,
2004-09-24,,,,,81.79,
2004-09-23,,,,,81.85,
2004-09-22,,,,,81.72,
2004-09-21,,,,,81.68,
2004-09-20,,,,,81.68,
2004-09-17,,,,,81.54,
2004-09-16,,,,,81.57,
2004-09-15,,,,,81.47,
2004-09-14,,,,,81.24,
2004-09-13,,,,,81.13,
2004-09-10,,,,,81.08,
2004-09-09,,,,,81.04,
2004-09-08,,,,,80.88,
2004-09-07,,,,,80.75,
2004-09-06,,,,,80.72,
2004-09-03,,,,,80.62,
2004-09-02,,,,,80.61,
2004-09-01,,,,,80.58,
2004-08-31,,,,,80.54,
2004-08-30,,,,,80.53,
2004-08-27,,,,,80.32,
2004-08-26,,,,,80.21,
2004-08-25,,,,,80.22,
2004-08-24,,,,,80.14,
2004-08-23,,,,,80.16,
2004-08-20,,,,,80.02,
2004-08-19,,,,,80.03,
2004-08-18,,,,,79.91,
2004-08-17,,,,,79.8,
2004-08-16,,,,,79.9,
2004-08-13,,,,,79.88,
2004-08-12,,,,,79.7,
2004-08-11,,,,,79.65,
2004-08-10,,,,,79.63,
2004-08-09,,,,,79.56,
2004-08-06,,,,,79.54,
2004-08-05,,,,,79.46,
2004-08-04,,,,,79.41,
2004-08-03,,,,,79.36,
2004-08-02,,,,,79.36,
2004-07-30,,,,,79.29,
2004-07-29,,,,,79.21,
2004-07-28,,,,,79.12,
2004-07-27,,,,,79.19,
2004-07-26,,,,,79.26,
2004-07-23,,,,,79.26,
2004-07-22,,,,,79.22,
2004-07-21,,,,,79.19,
2004-07-20,,,,,79.14,
2004-07-19,,,,,79.08,
2004-07-16,,,,,78.89,
2004-07-15,,,,,78.76,
2004-07-14,,,,,78.7,
2004-07-13,,,,,78.68,
2004-07-12,,,,,78.7,
2004-07-09,,,,,78.7,
2004-07-08,,,,,78.67,
2004-07-07,,,,,78.67,
2004-07-06,,,,,78.61,
2004-07-05,,,,,78.55,
2004-07-02,,,,,78.53,
2004-07-01,,,,,78.49,
2004-06-30,,,,,78.42,
2004-06-29,,,,,78.39,
2004-06-28,,,,,78.34,
2004-06-25,,,,,78.29,
2004-06-24,,,,,78.16,
2004-06-22,,,,,78.01,
2004-06-21,,,,,77.91,
2004-06-18,,,,,77.78,
2004-06-17,,,,,77.76,
2004-06-16,,,,,77.66,
2004-06-15,,,,,77.68,
2004-06-14,,,,,77.65,
2004-06-11,,,,,77.58,
2004-06-10,,,,,77.53,
2004-06-09,,,,,77.45,
2004-06-08,,,,,77.28,
2004-06-07,,,,,77.21,
2004-06-04,,,,,77.1,
2004-06-03,,,,,77.22,
2004-06-02,,,,,77.35,
2004-06-01,,,,,77.37,
2004-05-28,,,,,77.33,
2004-05-27,,,,,77.21,
2004-05-26,,,,,77.18,
2004-05-25,,,,,77.15,
2004-05-24,,,,,77.13,
2004-05-21,,,,,77.01,
2004-05-19,,,,,76.95,
2004-05-18,,,,,76.57,
2004-05-17,,,,,76.7,
2004-05-14,,,,,76.97,
2004-05-13,,,,,77.2,
2004-05-12,,,,,77.39,
2004-05-11,,,,,77.72,
2004-05-10,,,,,77.97,
2004-05-07,,,,,78.35,
2004-05-06,,,,,78.43,
2004-05-05,,,,,78.56,
2004-05-04,,,,,78.62,
2004-05-03,,,,,78.68,
2004-04-30,,,,,78.66,
2004-04-29,,,,,78.69,
2004-04-28,,,,,78.71,
2004-04-27,,,,,78.71,
2004-04-26,,,,,78.7,
2004-04-23,,,,,78.71,
2004-04-22,,,,,78.61,
2004-04-21,,,,,78.59,
2004-04-20,,,,,78.57,
2004-04-19,,,,,78.55,
2004-04-16,,,,,78.49,
2004-04-15,,,,,78.48,
2004-04-14,,,,,78.44,
2004-04-13,,,,,78.42,
2004-04-08,,,,,78.39,
2004-04-07,,,,,78.37,
2004-04-06,,,,,78.35,
2004-04-05,,,,,78.32,
2004-04-02,,,,,78.25,
2004-04-01,,,,,78.27,
2004-03-31,,,,,78.22,
2004-03-30,,,,,78.08,
2004-03-29,,,,,78.02,
2004-03-26,,,,,78.0,
2004-03-25,,,,,77.98,
2004-03-24,,,,,77.98,
2004-03-23,,,,,78.04,
2004-03-22,,,,,78.04,
2004-03-19,,,,,78.02,
2004-03-18,,,,,77.98,
2004-03-17,,,,,77.9,
2004-03-16,,,,,77.92,
2004-03-15,,,,,78.02,
2004-03-12,,,,,78.02,
2004-03-11,,,,,77.99,
2004-03-10,,,,,78.02,
2004-03-09,,,,,78.03,
2004-03-08,,,,,77.97,
2004-03-05,,,,,77.87,
2004-03-04,,,,,77.78,
2004-03-03,,,,,77.76,
2004-03-02,,,,,77.77,
2004-03-01,,,,,77.9,
2004-02-27,,,,,77.73,
2004-02-26,,,,,77.67,
2004-02-25,,,,,77.67,
2004-02-24,,,,,77.69,
2004-02-23,,,,,77.72,
2004-02-20,,,,,77.63,
2004-02-19,,,,,77.62,
2004-02-18,,,,,77.51,
2004-02-17,,,,,77.43,
2004-02-16,,,,,77.38,
2004-02-13,,,,,77.35,
2004-02-12,,,,,77.33,
2004-02-11,,,,,77.29,
2004-02-10,,,,,77.19,
2004-02-09,,,,,77.14,
2004-02-06,,,,,77.17,
2004-02-05,,,,,77.16,
2004-02-04,,,,,77.12,
2004-02-03,,,,,77.3,
2004-02-02,,,,,77.4,
2004-01-30,,,,,77.46,
2004-01-29,,,,,77.57,
2004-01-28,,,,,77.65,
2004-01-27,,,,,77.64,
2004-01-26,,,,,77.64,
2004-01-23,,,,,77.64,
2004-01-22,,,,,77.6,
2004-01-21,,,,,77.57,
2004-01-20,,,,,77.49,
2004-01-19,,,,,77.47,
2004-01-16,,,,,77.27,
2004-01-15,,,,,77.35,
2004-01-14,,,,,77.3,
2004-01-13,,,,,77.18,
2004-01-12,,,,,77.17,
2004-01-09,,,,,76.98,
2003-01-10,,,,,66.21,
2003-01-09,,,,,65.84,
2003-01-08,,,,,65.6,
2003-01-07,,,,,65.34,
2003-01-06,,,,,65.24,
2003-01-03,,,,,65.2,
2003-01-02,,,,,65.14,
2002-12-31,,,,,65.09,
2002-12-30,,,,,65.01,
2002-12-27,,,,,64.97,
2002-12-24,,,,,64.92,
2002-12-23,,,,,64.93,
2002-12-20,,,,,64.9,
2002-12-19,,,,,64.88,
2002-12-18,,,,,64.86,
2002-12-17,,,,,64.83,
2002-12-16,,,,,64.83,
2002-12-13,,,,,64.78,
2002-12-12,,,,,64.64,
2002-12-11,,,,,64.67,
2002-12-10,,,,,64.73,
2002-12-09,,,,,64.75,
2002-12-06,,,,,64.75,
2002-12-05,,,,,64.64,
2002-12-04,,,,,64.56,
2002-12-03,,,,,64.38,
2002-12-02,,,,,64.2,
2002-11-29,,,,,64.13,
2002-11-28,,,,,64.06,
2002-11-27,,,,,64.04,
2002-11-26,,,,,63.83,
2002-11-25,,,,,63.69,
2002-11-22,,,,,63.05,
2002-11-21,,,,,62.93,
2002-11-20,,,,,62.7,
2002-11-19,,,,,62.6,
2002-11-18,,,,,62.42,
2002-11-15,,,,,62.34,
2002-11-14,,,,,62.13,
2002-11-13,,,,,62.1,
2002-11-12,,,,,62.06,
2002-11-11,,,,,62.05,
2002-11-08,,,,,62.08,
2002-11-07,,,,,62.03,
2002-11-06,,,,,61.84,
2002-11-05,,,,,61.58,
2002-11-04,,,,,61.36,
2002-10-31,,,,,61.09,
2002-10-30,,,,,60.91,
2002-10-29,,,,,60.82,
2002-10-28,,,,,60.49,
2002-10-25,,,,,60.37,
2002-10-24,,,,,60.24,
2002-10-23,,,,,60.19,
2002-10-22,,,,,60.28,
2002-10-21,,,,,60.37,
2002-10-18,,,,,60.27,
2002-10-17,,,,,60.06,
2002-10-16,,,,,59.94,
2002-10-15,,,,,59.62,
2002-10-14,,,,,59.58,
2002-10-11,,,,,59.99,
2002-10-10,,,,,60.11,
2002-10-09,,,,,60.41,
2002-10-08,,,,,60.67,
2002-10-07,,,,,60.92,
2002-10-04,,,,,61.13,
2002-10-03,,,,,61.28,
2002-10-02,,,,,61.31,
2002-10-01,,,,,61.48,
2002-09-30,,,,,61.75,
2002-09-27,,,,,61.74,
2002-09-26,,,,,62.09,
2002-09-25,,,,,62.11,
2002-09-24,,,,,62.37,
2002-09-23,,,,,62.48,
2002-09-20,,,,,62.52,
2002-09-19,,,,,62.62,
2002-09-18,,,,,62.7,
2002-09-17,,,,,62.63,
2002-09-16,,,,,62.62,
2002-09-13,,,,,62.57,
2002-09-12,,,,,62.47,
2002-09-11,,,,,62.58,
2002-09-10,,,,,62.49,
2002-09-09,,,,,62.54,
2002-09-06,,,,,62.46,
2002-09-05,,,,,62.56,
2002-09-04,,,,,62.42,
2002-09-03,,,,,62.42,
2002-09-02,,,,,62.39,
2002-08-30,,,,,62.22,
2002-08-29,,,,,62.39,
2002-08-28,,,,,62.32,
2002-08-27,,,,,62.2,
2002-08-26,,,,,62.19,
2002-08-23,,,,,62.15,
2002-08-22,,,,,61.7,
2002-08-21,,,,,61.38,
2002-08-20,,,,,61.19,
2002-08-19,,,,,61.24,
2002-08-16,,,,,61.2,
2002-08-14,,,,,61.82,
2002-08-13,,,,,61.8,
2002-08-12,,,,,61.81,
2002-08-09,,,,,61.94,
2002-08-08,,,,,62.0,
2002-08-07,,,,,62.06,
2002-08-06,,,,,62.29,
2002-08-05,,,,,62.48,
2002-08-02,,,,,62.58,
2002-08-01,,,,,63.0,
2002-07-31,,,,,63.13,
2002-07-30,,,,,63.07,
2002-07-29,,,,,63.26,
2002-07-26,,,,,63.38,
2002-07-25,,,,,63.5,
2002-07-24,,,,,63.86,
2002-07-23,,,,,64.2,
2002-07-22,,,,,64.15,
2002-07-19,,,,,64.19,
2002-07-18,,,,,64.32,
2002-07-17,,,,,64.53,
2002-07-16,,,,,65.14,
2002-07-15,,,,,65.42,
2002-07-12,,,,,65.39,
2002-07-11,,,,,65.46,
2002-07-10,,,,,66.13,
2002-07-09,,,,,66.23,
2002-07-08,,,,,66.39,
2002-07-05,,,,,66.37,
2002-07-04,,,,,66.39,
2002-07-03,,,,,66.45,
2002-07-02,,,,,66.48,
2002-07-01,,,,,67.01,
2002-06-28,,,,,66.99,
2002-06-27,,,,,68.0,
2002-06-26,,,,,68.37,
2002-06-25,,,,,68.29,
2002-06-24,,,,,68.3,
2002-06-21,,,,,68.49,
2002-06-20,,,,,68.68,
2002-06-19,,,,,68.86,
2002-06-18,,,,,68.9,
2002-06-17,,,,,69.09,
2002-06-14,,,,,69.14,
2002-06-13,,,,,69.22,
2002-06-12,,,,,69.48,
2002-06-11,,,,,69.77,
2002-06-10,,,,,69.86,
2002-06-07,,,,,69.84,
2002-06-06,,,,,69.88,
2002-06-05,,,,,69.89,
2002-06-04,,,,,69.85,
2002-06-03,,,,,69.83,
2002-05-31,,,,,69.82,
2002-05-30,,,,,69.78,
2002-05-29,,,,,69.82,
2002-05-28,,,,,69.88,
2002-05-27,,,,,69.93,
2002-05-24,,,,,69.85,
2002-05-23,,,,,69.8,
2002-05-22,,,,,70.02,
2002-05-21,,,,,70.11,
2002-05-17,,,,,70.08,
2002-05-16,,,,,70.19,
2002-05-15,,,,,70.25,
2002-05-14,,,,,70.06,
2002-05-13,,,,,70.16,
2002-05-10,,,,,70.08,
2002-05-08,,,,,70.35,
2002-05-07,,,,,70.57,
2002-05-06,,,,,70.62,
2002-05-03,,,,,70.46,
2002-05-02,,,,,70.5,
2002-04-30,,,,,70.65,
2002-04-29,,,,,70.84,
2002-04-26,,,,,71.06,
2002-04-25,,,,,71.2,
2002-04-24,,,,,71.23,
2002-04-23,,,,,71.24,
2002-04-22,,,,,71.31,
2002-04-19,,,,,71.25,
2002-04-18,,,,,71.32,
2002-04-17,,,,,71.29,
2002-04-16,,,,,71.19,
2002-04-15,,,,,71.15,
2002-04-12,,,,,71.07,
2002-04-11,,,,,71.06,
2002-04-10,,,,,70.97,
2002-04-09,,,,,70.84,
2002-04-08,,,,,70.6,
2002-04-05,,,,,70.54,
2002-04-04,,,,,70.54,
2002-04-03,,,,,70.38,
2002-04-02,,,,,70.27,
2002-03-28,,,,,70.05,
2002-03-27,,,,,70.27,
2002-03-26,,,,,70.42,
2002-03-25,,,,,70.59,
2002-03-22,,,,,70.85,
2002-03-21,,,,,70.7,
2002-03-20,,,,,70.51,
2002-03-19,,,,,70.4,
2002-03-18,,,,,70.42,
2002-03-15,,,,,70.26,
2002-03-14,,,,,69.87,
2002-03-13,,,,,69.79,
2002-03-12,,,,,69.59,
2002-03-11,,,,,69.25,
2002-03-08,,,,,68.88,
2002-03-07,,,,,69.1,
2002-03-06,,,,,69.61,
2002-03-05,,,,,69.82,
2002-03-04,,,,,69.7,
2002-02-28,,,,,69.07,
2002-02-27,,,,,68.75,
2002-02-26,,,,,69.35,
2002-02-25,,,,,69.77,
2002-02-22,,,,,70.72,
2002-02-21,,,,,71.43,
2002-02-20,,,,,72.07,
2002-02-19,,,,,72.32,
2002-02-18,,,,,73.11,
2002-02-15,,,,,73.29,
2002-02-14,,,,,73.81,
2002-02-13,,,,,74.16,
2002-02-12,,,,,74.44,
2002-02-11,,,,,74.62,
2002-02-08,,,,,74.67,
2002-02-07,,,,,74.58,
2002-02-06,,,,,74.9,
2002-02-05,,,,,75.2,
2002-02-04,,,,,75.39,
2002-02-01,,,,,75.28,
2002-01-31,,,,,74.86,
2002-01-30,,,,,75.4,
2002-01-29,,,,,76.43,
2002-01-28,,,,,76.34,
2002-01-25,,,,,76.64,
2002-01-24,,,,,77.18,
2002-01-23,,,,,77.39,
2002-01-22,,,,,77.9,
2002-01-21,,,,,78.11,
2002-01-18,,,,,78.58,
2002-01-17,,,,,78.63,
2002-01-16,,,,,78.98,
2002-01-15,,,,,79.13,
2002-01-14,,,,,79.57,
2002-01-11,,,,,79.54,
2002-01-10,,,,,79.63,
2002-01-09,,,,,79.87,
2002-01-08,,,,,79.83,
2002-01-07,,,,,79.68,
2002-01-04,,,,,79.31,
2002-01-03,,,,,77.95,
2002-01-02,,,,,77.51,
2001-12-31,,,,,77.4,
2001-12-28,,,,,77.28,
2001-12-27,,,,,77.21,
2001-12-24,,,,,77.16,
2001-12-21,,,,,76.77,
2001-12-20,,,,,76.57,
2001-12-19,,,,,76.59,
2001-12-18,,,,,76.55,
2001-12-17,,,,,76.82,
2001-12-14,,,,,76.97,
2001-12-13,,,,,77.05,
2001-12-12,,,,,78.84,
2001-12-11,,,,,79.72,
2001-12-10,,,,,79.87,
2001-12-07,,,,,79.28,
2001-12-06,,,,,79.16,
2001-12-05,,,,,78.83,
2001-12-04,,,,,78.76,
2001-12-03,,,,,79.21,
2001-11-30,,,,,78.97,
2001-11-29,,,,,79.47,
2001-11-28,,,,,79.51,
2001-11-27,,,,,78.88,
2001-11-26,,,,,78.85,
2001-11-23,,,,,78.67,
2001-11-22,,,,,78.55,
2001-11-21,,,,,79.17,
2001-11-20,,,,,79.47,
2001-11-19,,,,,78.41,
2001-11-16,,,,,77.86,
2001-11-15,,,,,76.32,
2001-11-14,,,,,75.16,
2001-11-13,,,,,74.95,
2001-11-12,,,,,74.98,
2001-11-09,,,,,74.81,
2001-11-08,,,,,74.54,
2001-11-07,,,,,74.32,
2001-11-06,,,,,74.06,
2001-11-05,,,,,73.96,
2001-11-02,,,,,74.01,
2001-10-31,,,,,73.92,
2001-10-30,,,,,74.15,
2001-10-29,,,,,73.48,
2001-10-26,,,,,73.11,
2001-10-25,,,,,72.96,
2001-10-24,,,,,72.84,
2001-10-23,,,,,72.64,
2001-10-22,,,,,72.78,
2001-10-19,,,,,72.58,
2001-10-18,,,,,72.94,
2001-10-17,,,,,72.12,
2001-10-16,,,,,72.14,
2001-10-15,,,,,72.65,
2001-10-12,,,,,72.53,
2001-10-11,,,,,71.68,
2001-10-10,,,,,70.59,
2001-10-09,,,,,69.77,
2001-10-08,,,,,69.52,
2001-10-05,,,,,68.95,
2001-10-04,,,,,67.69,
2001-10-03,,,,,67.0,
2001-10-02,,,,,67.59,
2001-10-01,,,,,68.06,
2001-09-28,,,,,68.25,
2001-09-27,,,,,69.41,
2001-09-26,,,,,69.45,
2001-09-25,,,,,69.05,
2001-09-24,,,,,69.07,
2001-09-21,,,,,69.77,
2001-09-19,,,,,72.04,
2001-09-18,,,,,72.97,
2001-09-17,,,,,74.66,
2001-09-11,,,,,75.93,
2001-09-10,,,,,77.02,
2001-09-07,,,,,77.49,
2001-09-06,,,,,77.74,
2001-09-05,,,,,77.73,
2001-09-04,,,,,77.57,
2001-08-31,,,,,76.95,
2001-08-30,,,,,76.89,
2001-08-29,,,,,76.84,
2001-08-28,,,,,76.75,
2001-08-27,,,,,76.73,
2001-08-24,,,,,76.8,
2001-08-23,,,,,77.24,
2001-08-22,,,,,77.3,
2001-08-21,,,,,77.71,
2001-08-20,,,,,78.39,
2001-08-17,,,,,78.64,
2001-08-16,,,,,79.29,
2001-08-14,,,,,79.61,
2001-08-13,,,,,79.61,
2001-08-10,,,,,79.51,
2001-08-09,,,,,80.25,
2001-08-08,,,,,80.68,
2001-08-07,,,,,81.14,
2001-08-06,,,,,81.49,
2001-08-03,,,,,81.02,
2001-08-02,,,,,79.96,
2001-08-01,,,,,79.39,
2001-07-31,,,,,79.22,
2001-07-30,,,,,78.86,
2001-07-27,,,,,78.66,
2001-07-26,,,,,78.05,
2001-07-25,,,,,77.08,
2001-07-24,,,,,76.41,
2001-07-23,,,,,75.65,
2001-07-20,,,,,75.29,
2001-07-18,,,,,75.68,
2001-07-17,,,,,78.19,
2001-07-16,,,,,79.88,
2001-07-13,,,,,80.08,
2001-07-12,,,,,80.35,
2001-07-11,,,,,82.1,
2001-07-10,,,,,82.15,
2001-07-09,,,,,82.95,
2001-07-06,,,,,83.45,
2001-07-05,,,,,83.96,
2001-07-04,,,,,83.92,
2001-07-02,,,,,82.86,
2001-06-29,,,,,82.24,
2001-06-28,,,,,82.34,
2001-06-27,,,,,82.51,
2001-06-26,,,,,82.3,
2001-06-25,,,,,82.61,
2001-06-22,,,,,81.82,
2001-06-21,,,,,81.39,
2001-06-20,,,,,84.59,
2001-06-19,,,,,86.65,
2001-06-18,,,,,88.45,
2001-06-15,,,,,89.17,
2001-06-14,,,,,90.97,
2001-06-13,,,,,91.23,
2001-06-12,,,,,91.94,
2001-06-11,,,,,93.0,
2001-06-08,,,,,92.8,
2001-06-07,,,,,92.93,
2001-06-06,,,,,92.66,
2001-06-05,,,,,93.1,
2001-06-01,,,,,94.65,
2001-05-31,,,,,94.89,
2001-05-30,,,,,95.8,
2001-05-29,,,,,95.27,
2001-05-28,,,,,95.26,
2001-05-25,,,,,94.69,
2001-05-23,,,,,93.55,
2001-05-22,,,,,92.72,
2001-05-21,,,,,93.15,
2001-05-18,,,,,93.32,
2001-05-17,,,,,93.14,
2001-05-16,,,,,94.09,
2001-05-15,,,,,94.43,
2001-05-14,,,,,95.06,
2001-05-11,,,,,94.91,
2001-05-10,,,,,94.66,
2001-05-09,,,,,95.32,
2001-05-08,,,,,95.21,
2001-05-07,,,,,95.57,
2001-05-04,,,,,95.4,
2001-05-03,,,,,94.91,
2001-05-02,,,,,94.18,
2001-04-30,,,,,94.0,
2001-04-27,,,,,94.07,
2001-04-26,,,,,93.95,
2001-04-25,,,,,94.09,
2001-04-24,,,,,94.16,
2001-04-23,,,,,93.98,
2001-04-20,,,,,93.84,
2001-04-19,,,,,93.99,
2001-04-18,,,,,93.39,
2001-04-17,,,,,93.38,
2001-04-12,,,,,93.14,
2001-04-11,,,,,92.58,
2001-04-10,,,,,92.21,
2001-04-09,,,,,92.61,
2001-04-06,,,,,92.03,
2001-04-05,,,,,91.33,
2001-04-04,,,,,92.21,
2001-04-03,,,,,95.74,
2001-04-02,,,,,95.91,
2001-03-30,,,,,95.77,
2001-03-29,,,,,95.81,
2001-03-28,,,,,95.89,
2001-03-27,,,,,95.3,
2001-03-26,,,,,94.33,
2001-03-23,,,,,92.69,
2001-03-22,,,,,94.7,
2001-03-21,,,,,96.37,
2001-03-20,,,,,97.48,
2001-03-19,,,,,97.74,
2001-03-16,,,,,98.51,
2001-03-15,,,,,98.57,
2001-03-14,,,,,99.55,
2001-03-13,,,,,99.77,
2001-03-12,,,,,100.95,
2001-03-09,,,,,101.44,
2001-03-08,,,,,101.24,
2001-03-07,,,,,101.03,
2001-03-06,,,,,100.88,
2001-03-05,,,,,100.99,
2001-03-02,,,,,101.66,
2001-03-01,,,,,101.74,
2001-02-28,,,,,101.76,
2001-02-27,,,,,101.39,
2001-02-26,,,,,100.47,
2001-02-23,,,,,100.55,
2001-02-22,,,,,100.64,
2001-02-21,,,,,101.51,
2001-02-20,,,,,102.27,
2001-02-19,,,,,102.36,
2001-02-16,,,,,102.62,
2001-02-15,,,,,102.74,
2001-02-14,,,,,103.09,
2001-02-13,,,,,103.22,
2001-02-12,,,,,103.25,
2001-02-09,,,,,103.12,
2001-02-08,,,,,103.12,
2001-02-07,,,,,103.17,
2001-02-06,,,,,102.87,
2001-02-05,,,,,102.93,
2001-02-02,,,,,102.58,
2001-02-01,,,,,102.13,
2001-01-31,,,,,102.17,
2001-01-30,,,,,101.86,
2001-01-29,,,,,102.15,
2001-01-26,,,,,102.29,
2001-01-25,,,,,102.61,
2001-01-24,,,,,102.54,
2001-01-23,,,,,102.75,
2001-01-22,,,,,102.51,
2001-01-19,,,,,100.94,
2001-01-18,,,,,100.04,
2001-01-17,,,,,99.77,
2001-01-16,,,,,100.11,
2001-01-15,,,,,100.2,
2001-01-12,,,,,99.83,
2001-01-11,,,,,98.73,
2001-01-10,,,,,97.75,
2001-01-09,,,,,96.86,
2000-01-07,,,,,105.73,
2000-01-06,,,,,106.04,
2000-01-05,,,,,106.29,
2000-01-04,,,,,106.42,
2000-01-03,,,,,106.4,
1999-12-31,,,,,106.37,
1999-12-30,,,,,106.37,
1999-12-29,,,,,106.13,
1999-12-28,,,,,106.05,
1999-12-27,,,,,106.04,
1999-12-24,,,,,105.96,
1999-12-23,,,,,105.94,
1999-12-22,,,,,105.88,
1999-12-21,,,,,105.86,
1999-12-20,,,,,105.88,
1999-12-17,,,,,103.61,
1999-12-16,,,,,103.59,
1999-12-15,,,,,103.62,
1999-12-14,,,,,103.52,
1999-12-13,,,,,103.61,
1999-12-10,,,,,103.55,
1999-12-09,,,,,103.46,
1999-12-08,,,,,103.42,
1999-12-07,,,,,103.27,
1999-12-06,,,,,103.25,
1999-12-03,,,,,103.01,
1999-12-02,,,,,102.99,
1999-12-01,,,,,102.74,
1999-11-30,,,,,102.7,
1999-11-29,,,,,102.57,
1999-11-26,,,,,102.5,
1999-11-25,,,,,102.37,
1999-11-24,,,,,102.37,
1999-11-23,,,,,102.22,
1999-11-22,,,,,102.33,
1999-11-19,,,,,102.03,
1999-11-18,,,,,102.5,
1999-11-17,,,,,102.15,
1999-11-16,,,,,102.13,
1999-11-15,,,,,102.22,
1999-11-12,,,,,102.26,
1999-11-11,,,,,102.05,
1999-11-10,,,,,101.42,
1999-11-09,,,,,101.06,
1999-11-08,,,,,101.0,
1999-11-05,,,,,100.71,
1999-11-04,,,,,100.32,
1999-11-03,,,,,100.11,
1999-11-02,,,,,100.05,
1999-10-29,,,,,100.13,
1999-10-28,,,,,99.8,
1999-10-27,,,,,99.82,
1999-10-26,,,,,99.87,
1999-10-25,,,,,100.2,
1999-10-22,,,,,100.36,
1999-10-21,,,,,100.6,
1999-10-20,,,,,100.68,
1999-10-19,,,,,100.84,
1999-10-18,,,,,101.61,
1999-10-15,,,,,101.83,
1999-10-14,,,,,102.01,
1999-10-13,,,,,102.32,
1999-10-12,,,,,102.16,
1999-10-11,,,,,102.05,
1999-10-08,,,,,102.15,
1999-10-07,,,,,102.08,
1999-10-06,,,,,102.09,
1999-10-05,,,,,101.92,
1999-10-04,,,,,102.01,
1999-10-01,,,,,102.0,
1999-09-30,,,,,101.98,
1999-09-29,,,,,102.03,
1999-09-28,,,,,102.0,
1999-09-27,,,,,101.65,
1999-09-24,,,,,101.91,
1999-09-23,,,,,102.16,
1999-09-22,,,,,102.24,
1999-09-21,,,,,102.17,
1999-09-20,,,,,102.14,
1999-09-17,,,,,101.71,
1999-09-16,,,,,101.86,
1999-09-15,,,,,101.97,
1999-09-14,,,,,102.3,
1999-09-13,,,,,102.29,
1999-09-10,,,,,102.14,
1999-09-09,,,,,102.58,
1999-09-08,,,,,102.69,
1999-09-07,,,,,102.61,
1999-09-06,,,,,102.36,
1999-09-03,,,,,102.55,
1999-09-02,,,,,102.71,
1999-09-01,,,,,102.61,
1999-08-31,,,,,102.49,
1999-08-30,,,,,102.5,
1999-08-27,,,,,102.44,
1999-08-26,,,,,102.41,
1999-08-25,,,,,102.22,
1999-08-24,,,,,101.88,
1999-08-23,,,,,102.05,
1999-08-20,,,,,101.95,
1999-08-19,,,,,101.89,
1999-08-18,,,,,101.52,
1999-08-17,,,,,101.61,
1999-08-16,,,,,101.22,
1999-08-13,,,,,101.24,
1999-08-12,,,,,101.1,
1999-08-11,,,,,101.22,
1999-08-10,,,,,101.2,
1999-08-09,,,,,101.48,
1999-08-06,,,,,101.61,
1999-08-05,,,,,102.47,
1999-08-04,,,,,102.6,
1999-08-03,,,,,102.78,
1999-08-02,,,,,102.84,
1999-07-30,,,,,103.29,
1999-07-29,,,,,103.59,
1999-07-28,,,,,103.65,
1999-07-27,,,,,103.77,
1999-07-26,,,,,103.72,
1999-07-23,,,,,103.86,
1999-07-22,,,,,103.92,
1999-07-21,,,,,104.0,
1999-07-20,,,,,104.21,
1999-07-19,,,,,104.24,
1999-07-16,,,,,104.13,
1999-07-15,,,,,104.09,
1999-07-14,,,,,103.93,
1999-07-13,,,,,103.93,
1999-07-12,,,,,103.78,
1999-07-09,,,,,103.66,
1999-07-08,,,,,103.73,
1999-07-07,,,,,103.65,
1999-07-06,,,,,103.49,
1999-07-05,,,,,103.53,
1999-07-02,,,,,103.28,
1999-07-01,,,,,102.87,
1999-06-30,,,,,102.67,
1999-06-29,,,,,102.61,
1999-06-28,,,,,102.47,
1999-06-25,,,,,102.67,
1999-06-24,,,,,102.45,
1999-06-22,,,,,102.37,
1999-06-21,,,,,102.44,
1999-06-18,,,,,102.27,
1999-06-17,,,,,102.14,
1999-06-16,,,,,102.17,
1999-06-15,,,,,102.2,
1999-06-14,,,,,102.04,
1999-06-11,,,,,101.91,
1999-06-10,,,,,101.91,
1999-06-09,,,,,101.96,
1999-06-08,,,,,102.0,
1999-06-07,,,,,101.91,
1999-06-04,,,,,102.02,
1999-06-03,,,,,102.07,
1999-06-02,,,,,102.08,
1999-06-01,,,,,102.62,
1999-05-31,,,,,102.67,
1999-05-28,,,,,102.63,
1999-05-27,,,,,102.6,
1999-05-26,,,,,102.7,
1999-05-25,,,,,102.74,
1999-05-21,,,,,103.27,
1999-05-20,,,,,103.26,
1999-05-19,,,,,103.6,
1999-05-18,,,,,103.41,
1999-05-17,,,,,103.41,
1999-05-14,,,,,103.66,
1999-05-12,,,,,103.78,
1999-05-11,,,,,103.8,
1999-05-10,,,,,103.69,
1999-05-07,,,,,103.7,
1999-05-06,,,,,103.73,
1999-05-05,,,,,103.96,
1999-05-04,,,,,104.01,
1999-05-03,,,,,103.99,
1999-04-30,,,,,103.93,
1999-04-29,,,,,103.95,
1999-04-28,,,,,103.74,
1999-04-27,,,,,103.16,
1999-04-26,,,,,103.18,
1999-04-23,,,,,103.29,
1999-04-22,,,,,103.21,
1999-04-21,,,,,103.18,
1999-04-20,,,,,103.23,
1999-04-19,,,,,103.41,
1999-04-16,,,,,103.33,
1999-04-15,,,,,103.33,
1999-04-14,,,,,103.37,
1999-04-13,,,,,103.28,
1999-04-12,,,,,103.11,
1999-04-09,,,,,103.05,
1999-04-08,,,,,102.68,
1999-04-07,,,,,102.52,
1999-04-06,,,,,102.3,
1999-04-01,,,,,102.2,
1999-03-31,,,,,102.22,
1999-03-30,,,,,102.02,
1999-03-29,,,,,101.52,
1999-03-26,,,,,101.47,
1999-03-25,,,,,101.44,
1999-03-24,,,,,101.46,
1999-03-23,,,,,101.5,
1999-03-22,,,,,101.54,
1999-03-19,,,,,101.19,
1999-03-18,,,,,101.03,
1999-03-17,,,,,100.78,
1999-03-16,,,,,100.63,
1999-03-15,,,,,100.56,
1999-03-12,,,,,100.42,
1999-03-11,,,,,100.27,
1999-03-10,,,,,100.12,
1999-03-09,,,,,99.94,
1999-03-08,,,,,99.91,
1999-03-05,,,,,99.96,
1999-03-04,,,,,99.91,
1999-03-03,,,,,99.75,
1999-03-02,,,,,99.87,
1999-03-01,,,,,99.75,
1999-02-26,,,,,99.91,
1999-02-25,,,,,99.92,
1999-02-24,,,,,100.31,
1999-02-23,,,,,100.32,
1999-02-22,,,,,100.27,
1999-02-19,,,,,99.94,
1999-02-18,,,,,99.74,
1999-02-17,,,,,99.81,
1999-02-16,,,,,99.66,
1999-02-15,,,,,99.63,
1999-02-12,,,,,99.68,
1999-02-11,,,,,99.61,
1999-02-10,,,,,99.48,
1999-02-09,,,,,99.59,
1999-02-08,,,,,99.42,
1999-02-05,,,,,99.47,
1999-02-04,,,,,99.35,
1999-02-03,,,,,99.16,
1999-02-02,,,,,99.36,
1999-02-01,,,,,99.34,
1999-01-29,,,,,99.15,
1999-01-28,,,,,99.15,
1999-01-27,,,,,99.03,
1999-01-26,,,,,99.36,
1999-01-25,,,,,99.18,
1999-01-22,,,,,99.11,
1999-01-21,,,,,99.03,
1999-01-20,,,,,98.9,
1999-01-19,,,,,98.79,
1999-01-18,,,,,98.62,
1999-01-15,,,,,98.49,
1999-01-14,,,,,98.22,
1999-01-13,,,,,98.22,
1999-01-12,,,,,98.79,
1999-01-11,,,,,98.86,
